Instruction,Sysreg footprint
ABS_32_dp_1src
ABS_64_dp_1src
ADCS_32_addsub_carry
ADCS_64_addsub_carry
ADC_32_addsub_carry
ADC_64_addsub_carry
ADDS_32S_addsub_ext
ADDS_32S_addsub_imm
ADDS_32_addsub_shift
ADDS_64S_addsub_ext
ADDS_64S_addsub_imm
ADDS_64_addsub_shift
ADD_32_addsub_ext
ADD_32_addsub_imm
ADD_32_addsub_shift
ADD_64_addsub_ext
ADD_64_addsub_imm
ADD_64_addsub_shift
ADRP_only_pcreladdr
ADR_only_pcreladdr
ANDS_32S_log_imm
ANDS_32_log_shift
ANDS_64S_log_imm
ANDS_64_log_shift
AND_32_log_imm
AND_32_log_shift
AND_64_log_imm
AND_64_log_shift
ASRV_32_dp_2src
ASRV_64_dp_2src
AXFLAG_M_pstate
BC_only_condbranch,SCR_EL3 Read,TCR_EL3 Read
BFM_32M_bitfield
BFM_64M_bitfield
BICS_32_log_shift
BICS_64_log_shift
BIC_32_log_shift
BIC_64_log_shift
BLR_64_branch_reg,GCSCR_EL3 Read,SCR_EL3 Read,TCR_EL3 Read
BL_only_branch_imm,GCSCR_EL3 Read,SCR_EL3 Read,TCR_EL3 Read
BR_64_branch_reg,SCR_EL3 Read,TCR_EL3 Read
BTI_HB_hints
B_only_branch_imm,SCR_EL3 Read,TCR_EL3 Read
B_only_condbranch,SCR_EL3 Read,TCR_EL3 Read
CASAB_C32_comswap,MPAMIDR_EL1 Read,SCR_EL3 Read,SCTLR_EL3 Read,TCR_EL3 Read,MAIR_EL3 Read,MAIR2_EL3 Read,PIR_EL3 Read,SCTLR2_EL3 Read,OSLSR_EL1 Read,MDCCSR_EL0 Read
CASAH_C32_comswap,MPAMIDR_EL1 Read,SCR_EL3 Read,SCTLR_EL3 Read,TCR_EL3 Read,MAIR_EL3 Read,MAIR2_EL3 Read,PIR_EL3 Read,SCTLR2_EL3 Read,OSLSR_EL1 Read,MDCCSR_EL0 Read
CASALB_C32_comswap,MPAMIDR_EL1 Read,SCR_EL3 Read,SCTLR_EL3 Read,TCR_EL3 Read,MAIR_EL3 Read,MAIR2_EL3 Read,PIR_EL3 Read,SCTLR2_EL3 Read,OSLSR_EL1 Read,MDCCSR_EL0 Read
CASALH_C32_comswap,MPAMIDR_EL1 Read,SCR_EL3 Read,SCTLR_EL3 Read,TCR_EL3 Read,MAIR_EL3 Read,MAIR2_EL3 Read,PIR_EL3 Read,SCTLR2_EL3 Read,OSLSR_EL1 Read,MDCCSR_EL0 Read
CASAL_C32_comswap,MPAMIDR_EL1 Read,SCR_EL3 Read,SCTLR_EL3 Read,TCR_EL3 Read,MAIR_EL3 Read,MAIR2_EL3 Read,PIR_EL3 Read,SCTLR2_EL3 Read,OSLSR_EL1 Read,MDCCSR_EL0 Read
CASAL_C64_comswap,MPAMIDR_EL1 Read,SCR_EL3 Read,SCTLR_EL3 Read,TCR_EL3 Read,MAIR_EL3 Read,MAIR2_EL3 Read,PIR_EL3 Read,SCTLR2_EL3 Read,OSLSR_EL1 Read,MDCCSR_EL0 Read
CASA_C32_comswap,MPAMIDR_EL1 Read,SCR_EL3 Read,SCTLR_EL3 Read,TCR_EL3 Read,MAIR_EL3 Read,MAIR2_EL3 Read,PIR_EL3 Read,SCTLR2_EL3 Read,OSLSR_EL1 Read,MDCCSR_EL0 Read
CASA_C64_comswap,MPAMIDR_EL1 Read,SCR_EL3 Read,SCTLR_EL3 Read,TCR_EL3 Read,MAIR_EL3 Read,MAIR2_EL3 Read,PIR_EL3 Read,SCTLR2_EL3 Read,OSLSR_EL1 Read,MDCCSR_EL0 Read
CASB_C32_comswap,MPAMIDR_EL1 Read,SCR_EL3 Read,SCTLR_EL3 Read,TCR_EL3 Read,MAIR_EL3 Read,MAIR2_EL3 Read,PIR_EL3 Read,SCTLR2_EL3 Read,OSLSR_EL1 Read,MDCCSR_EL0 Read
CASH_C32_comswap,MPAMIDR_EL1 Read,SCR_EL3 Read,SCTLR_EL3 Read,TCR_EL3 Read,MAIR_EL3 Read,MAIR2_EL3 Read,PIR_EL3 Read,SCTLR2_EL3 Read,OSLSR_EL1 Read,MDCCSR_EL0 Read
CASLB_C32_comswap,MPAMIDR_EL1 Read,SCR_EL3 Read,SCTLR_EL3 Read,TCR_EL3 Read,MAIR_EL3 Read,MAIR2_EL3 Read,PIR_EL3 Read,SCTLR2_EL3 Read,OSLSR_EL1 Read,MDCCSR_EL0 Read
CASLH_C32_comswap,MPAMIDR_EL1 Read,SCR_EL3 Read,SCTLR_EL3 Read,TCR_EL3 Read,MAIR_EL3 Read,MAIR2_EL3 Read,PIR_EL3 Read,SCTLR2_EL3 Read,OSLSR_EL1 Read,MDCCSR_EL0 Read
CASL_C32_comswap,MPAMIDR_EL1 Read,SCR_EL3 Read,SCTLR_EL3 Read,TCR_EL3 Read,MAIR_EL3 Read,MAIR2_EL3 Read,PIR_EL3 Read,SCTLR2_EL3 Read,OSLSR_EL1 Read,MDCCSR_EL0 Read
CASL_C64_comswap,MPAMIDR_EL1 Read,SCR_EL3 Read,SCTLR_EL3 Read,TCR_EL3 Read,MAIR_EL3 Read,MAIR2_EL3 Read,PIR_EL3 Read,SCTLR2_EL3 Read,OSLSR_EL1 Read,MDCCSR_EL0 Read
CAS_C32_comswap,MPAMIDR_EL1 Read,SCR_EL3 Read,SCTLR_EL3 Read,TCR_EL3 Read,MAIR_EL3 Read,MAIR2_EL3 Read,PIR_EL3 Read,SCTLR2_EL3 Read,OSLSR_EL1 Read,MDCCSR_EL0 Read
CAS_C64_comswap,MPAMIDR_EL1 Read,SCR_EL3 Read,SCTLR_EL3 Read,TCR_EL3 Read,MAIR_EL3 Read,MAIR2_EL3 Read,PIR_EL3 Read,SCTLR2_EL3 Read,OSLSR_EL1 Read,MDCCSR_EL0 Read
CBNZ_32_compbranch,SCR_EL3 Read,TCR_EL3 Read
CBNZ_64_compbranch,SCR_EL3 Read,TCR_EL3 Read
CBZ_32_compbranch
CBZ_64_compbranch
CCMN_32_condcmp_imm
CCMN_32_condcmp_reg
CCMN_64_condcmp_imm
CCMN_64_condcmp_reg
CCMP_32_condcmp_imm
CCMP_32_condcmp_reg
CCMP_64_condcmp_imm
CCMP_64_condcmp_reg
CFINV_M_pstate
CHKFEAT_HF_hints,GCSCR_EL3 Read
CLRBHB_HI_hints
CLREX_BN_barriers
CLS_32_dp_1src
CLS_64_dp_1src
CLZ_32_dp_1src
CLZ_64_dp_1src
CNT_32_dp_1src
CNT_64_dp_1src
CPYFMN_CPY_memcms,MPAMIDR_EL1 Read
CPYFMRN_CPY_memcms,MPAMIDR_EL1 Read
CPYFMRTN_CPY_memcms,MPAMIDR_EL1 Read
CPYFMRTRN_CPY_memcms,MPAMIDR_EL1 Read
CPYFMRTWN_CPY_memcms,MPAMIDR_EL1 Read
CPYFMRT_CPY_memcms,MPAMIDR_EL1 Read
CPYFMTN_CPY_memcms,MPAMIDR_EL1 Read
CPYFMTRN_CPY_memcms,MPAMIDR_EL1 Read
CPYFMTWN_CPY_memcms,MPAMIDR_EL1 Read
CPYFMT_CPY_memcms,MPAMIDR_EL1 Read
CPYFMWN_CPY_memcms,MPAMIDR_EL1 Read
CPYFMWTN_CPY_memcms,MPAMIDR_EL1 Read
CPYFMWTRN_CPY_memcms,MPAMIDR_EL1 Read
CPYFMWTWN_CPY_memcms,MPAMIDR_EL1 Read
CPYFMWT_CPY_memcms,MPAMIDR_EL1 Read
CPYFM_CPY_memcms,MPAMIDR_EL1 Read
CPYFPN_CPY_memcms,MPAMIDR_EL1 Read
CPYFPRN_CPY_memcms,MPAMIDR_EL1 Read
CPYFPRTN_CPY_memcms,MPAMIDR_EL1 Read
CPYFPRTRN_CPY_memcms,MPAMIDR_EL1 Read
CPYFPRTWN_CPY_memcms,MPAMIDR_EL1 Read
CPYFPRT_CPY_memcms,MPAMIDR_EL1 Read
CPYFPTN_CPY_memcms,MPAMIDR_EL1 Read
CPYFPTRN_CPY_memcms,MPAMIDR_EL1 Read
CPYFPTWN_CPY_memcms,MPAMIDR_EL1 Read
CPYFPT_CPY_memcms,MPAMIDR_EL1 Read
CPYFPWN_CPY_memcms,MPAMIDR_EL1 Read
CPYFPWTN_CPY_memcms,MPAMIDR_EL1 Read
CPYFPWTRN_CPY_memcms,MPAMIDR_EL1 Read
CPYFPWTWN_CPY_memcms,MPAMIDR_EL1 Read
CPYFPWT_CPY_memcms,MPAMIDR_EL1 Read
CPYFP_CPY_memcms,MPAMIDR_EL1 Read
CPYMN_CPY_memcms,MPAMIDR_EL1 Read
CPYMRN_CPY_memcms,MPAMIDR_EL1 Read
CPYMRTN_CPY_memcms,MPAMIDR_EL1 Read
CPYMRTRN_CPY_memcms,MPAMIDR_EL1 Read
CPYMRTWN_CPY_memcms,MPAMIDR_EL1 Read
CPYMRT_CPY_memcms,MPAMIDR_EL1 Read
CPYMTN_CPY_memcms,MPAMIDR_EL1 Read
CPYMTRN_CPY_memcms,MPAMIDR_EL1 Read
CPYMTWN_CPY_memcms,MPAMIDR_EL1 Read
CPYMT_CPY_memcms,MPAMIDR_EL1 Read
CPYMWN_CPY_memcms,MPAMIDR_EL1 Read
CPYMWTN_CPY_memcms,MPAMIDR_EL1 Read
CPYMWTRN_CPY_memcms,MPAMIDR_EL1 Read
CPYMWTWN_CPY_memcms,MPAMIDR_EL1 Read
CPYMWT_CPY_memcms,MPAMIDR_EL1 Read
CPYM_CPY_memcms,MPAMIDR_EL1 Read
CPYPN_CPY_memcms,MPAMIDR_EL1 Read
CPYPRN_CPY_memcms,MPAMIDR_EL1 Read
CPYPRTN_CPY_memcms,MPAMIDR_EL1 Read
CPYPRTRN_CPY_memcms,MPAMIDR_EL1 Read
CPYPRTWN_CPY_memcms,MPAMIDR_EL1 Read
CPYPRT_CPY_memcms,MPAMIDR_EL1 Read
CPYPTN_CPY_memcms,MPAMIDR_EL1 Read
CPYPTRN_CPY_memcms,MPAMIDR_EL1 Read
CPYPTWN_CPY_memcms,MPAMIDR_EL1 Read
CPYPT_CPY_memcms,MPAMIDR_EL1 Read
CPYPWN_CPY_memcms,MPAMIDR_EL1 Read
CPYPWTN_CPY_memcms,MPAMIDR_EL1 Read
CPYPWTRN_CPY_memcms,MPAMIDR_EL1 Read
CPYPWTWN_CPY_memcms,MPAMIDR_EL1 Read
CPYPWT_CPY_memcms,MPAMIDR_EL1 Read
CPYP_CPY_memcms,MPAMIDR_EL1 Read
CRC32B_32C_dp_2src
CRC32CB_32C_dp_2src
CRC32CH_32C_dp_2src
CRC32CW_32C_dp_2src
CRC32CX_64C_dp_2src
CRC32H_32C_dp_2src
CRC32W_32C_dp_2src
CRC32X_64C_dp_2src
CSDB_HI_hints
CSEL_32_condsel
CSEL_64_condsel
CSINC_32_condsel
CSINC_64_condsel
CSINV_32_condsel
CSINV_64_condsel
CSNEG_32_condsel
CSNEG_64_condsel
CTZ_32_dp_1src
CTZ_64_dp_1src
DGH_HI_hints
DMB_BO_barriers
DSB_BO_barriers
DSB_BOn_barriers
EON_32_log_shift
EON_64_log_shift
EOR_32_log_imm
EOR_32_log_shift
EOR_64_log_imm
EOR_64_log_shift
ERET_64E_branch_reg,ELR_EL3 Read,SP_EL0 Read,SPSR_EL3 Read,SCTLR_EL3 Read,SCR_EL3 Read,MDCCSR_EL0 Read,OSLSR_EL1 Read,MDSCR_EL1 Read,TCR_EL3 Read,HCR_EL2 Read,MDCR_EL2 Read,TCR_EL1 Read,TCR_EL2 Read,GCSCR_EL3 Read,SCTLR_EL1 Read
ESB_HI_hints,SCR_EL3 Read,MDCCSR_EL0 Read,HCRX_EL2 Read,DISR_EL1 Write,SCTLR_EL3 Read,HCR_EL2 Read,MDCR_EL2 Read
EXTR_32_extract
EXTR_64_extract
FABS_D_floatdp1,CPTR_EL3 Read,FPCR Read,SMCR_EL3 Read,ZCR_EL3 Read,SCR_EL3 Read
FABS_H_floatdp1,CPTR_EL3 Read,FPCR Read,SMCR_EL3 Read,ZCR_EL3 Read,SCR_EL3 Read
FABS_S_floatdp1,CPTR_EL3 Read,FPCR Read,SMCR_EL3 Read,ZCR_EL3 Read,SCR_EL3 Read
FCCMPE_D_floatccmp,CPTR_EL3 Read
FCCMPE_H_floatccmp,CPTR_EL3 Read
FCCMPE_S_floatccmp,CPTR_EL3 Read
FCCMP_D_floatccmp,CPTR_EL3 Read
FCCMP_H_floatccmp,CPTR_EL3 Read
FCCMP_S_floatccmp,CPTR_EL3 Read
FCSEL_D_floatsel,CPTR_EL3 Read,SMCR_EL3 Read,ZCR_EL3 Read,SCR_EL3 Read
FCSEL_H_floatsel,CPTR_EL3 Read,SMCR_EL3 Read,ZCR_EL3 Read,SCR_EL3 Read
FCSEL_S_floatsel,CPTR_EL3 Read,SMCR_EL3 Read,ZCR_EL3 Read,SCR_EL3 Read
FMOV_32H_float2int,CPTR_EL3 Read,FPCR Read
FMOV_32S_float2int,CPTR_EL3 Read,FPCR Read
FMOV_64D_float2int,CPTR_EL3 Read,FPCR Read
FMOV_64H_float2int,CPTR_EL3 Read,FPCR Read
FMOV_64VX_float2int,CPTR_EL3 Read,FPCR Read
FMOV_D64_float2int,CPTR_EL3 Read,FPCR Read,SMCR_EL3 Read,ZCR_EL3 Read,SCR_EL3 Read
FMOV_D_floatdp1,CPTR_EL3 Read,FPCR Read,SMCR_EL3 Read,ZCR_EL3 Read,SCR_EL3 Read
FMOV_D_floatimm,CPTR_EL3 Read,SMCR_EL3 Read,ZCR_EL3 Read,SCR_EL3 Read
FMOV_H32_float2int,CPTR_EL3 Read,FPCR Read,SMCR_EL3 Read,ZCR_EL3 Read,SCR_EL3 Read
FMOV_H64_float2int,CPTR_EL3 Read,FPCR Read,SMCR_EL3 Read,ZCR_EL3 Read,SCR_EL3 Read
FMOV_H_floatdp1,CPTR_EL3 Read,FPCR Read,SMCR_EL3 Read,ZCR_EL3 Read,SCR_EL3 Read
FMOV_H_floatimm,CPTR_EL3 Read,SMCR_EL3 Read,ZCR_EL3 Read,SCR_EL3 Read
FMOV_S32_float2int,CPTR_EL3 Read,FPCR Read,SMCR_EL3 Read,ZCR_EL3 Read,SCR_EL3 Read
FMOV_S_floatdp1,CPTR_EL3 Read,FPCR Read,SMCR_EL3 Read,ZCR_EL3 Read,SCR_EL3 Read
FMOV_S_floatimm,CPTR_EL3 Read,SMCR_EL3 Read,ZCR_EL3 Read,SCR_EL3 Read
FMOV_V64I_float2int,CPTR_EL3 Read,FPCR Read,SMCR_EL3 Read,ZCR_EL3 Read,SCR_EL3 Read
FNEG_D_floatdp1,CPTR_EL3 Read,FPCR Read,SMCR_EL3 Read,ZCR_EL3 Read,SCR_EL3 Read
FNEG_H_floatdp1,CPTR_EL3 Read,FPCR Read,SMCR_EL3 Read,ZCR_EL3 Read,SCR_EL3 Read
FNEG_S_floatdp1,CPTR_EL3 Read,FPCR Read,SMCR_EL3 Read,ZCR_EL3 Read,SCR_EL3 Read
ISB_BI_barriers
LDADDAB_32_memop,MPAMIDR_EL1 Read,SCR_EL3 Read,SCTLR_EL3 Read,TCR_EL3 Read,MAIR_EL3 Read,MAIR2_EL3 Read,PIR_EL3 Read,SCTLR2_EL3 Read,OSLSR_EL1 Read,MDCCSR_EL0 Read
LDADDAH_32_memop,MPAMIDR_EL1 Read,SCR_EL3 Read,SCTLR_EL3 Read,TCR_EL3 Read,MAIR_EL3 Read,MAIR2_EL3 Read,PIR_EL3 Read,SCTLR2_EL3 Read,OSLSR_EL1 Read,MDCCSR_EL0 Read
LDADDALB_32_memop,MPAMIDR_EL1 Read,SCR_EL3 Read,SCTLR_EL3 Read,TCR_EL3 Read,MAIR_EL3 Read,MAIR2_EL3 Read,PIR_EL3 Read,SCTLR2_EL3 Read,OSLSR_EL1 Read,MDCCSR_EL0 Read
LDADDALH_32_memop,MPAMIDR_EL1 Read,SCR_EL3 Read,SCTLR_EL3 Read,TCR_EL3 Read,MAIR_EL3 Read,MAIR2_EL3 Read,PIR_EL3 Read,SCTLR2_EL3 Read,OSLSR_EL1 Read,MDCCSR_EL0 Read
LDADDAL_32_memop,MPAMIDR_EL1 Read,SCR_EL3 Read,SCTLR_EL3 Read,TCR_EL3 Read,MAIR_EL3 Read,MAIR2_EL3 Read,PIR_EL3 Read,SCTLR2_EL3 Read,OSLSR_EL1 Read,MDCCSR_EL0 Read
LDADDAL_64_memop,MPAMIDR_EL1 Read,SCR_EL3 Read,SCTLR_EL3 Read,TCR_EL3 Read,MAIR_EL3 Read,MAIR2_EL3 Read,PIR_EL3 Read,SCTLR2_EL3 Read,OSLSR_EL1 Read,MDCCSR_EL0 Read
LDADDA_32_memop,MPAMIDR_EL1 Read,SCR_EL3 Read,SCTLR_EL3 Read,TCR_EL3 Read,MAIR_EL3 Read,MAIR2_EL3 Read,PIR_EL3 Read,SCTLR2_EL3 Read,OSLSR_EL1 Read,MDCCSR_EL0 Read
LDADDA_64_memop,MPAMIDR_EL1 Read,SCR_EL3 Read,SCTLR_EL3 Read,TCR_EL3 Read,MAIR_EL3 Read,MAIR2_EL3 Read,PIR_EL3 Read,SCTLR2_EL3 Read,OSLSR_EL1 Read,MDCCSR_EL0 Read
LDADDB_32_memop,MPAMIDR_EL1 Read,SCR_EL3 Read,SCTLR_EL3 Read,TCR_EL3 Read,MAIR_EL3 Read,MAIR2_EL3 Read,PIR_EL3 Read,SCTLR2_EL3 Read,OSLSR_EL1 Read,MDCCSR_EL0 Read
LDADDH_32_memop,MPAMIDR_EL1 Read,SCR_EL3 Read,SCTLR_EL3 Read,TCR_EL3 Read,MAIR_EL3 Read,MAIR2_EL3 Read,PIR_EL3 Read,SCTLR2_EL3 Read,OSLSR_EL1 Read,MDCCSR_EL0 Read
LDADDLB_32_memop,MPAMIDR_EL1 Read,SCR_EL3 Read,SCTLR_EL3 Read,TCR_EL3 Read,MAIR_EL3 Read,MAIR2_EL3 Read,PIR_EL3 Read,SCTLR2_EL3 Read,OSLSR_EL1 Read,MDCCSR_EL0 Read
LDADDLH_32_memop,MPAMIDR_EL1 Read,SCR_EL3 Read,SCTLR_EL3 Read,TCR_EL3 Read,MAIR_EL3 Read,MAIR2_EL3 Read,PIR_EL3 Read,SCTLR2_EL3 Read,OSLSR_EL1 Read,MDCCSR_EL0 Read
LDADDL_32_memop,MPAMIDR_EL1 Read,SCR_EL3 Read,SCTLR_EL3 Read,TCR_EL3 Read,MAIR_EL3 Read,MAIR2_EL3 Read,PIR_EL3 Read,SCTLR2_EL3 Read,OSLSR_EL1 Read,MDCCSR_EL0 Read
LDADDL_64_memop,MPAMIDR_EL1 Read,SCR_EL3 Read,SCTLR_EL3 Read,TCR_EL3 Read,MAIR_EL3 Read,MAIR2_EL3 Read,PIR_EL3 Read,SCTLR2_EL3 Read,OSLSR_EL1 Read,MDCCSR_EL0 Read
LDADD_32_memop,MPAMIDR_EL1 Read,SCR_EL3 Read,SCTLR_EL3 Read,TCR_EL3 Read,MAIR_EL3 Read,MAIR2_EL3 Read,PIR_EL3 Read,SCTLR2_EL3 Read,OSLSR_EL1 Read,MDCCSR_EL0 Read
LDADD_64_memop,MPAMIDR_EL1 Read,SCR_EL3 Read,SCTLR_EL3 Read,TCR_EL3 Read,MAIR_EL3 Read,MAIR2_EL3 Read,PIR_EL3 Read,SCTLR2_EL3 Read,OSLSR_EL1 Read,MDCCSR_EL0 Read
LDAPRB_32L_memop,MPAMIDR_EL1 Read,SCR_EL3 Read,SCTLR_EL3 Read,TCR_EL3 Read,MAIR_EL3 Read,MAIR2_EL3 Read,PIR_EL3 Read,SCTLR2_EL3 Read,OSLSR_EL1 Read,MDCCSR_EL0 Read
LDAPRH_32L_memop,MPAMIDR_EL1 Read,SCR_EL3 Read,SCTLR_EL3 Read,TCR_EL3 Read,MAIR_EL3 Read,MAIR2_EL3 Read,PIR_EL3 Read,SCTLR2_EL3 Read,OSLSR_EL1 Read,MDCCSR_EL0 Read
LDAPR_32L_ldapstl_writeback,MPAMIDR_EL1 Read,SCR_EL3 Read,SCTLR_EL3 Read,TCR_EL3 Read,MAIR_EL3 Read,MAIR2_EL3 Read,PIR_EL3 Read,SCTLR2_EL3 Read,OSLSR_EL1 Read,MDCCSR_EL0 Read
LDAPR_32L_memop,MPAMIDR_EL1 Read,SCR_EL3 Read,SCTLR_EL3 Read,TCR_EL3 Read,MAIR_EL3 Read,MAIR2_EL3 Read,PIR_EL3 Read,SCTLR2_EL3 Read,OSLSR_EL1 Read,MDCCSR_EL0 Read
LDAPR_64L_ldapstl_writeback,MPAMIDR_EL1 Read,SCR_EL3 Read,SCTLR_EL3 Read,TCR_EL3 Read,MAIR_EL3 Read,MAIR2_EL3 Read,PIR_EL3 Read,SCTLR2_EL3 Read,OSLSR_EL1 Read,MDCCSR_EL0 Read
LDAPR_64L_memop,MPAMIDR_EL1 Read,SCR_EL3 Read,SCTLR_EL3 Read,TCR_EL3 Read,MAIR_EL3 Read,MAIR2_EL3 Read,PIR_EL3 Read,SCTLR2_EL3 Read,OSLSR_EL1 Read,MDCCSR_EL0 Read
LDAPURB_32_ldapstl_unscaled,MPAMIDR_EL1 Read,SCR_EL3 Read,SCTLR_EL3 Read,TCR_EL3 Read,MAIR_EL3 Read,MAIR2_EL3 Read,PIR_EL3 Read,SCTLR2_EL3 Read,OSLSR_EL1 Read,MDCCSR_EL0 Read
LDAPURH_32_ldapstl_unscaled,MPAMIDR_EL1 Read,SCR_EL3 Read,SCTLR_EL3 Read,TCR_EL3 Read,MAIR_EL3 Read,MAIR2_EL3 Read,PIR_EL3 Read,SCTLR2_EL3 Read,OSLSR_EL1 Read,MDCCSR_EL0 Read
LDAPURSB_32_ldapstl_unscaled,MPAMIDR_EL1 Read,SCR_EL3 Read,SCTLR_EL3 Read,TCR_EL3 Read,MAIR_EL3 Read,MAIR2_EL3 Read,PIR_EL3 Read,SCTLR2_EL3 Read,OSLSR_EL1 Read,MDCCSR_EL0 Read
LDAPURSB_64_ldapstl_unscaled,MPAMIDR_EL1 Read,SCR_EL3 Read,SCTLR_EL3 Read,TCR_EL3 Read,MAIR_EL3 Read,MAIR2_EL3 Read,PIR_EL3 Read,SCTLR2_EL3 Read,OSLSR_EL1 Read,MDCCSR_EL0 Read
LDAPURSH_32_ldapstl_unscaled,MPAMIDR_EL1 Read,SCR_EL3 Read,SCTLR_EL3 Read,TCR_EL3 Read,MAIR_EL3 Read,MAIR2_EL3 Read,PIR_EL3 Read,SCTLR2_EL3 Read,OSLSR_EL1 Read,MDCCSR_EL0 Read
LDAPURSH_64_ldapstl_unscaled,MPAMIDR_EL1 Read,SCR_EL3 Read,SCTLR_EL3 Read,TCR_EL3 Read,MAIR_EL3 Read,MAIR2_EL3 Read,PIR_EL3 Read,SCTLR2_EL3 Read,OSLSR_EL1 Read,MDCCSR_EL0 Read
LDAPURSW_64_ldapstl_unscaled,MPAMIDR_EL1 Read,SCR_EL3 Read,SCTLR_EL3 Read,TCR_EL3 Read,MAIR_EL3 Read,MAIR2_EL3 Read,PIR_EL3 Read,SCTLR2_EL3 Read,OSLSR_EL1 Read,MDCCSR_EL0 Read
LDAPUR_32_ldapstl_unscaled,MPAMIDR_EL1 Read,SCR_EL3 Read,SCTLR_EL3 Read,TCR_EL3 Read,MAIR_EL3 Read,MAIR2_EL3 Read,PIR_EL3 Read,SCTLR2_EL3 Read,OSLSR_EL1 Read,MDCCSR_EL0 Read
LDAPUR_64_ldapstl_unscaled,MPAMIDR_EL1 Read,SCR_EL3 Read,SCTLR_EL3 Read,TCR_EL3 Read,MAIR_EL3 Read,MAIR2_EL3 Read,PIR_EL3 Read,SCTLR2_EL3 Read,OSLSR_EL1 Read,MDCCSR_EL0 Read
LDAPUR_B_ldapstl_simd,CPTR_EL3 Read,MPAMIDR_EL1 Read,SCR_EL3 Read,SCTLR_EL3 Read,TCR_EL3 Read,MAIR_EL3 Read,MAIR2_EL3 Read,PIR_EL3 Read,SCTLR2_EL3 Read,OSLSR_EL1 Read,MDCCSR_EL0 Read,SMCR_EL3 Read,ZCR_EL3 Read
LDAPUR_D_ldapstl_simd,CPTR_EL3 Read,MPAMIDR_EL1 Read,SCR_EL3 Read,SCTLR_EL3 Read,TCR_EL3 Read,MAIR_EL3 Read,MAIR2_EL3 Read,PIR_EL3 Read,SCTLR2_EL3 Read,OSLSR_EL1 Read,MDCCSR_EL0 Read,SMCR_EL3 Read,ZCR_EL3 Read
LDAPUR_H_ldapstl_simd,CPTR_EL3 Read,MPAMIDR_EL1 Read,SCR_EL3 Read,SCTLR_EL3 Read,TCR_EL3 Read,MAIR_EL3 Read,MAIR2_EL3 Read,PIR_EL3 Read,SCTLR2_EL3 Read,OSLSR_EL1 Read,MDCCSR_EL0 Read,SMCR_EL3 Read,ZCR_EL3 Read
LDAPUR_Q_ldapstl_simd,CPTR_EL3 Read,MPAMIDR_EL1 Read,SCR_EL3 Read,SCTLR_EL3 Read,TCR_EL3 Read,MAIR_EL3 Read,MAIR2_EL3 Read,PIR_EL3 Read,SCTLR2_EL3 Read,OSLSR_EL1 Read,MDCCSR_EL0 Read,SMCR_EL3 Read,ZCR_EL3 Read
LDAPUR_S_ldapstl_simd,CPTR_EL3 Read,MPAMIDR_EL1 Read,SCR_EL3 Read,SCTLR_EL3 Read,TCR_EL3 Read,MAIR_EL3 Read,MAIR2_EL3 Read,PIR_EL3 Read,SCTLR2_EL3 Read,OSLSR_EL1 Read,MDCCSR_EL0 Read,SMCR_EL3 Read,ZCR_EL3 Read
LDARB_LR32_ldstord,MPAMIDR_EL1 Read,SCR_EL3 Read,SCTLR_EL3 Read,TCR_EL3 Read,MAIR_EL3 Read,MAIR2_EL3 Read,PIR_EL3 Read,SCTLR2_EL3 Read,OSLSR_EL1 Read,MDCCSR_EL0 Read
LDARH_LR32_ldstord,MPAMIDR_EL1 Read,SCR_EL3 Read,SCTLR_EL3 Read,TCR_EL3 Read,MAIR_EL3 Read,MAIR2_EL3 Read,PIR_EL3 Read,SCTLR2_EL3 Read,OSLSR_EL1 Read,MDCCSR_EL0 Read
LDAR_LR32_ldstord,MPAMIDR_EL1 Read,SCR_EL3 Read,SCTLR_EL3 Read,TCR_EL3 Read,MAIR_EL3 Read,MAIR2_EL3 Read,PIR_EL3 Read,SCTLR2_EL3 Read,OSLSR_EL1 Read,MDCCSR_EL0 Read
LDAR_LR64_ldstord,MPAMIDR_EL1 Read,SCR_EL3 Read,SCTLR_EL3 Read,TCR_EL3 Read,MAIR_EL3 Read,MAIR2_EL3 Read,PIR_EL3 Read,SCTLR2_EL3 Read,OSLSR_EL1 Read,MDCCSR_EL0 Read
LDAXP_LP32_ldstexclp,MPAMIDR_EL1 Read,SCR_EL3 Read,SCTLR_EL3 Read,TCR_EL3 Read,MAIR_EL3 Read,MAIR2_EL3 Read,PIR_EL3 Read,SCTLR2_EL3 Read,OSLSR_EL1 Read,MDCCSR_EL0 Read
LDAXP_LP64_ldstexclp,MPAMIDR_EL1 Read,SCR_EL3 Read,SCTLR_EL3 Read,TCR_EL3 Read,MAIR_EL3 Read,MAIR2_EL3 Read,PIR_EL3 Read,SCTLR2_EL3 Read,OSLSR_EL1 Read,MDCCSR_EL0 Read
LDAXRB_LR32_ldstexclr,MPAMIDR_EL1 Read,SCR_EL3 Read,SCTLR_EL3 Read,TCR_EL3 Read,MAIR_EL3 Read,MAIR2_EL3 Read,PIR_EL3 Read,SCTLR2_EL3 Read,OSLSR_EL1 Read,MDCCSR_EL0 Read
LDAXRH_LR32_ldstexclr,MPAMIDR_EL1 Read,SCR_EL3 Read,SCTLR_EL3 Read,TCR_EL3 Read,MAIR_EL3 Read,MAIR2_EL3 Read,PIR_EL3 Read,SCTLR2_EL3 Read,OSLSR_EL1 Read,MDCCSR_EL0 Read
LDAXR_LR32_ldstexclr,MPAMIDR_EL1 Read,SCR_EL3 Read,SCTLR_EL3 Read,TCR_EL3 Read,MAIR_EL3 Read,MAIR2_EL3 Read,PIR_EL3 Read,SCTLR2_EL3 Read,OSLSR_EL1 Read,MDCCSR_EL0 Read
LDAXR_LR64_ldstexclr,MPAMIDR_EL1 Read,SCR_EL3 Read,SCTLR_EL3 Read,TCR_EL3 Read,MAIR_EL3 Read,MAIR2_EL3 Read,PIR_EL3 Read,SCTLR2_EL3 Read,OSLSR_EL1 Read,MDCCSR_EL0 Read
LDCLRAB_32_memop,MPAMIDR_EL1 Read,SCR_EL3 Read,SCTLR_EL3 Read,TCR_EL3 Read,MAIR_EL3 Read,MAIR2_EL3 Read,PIR_EL3 Read,SCTLR2_EL3 Read,OSLSR_EL1 Read,MDCCSR_EL0 Read
LDCLRAH_32_memop,MPAMIDR_EL1 Read,SCR_EL3 Read,SCTLR_EL3 Read,TCR_EL3 Read,MAIR_EL3 Read,MAIR2_EL3 Read,PIR_EL3 Read,SCTLR2_EL3 Read,OSLSR_EL1 Read,MDCCSR_EL0 Read
LDCLRALB_32_memop,MPAMIDR_EL1 Read,SCR_EL3 Read,SCTLR_EL3 Read,TCR_EL3 Read,MAIR_EL3 Read,MAIR2_EL3 Read,PIR_EL3 Read,SCTLR2_EL3 Read,OSLSR_EL1 Read,MDCCSR_EL0 Read
LDCLRALH_32_memop,MPAMIDR_EL1 Read,SCR_EL3 Read,SCTLR_EL3 Read,TCR_EL3 Read,MAIR_EL3 Read,MAIR2_EL3 Read,PIR_EL3 Read,SCTLR2_EL3 Read,OSLSR_EL1 Read,MDCCSR_EL0 Read
LDCLRAL_32_memop,MPAMIDR_EL1 Read,SCR_EL3 Read,SCTLR_EL3 Read,TCR_EL3 Read,MAIR_EL3 Read,MAIR2_EL3 Read,PIR_EL3 Read,SCTLR2_EL3 Read,OSLSR_EL1 Read,MDCCSR_EL0 Read
LDCLRAL_64_memop,MPAMIDR_EL1 Read,SCR_EL3 Read,SCTLR_EL3 Read,TCR_EL3 Read,MAIR_EL3 Read,MAIR2_EL3 Read,PIR_EL3 Read,SCTLR2_EL3 Read,OSLSR_EL1 Read,MDCCSR_EL0 Read
LDCLRA_32_memop,MPAMIDR_EL1 Read,SCR_EL3 Read,SCTLR_EL3 Read,TCR_EL3 Read,MAIR_EL3 Read,MAIR2_EL3 Read,PIR_EL3 Read,SCTLR2_EL3 Read,OSLSR_EL1 Read,MDCCSR_EL0 Read
LDCLRA_64_memop,MPAMIDR_EL1 Read,SCR_EL3 Read,SCTLR_EL3 Read,TCR_EL3 Read,MAIR_EL3 Read,MAIR2_EL3 Read,PIR_EL3 Read,SCTLR2_EL3 Read,OSLSR_EL1 Read,MDCCSR_EL0 Read
LDCLRB_32_memop,MPAMIDR_EL1 Read,SCR_EL3 Read,SCTLR_EL3 Read,TCR_EL3 Read,MAIR_EL3 Read,MAIR2_EL3 Read,PIR_EL3 Read,SCTLR2_EL3 Read,OSLSR_EL1 Read,MDCCSR_EL0 Read
LDCLRH_32_memop,MPAMIDR_EL1 Read,SCR_EL3 Read,SCTLR_EL3 Read,TCR_EL3 Read,MAIR_EL3 Read,MAIR2_EL3 Read,PIR_EL3 Read,SCTLR2_EL3 Read,OSLSR_EL1 Read,MDCCSR_EL0 Read
LDCLRLB_32_memop,MPAMIDR_EL1 Read,SCR_EL3 Read,SCTLR_EL3 Read,TCR_EL3 Read,MAIR_EL3 Read,MAIR2_EL3 Read,PIR_EL3 Read,SCTLR2_EL3 Read,OSLSR_EL1 Read,MDCCSR_EL0 Read
LDCLRLH_32_memop,MPAMIDR_EL1 Read,SCR_EL3 Read,SCTLR_EL3 Read,TCR_EL3 Read,MAIR_EL3 Read,MAIR2_EL3 Read,PIR_EL3 Read,SCTLR2_EL3 Read,OSLSR_EL1 Read,MDCCSR_EL0 Read
LDCLRL_32_memop,MPAMIDR_EL1 Read,SCR_EL3 Read,SCTLR_EL3 Read,TCR_EL3 Read,MAIR_EL3 Read,MAIR2_EL3 Read,PIR_EL3 Read,SCTLR2_EL3 Read,OSLSR_EL1 Read,MDCCSR_EL0 Read
LDCLRL_64_memop,MPAMIDR_EL1 Read,SCR_EL3 Read,SCTLR_EL3 Read,TCR_EL3 Read,MAIR_EL3 Read,MAIR2_EL3 Read,PIR_EL3 Read,SCTLR2_EL3 Read,OSLSR_EL1 Read,MDCCSR_EL0 Read
LDCLR_32_memop,MPAMIDR_EL1 Read,SCR_EL3 Read,SCTLR_EL3 Read,TCR_EL3 Read,MAIR_EL3 Read,MAIR2_EL3 Read,PIR_EL3 Read,SCTLR2_EL3 Read,OSLSR_EL1 Read,MDCCSR_EL0 Read
LDCLR_64_memop,MPAMIDR_EL1 Read,SCR_EL3 Read,SCTLR_EL3 Read,TCR_EL3 Read,MAIR_EL3 Read,MAIR2_EL3 Read,PIR_EL3 Read,SCTLR2_EL3 Read,OSLSR_EL1 Read,MDCCSR_EL0 Read
LDEORAB_32_memop,MPAMIDR_EL1 Read,SCR_EL3 Read,SCTLR_EL3 Read,TCR_EL3 Read,MAIR_EL3 Read,MAIR2_EL3 Read,PIR_EL3 Read,SCTLR2_EL3 Read,OSLSR_EL1 Read,MDCCSR_EL0 Read
LDEORAH_32_memop,MPAMIDR_EL1 Read,SCR_EL3 Read,SCTLR_EL3 Read,TCR_EL3 Read,MAIR_EL3 Read,MAIR2_EL3 Read,PIR_EL3 Read,SCTLR2_EL3 Read,OSLSR_EL1 Read,MDCCSR_EL0 Read
LDEORALB_32_memop,MPAMIDR_EL1 Read,SCR_EL3 Read,SCTLR_EL3 Read,TCR_EL3 Read,MAIR_EL3 Read,MAIR2_EL3 Read,PIR_EL3 Read,SCTLR2_EL3 Read,OSLSR_EL1 Read,MDCCSR_EL0 Read
LDEORALH_32_memop,MPAMIDR_EL1 Read,SCR_EL3 Read,SCTLR_EL3 Read,TCR_EL3 Read,MAIR_EL3 Read,MAIR2_EL3 Read,PIR_EL3 Read,SCTLR2_EL3 Read,OSLSR_EL1 Read,MDCCSR_EL0 Read
LDEORAL_32_memop,MPAMIDR_EL1 Read,SCR_EL3 Read,SCTLR_EL3 Read,TCR_EL3 Read,MAIR_EL3 Read,MAIR2_EL3 Read,PIR_EL3 Read,SCTLR2_EL3 Read,OSLSR_EL1 Read,MDCCSR_EL0 Read
LDEORAL_64_memop,MPAMIDR_EL1 Read,SCR_EL3 Read,SCTLR_EL3 Read,TCR_EL3 Read,MAIR_EL3 Read,MAIR2_EL3 Read,PIR_EL3 Read,SCTLR2_EL3 Read,OSLSR_EL1 Read,MDCCSR_EL0 Read
LDEORA_32_memop,MPAMIDR_EL1 Read,SCR_EL3 Read,SCTLR_EL3 Read,TCR_EL3 Read,MAIR_EL3 Read,MAIR2_EL3 Read,PIR_EL3 Read,SCTLR2_EL3 Read,OSLSR_EL1 Read,MDCCSR_EL0 Read
LDEORA_64_memop,MPAMIDR_EL1 Read,SCR_EL3 Read,SCTLR_EL3 Read,TCR_EL3 Read,MAIR_EL3 Read,MAIR2_EL3 Read,PIR_EL3 Read,SCTLR2_EL3 Read,OSLSR_EL1 Read,MDCCSR_EL0 Read
LDEORB_32_memop,MPAMIDR_EL1 Read,SCR_EL3 Read,SCTLR_EL3 Read,TCR_EL3 Read,MAIR_EL3 Read,MAIR2_EL3 Read,PIR_EL3 Read,SCTLR2_EL3 Read,OSLSR_EL1 Read,MDCCSR_EL0 Read
LDEORH_32_memop,MPAMIDR_EL1 Read,SCR_EL3 Read,SCTLR_EL3 Read,TCR_EL3 Read,MAIR_EL3 Read,MAIR2_EL3 Read,PIR_EL3 Read,SCTLR2_EL3 Read,OSLSR_EL1 Read,MDCCSR_EL0 Read
LDEORLB_32_memop,MPAMIDR_EL1 Read,SCR_EL3 Read,SCTLR_EL3 Read,TCR_EL3 Read,MAIR_EL3 Read,MAIR2_EL3 Read,PIR_EL3 Read,SCTLR2_EL3 Read,OSLSR_EL1 Read,MDCCSR_EL0 Read
LDEORLH_32_memop,MPAMIDR_EL1 Read,SCR_EL3 Read,SCTLR_EL3 Read,TCR_EL3 Read,MAIR_EL3 Read,MAIR2_EL3 Read,PIR_EL3 Read,SCTLR2_EL3 Read,OSLSR_EL1 Read,MDCCSR_EL0 Read
LDEORL_32_memop,MPAMIDR_EL1 Read,SCR_EL3 Read,SCTLR_EL3 Read,TCR_EL3 Read,MAIR_EL3 Read,MAIR2_EL3 Read,PIR_EL3 Read,SCTLR2_EL3 Read,OSLSR_EL1 Read,MDCCSR_EL0 Read
LDEORL_64_memop,MPAMIDR_EL1 Read,SCR_EL3 Read,SCTLR_EL3 Read,TCR_EL3 Read,MAIR_EL3 Read,MAIR2_EL3 Read,PIR_EL3 Read,SCTLR2_EL3 Read,OSLSR_EL1 Read,MDCCSR_EL0 Read
LDEOR_32_memop,MPAMIDR_EL1 Read,SCR_EL3 Read,SCTLR_EL3 Read,TCR_EL3 Read,MAIR_EL3 Read,MAIR2_EL3 Read,PIR_EL3 Read,SCTLR2_EL3 Read,OSLSR_EL1 Read,MDCCSR_EL0 Read
LDEOR_64_memop,MPAMIDR_EL1 Read,SCR_EL3 Read,SCTLR_EL3 Read,TCR_EL3 Read,MAIR_EL3 Read,MAIR2_EL3 Read,PIR_EL3 Read,SCTLR2_EL3 Read,OSLSR_EL1 Read,MDCCSR_EL0 Read
LDLARB_LR32_ldstord,MPAMIDR_EL1 Read,SCR_EL3 Read,SCTLR_EL3 Read,TCR_EL3 Read,MAIR_EL3 Read,MAIR2_EL3 Read,PIR_EL3 Read,SCTLR2_EL3 Read,OSLSR_EL1 Read,MDCCSR_EL0 Read
LDLARH_LR32_ldstord,MPAMIDR_EL1 Read,SCR_EL3 Read,SCTLR_EL3 Read,TCR_EL3 Read,MAIR_EL3 Read,MAIR2_EL3 Read,PIR_EL3 Read,SCTLR2_EL3 Read,OSLSR_EL1 Read,MDCCSR_EL0 Read
LDLAR_LR32_ldstord,MPAMIDR_EL1 Read,SCR_EL3 Read,SCTLR_EL3 Read,TCR_EL3 Read,MAIR_EL3 Read,MAIR2_EL3 Read,PIR_EL3 Read,SCTLR2_EL3 Read,OSLSR_EL1 Read,MDCCSR_EL0 Read
LDLAR_LR64_ldstord,MPAMIDR_EL1 Read,SCR_EL3 Read,SCTLR_EL3 Read,TCR_EL3 Read,MAIR_EL3 Read,MAIR2_EL3 Read,PIR_EL3 Read,SCTLR2_EL3 Read,OSLSR_EL1 Read,MDCCSR_EL0 Read
LDNP_32_ldstnapair_offs,MPAMIDR_EL1 Read,SCR_EL3 Read,SCTLR_EL3 Read,TCR_EL3 Read,MAIR_EL3 Read,MAIR2_EL3 Read,PIR_EL3 Read,SCTLR2_EL3 Read,OSLSR_EL1 Read,MDCCSR_EL0 Read
LDNP_64_ldstnapair_offs,MPAMIDR_EL1 Read,SCR_EL3 Read,SCTLR_EL3 Read,TCR_EL3 Read,MAIR_EL3 Read,MAIR2_EL3 Read,PIR_EL3 Read,SCTLR2_EL3 Read,OSLSR_EL1 Read,MDCCSR_EL0 Read
LDNP_D_ldstnapair_offs,CPTR_EL3 Read,MPAMIDR_EL1 Read,SCR_EL3 Read,SCTLR_EL3 Read,TCR_EL3 Read,MAIR_EL3 Read,MAIR2_EL3 Read,PIR_EL3 Read,SCTLR2_EL3 Read,OSLSR_EL1 Read,MDCCSR_EL0 Read,SMCR_EL3 Read,ZCR_EL3 Read
LDNP_Q_ldstnapair_offs,CPTR_EL3 Read,MPAMIDR_EL1 Read,SCR_EL3 Read,SCTLR_EL3 Read,TCR_EL3 Read,MAIR_EL3 Read,MAIR2_EL3 Read,PIR_EL3 Read,SCTLR2_EL3 Read,OSLSR_EL1 Read,MDCCSR_EL0 Read,SMCR_EL3 Read,ZCR_EL3 Read
LDNP_S_ldstnapair_offs,CPTR_EL3 Read,MPAMIDR_EL1 Read,SCR_EL3 Read,SCTLR_EL3 Read,TCR_EL3 Read,MAIR_EL3 Read,MAIR2_EL3 Read,PIR_EL3 Read,SCTLR2_EL3 Read,OSLSR_EL1 Read,MDCCSR_EL0 Read,SMCR_EL3 Read,ZCR_EL3 Read
LDPSW_64_ldstpair_off,MPAMIDR_EL1 Read,SCR_EL3 Read,SCTLR_EL3 Read,TCR_EL3 Read,MAIR_EL3 Read,MAIR2_EL3 Read,PIR_EL3 Read,SCTLR2_EL3 Read,OSLSR_EL1 Read,MDCCSR_EL0 Read
LDPSW_64_ldstpair_post,MPAMIDR_EL1 Read,SCR_EL3 Read,SCTLR_EL3 Read,TCR_EL3 Read,MAIR_EL3 Read,MAIR2_EL3 Read,PIR_EL3 Read,SCTLR2_EL3 Read,OSLSR_EL1 Read,MDCCSR_EL0 Read
LDPSW_64_ldstpair_pre,MPAMIDR_EL1 Read,SCR_EL3 Read,SCTLR_EL3 Read,TCR_EL3 Read,MAIR_EL3 Read,MAIR2_EL3 Read,PIR_EL3 Read,SCTLR2_EL3 Read,OSLSR_EL1 Read,MDCCSR_EL0 Read
LDP_32_ldstpair_off,MPAMIDR_EL1 Read,SCR_EL3 Read,SCTLR_EL3 Read,TCR_EL3 Read,MAIR_EL3 Read,MAIR2_EL3 Read,PIR_EL3 Read,SCTLR2_EL3 Read,OSLSR_EL1 Read,MDCCSR_EL0 Read
LDP_32_ldstpair_post,MPAMIDR_EL1 Read,SCR_EL3 Read,SCTLR_EL3 Read,TCR_EL3 Read,MAIR_EL3 Read,MAIR2_EL3 Read,PIR_EL3 Read,SCTLR2_EL3 Read,OSLSR_EL1 Read,MDCCSR_EL0 Read
LDP_32_ldstpair_pre,MPAMIDR_EL1 Read,SCR_EL3 Read,SCTLR_EL3 Read,TCR_EL3 Read,MAIR_EL3 Read,MAIR2_EL3 Read,PIR_EL3 Read,SCTLR2_EL3 Read,OSLSR_EL1 Read,MDCCSR_EL0 Read
LDP_64_ldstpair_off,MPAMIDR_EL1 Read,SCR_EL3 Read,SCTLR_EL3 Read,TCR_EL3 Read,MAIR_EL3 Read,MAIR2_EL3 Read,PIR_EL3 Read,SCTLR2_EL3 Read,OSLSR_EL1 Read,MDCCSR_EL0 Read
LDP_64_ldstpair_post,MPAMIDR_EL1 Read,SCR_EL3 Read,SCTLR_EL3 Read,TCR_EL3 Read,MAIR_EL3 Read,MAIR2_EL3 Read,PIR_EL3 Read,SCTLR2_EL3 Read,OSLSR_EL1 Read,MDCCSR_EL0 Read
LDP_64_ldstpair_pre,MPAMIDR_EL1 Read,SCR_EL3 Read,SCTLR_EL3 Read,TCR_EL3 Read,MAIR_EL3 Read,MAIR2_EL3 Read,PIR_EL3 Read,SCTLR2_EL3 Read,OSLSR_EL1 Read,MDCCSR_EL0 Read
LDP_D_ldstpair_off,CPTR_EL3 Read,MPAMIDR_EL1 Read,SCR_EL3 Read,SCTLR_EL3 Read,TCR_EL3 Read,MAIR_EL3 Read,MAIR2_EL3 Read,PIR_EL3 Read,SCTLR2_EL3 Read,OSLSR_EL1 Read,MDCCSR_EL0 Read,SMCR_EL3 Read,ZCR_EL3 Read
LDP_D_ldstpair_post,CPTR_EL3 Read,MPAMIDR_EL1 Read,SCR_EL3 Read,SCTLR_EL3 Read,TCR_EL3 Read,MAIR_EL3 Read,MAIR2_EL3 Read,PIR_EL3 Read,SCTLR2_EL3 Read,OSLSR_EL1 Read,MDCCSR_EL0 Read,SMCR_EL3 Read,ZCR_EL3 Read
LDP_D_ldstpair_pre,CPTR_EL3 Read,MPAMIDR_EL1 Read,SCR_EL3 Read,SCTLR_EL3 Read,TCR_EL3 Read,MAIR_EL3 Read,MAIR2_EL3 Read,PIR_EL3 Read,SCTLR2_EL3 Read,OSLSR_EL1 Read,MDCCSR_EL0 Read,SMCR_EL3 Read,ZCR_EL3 Read
LDP_Q_ldstpair_off,CPTR_EL3 Read,MPAMIDR_EL1 Read,SCR_EL3 Read,SCTLR_EL3 Read,TCR_EL3 Read,MAIR_EL3 Read,MAIR2_EL3 Read,PIR_EL3 Read,SCTLR2_EL3 Read,OSLSR_EL1 Read,MDCCSR_EL0 Read,SMCR_EL3 Read,ZCR_EL3 Read
LDP_Q_ldstpair_post,CPTR_EL3 Read,MPAMIDR_EL1 Read,SCR_EL3 Read,SCTLR_EL3 Read,TCR_EL3 Read,MAIR_EL3 Read,MAIR2_EL3 Read,PIR_EL3 Read,SCTLR2_EL3 Read,OSLSR_EL1 Read,MDCCSR_EL0 Read,SMCR_EL3 Read,ZCR_EL3 Read
LDP_Q_ldstpair_pre,CPTR_EL3 Read,MPAMIDR_EL1 Read,SCR_EL3 Read,SCTLR_EL3 Read,TCR_EL3 Read,MAIR_EL3 Read,MAIR2_EL3 Read,PIR_EL3 Read,SCTLR2_EL3 Read,OSLSR_EL1 Read,MDCCSR_EL0 Read,SMCR_EL3 Read,ZCR_EL3 Read
LDP_S_ldstpair_off,CPTR_EL3 Read,MPAMIDR_EL1 Read,SCR_EL3 Read,SCTLR_EL3 Read,TCR_EL3 Read,MAIR_EL3 Read,MAIR2_EL3 Read,PIR_EL3 Read,SCTLR2_EL3 Read,OSLSR_EL1 Read,MDCCSR_EL0 Read,SMCR_EL3 Read,ZCR_EL3 Read
LDP_S_ldstpair_post,CPTR_EL3 Read,MPAMIDR_EL1 Read,SCR_EL3 Read,SCTLR_EL3 Read,TCR_EL3 Read,MAIR_EL3 Read,MAIR2_EL3 Read,PIR_EL3 Read,SCTLR2_EL3 Read,OSLSR_EL1 Read,MDCCSR_EL0 Read,SMCR_EL3 Read,ZCR_EL3 Read
LDP_S_ldstpair_pre,CPTR_EL3 Read,MPAMIDR_EL1 Read,SCR_EL3 Read,SCTLR_EL3 Read,TCR_EL3 Read,MAIR_EL3 Read,MAIR2_EL3 Read,PIR_EL3 Read,SCTLR2_EL3 Read,OSLSR_EL1 Read,MDCCSR_EL0 Read,SMCR_EL3 Read,ZCR_EL3 Read
LDRB_32BL_ldst_regoff,MPAMIDR_EL1 Read,SCR_EL3 Read,SCTLR_EL3 Read,TCR_EL3 Read,MAIR_EL3 Read,MAIR2_EL3 Read,PIR_EL3 Read,SCTLR2_EL3 Read,OSLSR_EL1 Read,MDCCSR_EL0 Read
LDRB_32B_ldst_regoff,MPAMIDR_EL1 Read,SCR_EL3 Read,SCTLR_EL3 Read,TCR_EL3 Read,MAIR_EL3 Read,MAIR2_EL3 Read,PIR_EL3 Read,SCTLR2_EL3 Read,OSLSR_EL1 Read,MDCCSR_EL0 Read
LDRB_32_ldst_immpost,MPAMIDR_EL1 Read,SCR_EL3 Read,SCTLR_EL3 Read,TCR_EL3 Read,MAIR_EL3 Read,MAIR2_EL3 Read,PIR_EL3 Read,SCTLR2_EL3 Read,OSLSR_EL1 Read,MDCCSR_EL0 Read
LDRB_32_ldst_immpre,MPAMIDR_EL1 Read,SCR_EL3 Read,SCTLR_EL3 Read,TCR_EL3 Read,MAIR_EL3 Read,MAIR2_EL3 Read,PIR_EL3 Read,SCTLR2_EL3 Read,OSLSR_EL1 Read,MDCCSR_EL0 Read
LDRB_32_ldst_pos,MPAMIDR_EL1 Read,SCR_EL3 Read,SCTLR_EL3 Read,TCR_EL3 Read,MAIR_EL3 Read,MAIR2_EL3 Read,PIR_EL3 Read,SCTLR2_EL3 Read,OSLSR_EL1 Read,MDCCSR_EL0 Read
LDRH_32_ldst_immpost,MPAMIDR_EL1 Read,SCR_EL3 Read,SCTLR_EL3 Read,TCR_EL3 Read,MAIR_EL3 Read,MAIR2_EL3 Read,PIR_EL3 Read,SCTLR2_EL3 Read,OSLSR_EL1 Read,MDCCSR_EL0 Read
LDRH_32_ldst_immpre,MPAMIDR_EL1 Read,SCR_EL3 Read,SCTLR_EL3 Read,TCR_EL3 Read,MAIR_EL3 Read,MAIR2_EL3 Read,PIR_EL3 Read,SCTLR2_EL3 Read,OSLSR_EL1 Read,MDCCSR_EL0 Read
LDRH_32_ldst_pos,MPAMIDR_EL1 Read,SCR_EL3 Read,SCTLR_EL3 Read,TCR_EL3 Read,MAIR_EL3 Read,MAIR2_EL3 Read,PIR_EL3 Read,SCTLR2_EL3 Read,OSLSR_EL1 Read,MDCCSR_EL0 Read
LDRH_32_ldst_regoff,MPAMIDR_EL1 Read,SCR_EL3 Read,SCTLR_EL3 Read,TCR_EL3 Read,MAIR_EL3 Read,MAIR2_EL3 Read,PIR_EL3 Read,SCTLR2_EL3 Read,OSLSR_EL1 Read,MDCCSR_EL0 Read
LDRSB_32BL_ldst_regoff,MPAMIDR_EL1 Read,SCR_EL3 Read,SCTLR_EL3 Read,TCR_EL3 Read,MAIR_EL3 Read,MAIR2_EL3 Read,PIR_EL3 Read,SCTLR2_EL3 Read,OSLSR_EL1 Read,MDCCSR_EL0 Read
LDRSB_32B_ldst_regoff,MPAMIDR_EL1 Read,SCR_EL3 Read,SCTLR_EL3 Read,TCR_EL3 Read,MAIR_EL3 Read,MAIR2_EL3 Read,PIR_EL3 Read,SCTLR2_EL3 Read,OSLSR_EL1 Read,MDCCSR_EL0 Read
LDRSB_32_ldst_immpost,MPAMIDR_EL1 Read,SCR_EL3 Read,SCTLR_EL3 Read,TCR_EL3 Read,MAIR_EL3 Read,MAIR2_EL3 Read,PIR_EL3 Read,SCTLR2_EL3 Read,OSLSR_EL1 Read,MDCCSR_EL0 Read
LDRSB_32_ldst_immpre,MPAMIDR_EL1 Read,SCR_EL3 Read,SCTLR_EL3 Read,TCR_EL3 Read,MAIR_EL3 Read,MAIR2_EL3 Read,PIR_EL3 Read,SCTLR2_EL3 Read,OSLSR_EL1 Read,MDCCSR_EL0 Read
LDRSB_32_ldst_pos,MPAMIDR_EL1 Read,SCR_EL3 Read,SCTLR_EL3 Read,TCR_EL3 Read,MAIR_EL3 Read,MAIR2_EL3 Read,PIR_EL3 Read,SCTLR2_EL3 Read,OSLSR_EL1 Read,MDCCSR_EL0 Read
LDRSB_64BL_ldst_regoff,MPAMIDR_EL1 Read,SCR_EL3 Read,SCTLR_EL3 Read,TCR_EL3 Read,MAIR_EL3 Read,MAIR2_EL3 Read,PIR_EL3 Read,SCTLR2_EL3 Read,OSLSR_EL1 Read,MDCCSR_EL0 Read
LDRSB_64B_ldst_regoff,MPAMIDR_EL1 Read,SCR_EL3 Read,SCTLR_EL3 Read,TCR_EL3 Read,MAIR_EL3 Read,MAIR2_EL3 Read,PIR_EL3 Read,SCTLR2_EL3 Read,OSLSR_EL1 Read,MDCCSR_EL0 Read
LDRSB_64_ldst_immpost,MPAMIDR_EL1 Read,SCR_EL3 Read,SCTLR_EL3 Read,TCR_EL3 Read,MAIR_EL3 Read,MAIR2_EL3 Read,PIR_EL3 Read,SCTLR2_EL3 Read,OSLSR_EL1 Read,MDCCSR_EL0 Read
LDRSB_64_ldst_immpre,MPAMIDR_EL1 Read,SCR_EL3 Read,SCTLR_EL3 Read,TCR_EL3 Read,MAIR_EL3 Read,MAIR2_EL3 Read,PIR_EL3 Read,SCTLR2_EL3 Read,OSLSR_EL1 Read,MDCCSR_EL0 Read
LDRSB_64_ldst_pos,MPAMIDR_EL1 Read,SCR_EL3 Read,SCTLR_EL3 Read,TCR_EL3 Read,MAIR_EL3 Read,MAIR2_EL3 Read,PIR_EL3 Read,SCTLR2_EL3 Read,OSLSR_EL1 Read,MDCCSR_EL0 Read
LDRSH_32_ldst_immpost,MPAMIDR_EL1 Read,SCR_EL3 Read,SCTLR_EL3 Read,TCR_EL3 Read,MAIR_EL3 Read,MAIR2_EL3 Read,PIR_EL3 Read,SCTLR2_EL3 Read,OSLSR_EL1 Read,MDCCSR_EL0 Read
LDRSH_32_ldst_immpre,MPAMIDR_EL1 Read,SCR_EL3 Read,SCTLR_EL3 Read,TCR_EL3 Read,MAIR_EL3 Read,MAIR2_EL3 Read,PIR_EL3 Read,SCTLR2_EL3 Read,OSLSR_EL1 Read,MDCCSR_EL0 Read
LDRSH_32_ldst_pos,MPAMIDR_EL1 Read,SCR_EL3 Read,SCTLR_EL3 Read,TCR_EL3 Read,MAIR_EL3 Read,MAIR2_EL3 Read,PIR_EL3 Read,SCTLR2_EL3 Read,OSLSR_EL1 Read,MDCCSR_EL0 Read
LDRSH_32_ldst_regoff,MPAMIDR_EL1 Read,SCR_EL3 Read,SCTLR_EL3 Read,TCR_EL3 Read,MAIR_EL3 Read,MAIR2_EL3 Read,PIR_EL3 Read,SCTLR2_EL3 Read,OSLSR_EL1 Read,MDCCSR_EL0 Read
LDRSH_64_ldst_immpost,MPAMIDR_EL1 Read,SCR_EL3 Read,SCTLR_EL3 Read,TCR_EL3 Read,MAIR_EL3 Read,MAIR2_EL3 Read,PIR_EL3 Read,SCTLR2_EL3 Read,OSLSR_EL1 Read,MDCCSR_EL0 Read
LDRSH_64_ldst_immpre,MPAMIDR_EL1 Read,SCR_EL3 Read,SCTLR_EL3 Read,TCR_EL3 Read,MAIR_EL3 Read,MAIR2_EL3 Read,PIR_EL3 Read,SCTLR2_EL3 Read,OSLSR_EL1 Read,MDCCSR_EL0 Read
LDRSH_64_ldst_pos,MPAMIDR_EL1 Read,SCR_EL3 Read,SCTLR_EL3 Read,TCR_EL3 Read,MAIR_EL3 Read,MAIR2_EL3 Read,PIR_EL3 Read,SCTLR2_EL3 Read,OSLSR_EL1 Read,MDCCSR_EL0 Read
LDRSH_64_ldst_regoff,MPAMIDR_EL1 Read,SCR_EL3 Read,SCTLR_EL3 Read,TCR_EL3 Read,MAIR_EL3 Read,MAIR2_EL3 Read,PIR_EL3 Read,SCTLR2_EL3 Read,OSLSR_EL1 Read,MDCCSR_EL0 Read
LDRSW_64_ldst_immpost,MPAMIDR_EL1 Read,SCR_EL3 Read,SCTLR_EL3 Read,TCR_EL3 Read,MAIR_EL3 Read,MAIR2_EL3 Read,PIR_EL3 Read,SCTLR2_EL3 Read,OSLSR_EL1 Read,MDCCSR_EL0 Read
LDRSW_64_ldst_immpre,MPAMIDR_EL1 Read,SCR_EL3 Read,SCTLR_EL3 Read,TCR_EL3 Read,MAIR_EL3 Read,MAIR2_EL3 Read,PIR_EL3 Read,SCTLR2_EL3 Read,OSLSR_EL1 Read,MDCCSR_EL0 Read
LDRSW_64_ldst_pos,MPAMIDR_EL1 Read,SCR_EL3 Read,SCTLR_EL3 Read,TCR_EL3 Read,MAIR_EL3 Read,MAIR2_EL3 Read,PIR_EL3 Read,SCTLR2_EL3 Read,OSLSR_EL1 Read,MDCCSR_EL0 Read
LDRSW_64_ldst_regoff,MPAMIDR_EL1 Read,SCR_EL3 Read,SCTLR_EL3 Read,TCR_EL3 Read,MAIR_EL3 Read,MAIR2_EL3 Read,PIR_EL3 Read,SCTLR2_EL3 Read,OSLSR_EL1 Read,MDCCSR_EL0 Read
LDR_32_ldst_immpost,MPAMIDR_EL1 Read,SCR_EL3 Read,SCTLR_EL3 Read,TCR_EL3 Read,MAIR_EL3 Read,MAIR2_EL3 Read,PIR_EL3 Read,SCTLR2_EL3 Read,OSLSR_EL1 Read,MDCCSR_EL0 Read
LDR_32_ldst_immpre,MPAMIDR_EL1 Read,SCR_EL3 Read,SCTLR_EL3 Read,TCR_EL3 Read,MAIR_EL3 Read,MAIR2_EL3 Read,PIR_EL3 Read,SCTLR2_EL3 Read,OSLSR_EL1 Read,MDCCSR_EL0 Read
LDR_32_ldst_pos,MPAMIDR_EL1 Read,SCR_EL3 Read,SCTLR_EL3 Read,TCR_EL3 Read,MAIR_EL3 Read,MAIR2_EL3 Read,PIR_EL3 Read,SCTLR2_EL3 Read,OSLSR_EL1 Read,MDCCSR_EL0 Read
LDR_32_ldst_regoff,MPAMIDR_EL1 Read,SCR_EL3 Read,SCTLR_EL3 Read,TCR_EL3 Read,MAIR_EL3 Read,MAIR2_EL3 Read,PIR_EL3 Read,SCTLR2_EL3 Read,OSLSR_EL1 Read,MDCCSR_EL0 Read
LDR_64_ldst_immpost,MPAMIDR_EL1 Read,SCR_EL3 Read,SCTLR_EL3 Read,TCR_EL3 Read,MAIR_EL3 Read,MAIR2_EL3 Read,PIR_EL3 Read,SCTLR2_EL3 Read,OSLSR_EL1 Read,MDCCSR_EL0 Read
LDR_64_ldst_immpre,MPAMIDR_EL1 Read,SCR_EL3 Read,SCTLR_EL3 Read,TCR_EL3 Read,MAIR_EL3 Read,MAIR2_EL3 Read,PIR_EL3 Read,SCTLR2_EL3 Read,OSLSR_EL1 Read,MDCCSR_EL0 Read
LDR_64_ldst_pos,MPAMIDR_EL1 Read,SCR_EL3 Read,SCTLR_EL3 Read,TCR_EL3 Read,MAIR_EL3 Read,MAIR2_EL3 Read,PIR_EL3 Read,SCTLR2_EL3 Read,OSLSR_EL1 Read,MDCCSR_EL0 Read
LDR_64_ldst_regoff,MPAMIDR_EL1 Read,SCR_EL3 Read,SCTLR_EL3 Read,TCR_EL3 Read,MAIR_EL3 Read,MAIR2_EL3 Read,PIR_EL3 Read,SCTLR2_EL3 Read,OSLSR_EL1 Read,MDCCSR_EL0 Read
LDR_BL_ldst_regoff,CPTR_EL3 Read,MPAMIDR_EL1 Read,SCR_EL3 Read,SCTLR_EL3 Read,TCR_EL3 Read,MAIR_EL3 Read,MAIR2_EL3 Read,PIR_EL3 Read,SCTLR2_EL3 Read,OSLSR_EL1 Read,MDCCSR_EL0 Read,SMCR_EL3 Read,ZCR_EL3 Read
LDR_B_ldst_immpost,CPTR_EL3 Read,MPAMIDR_EL1 Read,SCR_EL3 Read,SCTLR_EL3 Read,TCR_EL3 Read,MAIR_EL3 Read,MAIR2_EL3 Read,PIR_EL3 Read,SCTLR2_EL3 Read,OSLSR_EL1 Read,MDCCSR_EL0 Read,SMCR_EL3 Read,ZCR_EL3 Read
LDR_B_ldst_immpre,CPTR_EL3 Read,MPAMIDR_EL1 Read,SCR_EL3 Read,SCTLR_EL3 Read,TCR_EL3 Read,MAIR_EL3 Read,MAIR2_EL3 Read,PIR_EL3 Read,SCTLR2_EL3 Read,OSLSR_EL1 Read,MDCCSR_EL0 Read,SMCR_EL3 Read,ZCR_EL3 Read
LDR_B_ldst_pos,CPTR_EL3 Read,MPAMIDR_EL1 Read,SCR_EL3 Read,SCTLR_EL3 Read,TCR_EL3 Read,MAIR_EL3 Read,MAIR2_EL3 Read,PIR_EL3 Read,SCTLR2_EL3 Read,OSLSR_EL1 Read,MDCCSR_EL0 Read,SMCR_EL3 Read,ZCR_EL3 Read
LDR_B_ldst_regoff,CPTR_EL3 Read,MPAMIDR_EL1 Read,SCR_EL3 Read,SCTLR_EL3 Read,TCR_EL3 Read,MAIR_EL3 Read,MAIR2_EL3 Read,PIR_EL3 Read,SCTLR2_EL3 Read,OSLSR_EL1 Read,MDCCSR_EL0 Read,SMCR_EL3 Read,ZCR_EL3 Read
LDR_D_ldst_immpost,CPTR_EL3 Read,MPAMIDR_EL1 Read,SCR_EL3 Read,SCTLR_EL3 Read,TCR_EL3 Read,MAIR_EL3 Read,MAIR2_EL3 Read,PIR_EL3 Read,SCTLR2_EL3 Read,OSLSR_EL1 Read,MDCCSR_EL0 Read,SMCR_EL3 Read,ZCR_EL3 Read
LDR_D_ldst_immpre,CPTR_EL3 Read,MPAMIDR_EL1 Read,SCR_EL3 Read,SCTLR_EL3 Read,TCR_EL3 Read,MAIR_EL3 Read,MAIR2_EL3 Read,PIR_EL3 Read,SCTLR2_EL3 Read,OSLSR_EL1 Read,MDCCSR_EL0 Read,SMCR_EL3 Read,ZCR_EL3 Read
LDR_D_ldst_pos,CPTR_EL3 Read,MPAMIDR_EL1 Read,SCR_EL3 Read,SCTLR_EL3 Read,TCR_EL3 Read,MAIR_EL3 Read,MAIR2_EL3 Read,PIR_EL3 Read,SCTLR2_EL3 Read,OSLSR_EL1 Read,MDCCSR_EL0 Read,SMCR_EL3 Read,ZCR_EL3 Read
LDR_D_ldst_regoff,CPTR_EL3 Read,MPAMIDR_EL1 Read,SCR_EL3 Read,SCTLR_EL3 Read,TCR_EL3 Read,MAIR_EL3 Read,MAIR2_EL3 Read,PIR_EL3 Read,SCTLR2_EL3 Read,OSLSR_EL1 Read,MDCCSR_EL0 Read,SMCR_EL3 Read,ZCR_EL3 Read
LDR_H_ldst_immpost,CPTR_EL3 Read,MPAMIDR_EL1 Read,SCR_EL3 Read,SCTLR_EL3 Read,TCR_EL3 Read,MAIR_EL3 Read,MAIR2_EL3 Read,PIR_EL3 Read,SCTLR2_EL3 Read,OSLSR_EL1 Read,MDCCSR_EL0 Read,SMCR_EL3 Read,ZCR_EL3 Read
LDR_H_ldst_immpre,CPTR_EL3 Read,MPAMIDR_EL1 Read,SCR_EL3 Read,SCTLR_EL3 Read,TCR_EL3 Read,MAIR_EL3 Read,MAIR2_EL3 Read,PIR_EL3 Read,SCTLR2_EL3 Read,OSLSR_EL1 Read,MDCCSR_EL0 Read,SMCR_EL3 Read,ZCR_EL3 Read
LDR_H_ldst_pos,CPTR_EL3 Read,MPAMIDR_EL1 Read,SCR_EL3 Read,SCTLR_EL3 Read,TCR_EL3 Read,MAIR_EL3 Read,MAIR2_EL3 Read,PIR_EL3 Read,SCTLR2_EL3 Read,OSLSR_EL1 Read,MDCCSR_EL0 Read,SMCR_EL3 Read,ZCR_EL3 Read
LDR_H_ldst_regoff,CPTR_EL3 Read,MPAMIDR_EL1 Read,SCR_EL3 Read,SCTLR_EL3 Read,TCR_EL3 Read,MAIR_EL3 Read,MAIR2_EL3 Read,PIR_EL3 Read,SCTLR2_EL3 Read,OSLSR_EL1 Read,MDCCSR_EL0 Read,SMCR_EL3 Read,ZCR_EL3 Read
LDR_Q_ldst_immpost,CPTR_EL3 Read,MPAMIDR_EL1 Read,SCR_EL3 Read,SCTLR_EL3 Read,TCR_EL3 Read,MAIR_EL3 Read,MAIR2_EL3 Read,PIR_EL3 Read,SCTLR2_EL3 Read,OSLSR_EL1 Read,MDCCSR_EL0 Read,SMCR_EL3 Read,ZCR_EL3 Read
LDR_Q_ldst_immpre,CPTR_EL3 Read,MPAMIDR_EL1 Read,SCR_EL3 Read,SCTLR_EL3 Read,TCR_EL3 Read,MAIR_EL3 Read,MAIR2_EL3 Read,PIR_EL3 Read,SCTLR2_EL3 Read,OSLSR_EL1 Read,MDCCSR_EL0 Read,SMCR_EL3 Read,ZCR_EL3 Read
LDR_Q_ldst_pos,CPTR_EL3 Read,MPAMIDR_EL1 Read,SCR_EL3 Read,SCTLR_EL3 Read,TCR_EL3 Read,MAIR_EL3 Read,MAIR2_EL3 Read,PIR_EL3 Read,SCTLR2_EL3 Read,OSLSR_EL1 Read,MDCCSR_EL0 Read,SMCR_EL3 Read,ZCR_EL3 Read
LDR_Q_ldst_regoff,CPTR_EL3 Read,MPAMIDR_EL1 Read,SCR_EL3 Read,SCTLR_EL3 Read,TCR_EL3 Read,MAIR_EL3 Read,MAIR2_EL3 Read,PIR_EL3 Read,SCTLR2_EL3 Read,OSLSR_EL1 Read,MDCCSR_EL0 Read,SMCR_EL3 Read,ZCR_EL3 Read
LDR_S_ldst_immpost,CPTR_EL3 Read,MPAMIDR_EL1 Read,SCR_EL3 Read,SCTLR_EL3 Read,TCR_EL3 Read,MAIR_EL3 Read,MAIR2_EL3 Read,PIR_EL3 Read,SCTLR2_EL3 Read,OSLSR_EL1 Read,MDCCSR_EL0 Read,SMCR_EL3 Read,ZCR_EL3 Read
LDR_S_ldst_immpre,CPTR_EL3 Read,MPAMIDR_EL1 Read,SCR_EL3 Read,SCTLR_EL3 Read,TCR_EL3 Read,MAIR_EL3 Read,MAIR2_EL3 Read,PIR_EL3 Read,SCTLR2_EL3 Read,OSLSR_EL1 Read,MDCCSR_EL0 Read,SMCR_EL3 Read,ZCR_EL3 Read
LDR_S_ldst_pos,CPTR_EL3 Read,MPAMIDR_EL1 Read,SCR_EL3 Read,SCTLR_EL3 Read,TCR_EL3 Read,MAIR_EL3 Read,MAIR2_EL3 Read,PIR_EL3 Read,SCTLR2_EL3 Read,OSLSR_EL1 Read,MDCCSR_EL0 Read,SMCR_EL3 Read,ZCR_EL3 Read
LDR_S_ldst_regoff,CPTR_EL3 Read,MPAMIDR_EL1 Read,SCR_EL3 Read,SCTLR_EL3 Read,TCR_EL3 Read,MAIR_EL3 Read,MAIR2_EL3 Read,PIR_EL3 Read,SCTLR2_EL3 Read,OSLSR_EL1 Read,MDCCSR_EL0 Read,SMCR_EL3 Read,ZCR_EL3 Read
LDSETAB_32_memop,MPAMIDR_EL1 Read,SCR_EL3 Read,SCTLR_EL3 Read,TCR_EL3 Read,MAIR_EL3 Read,MAIR2_EL3 Read,PIR_EL3 Read,SCTLR2_EL3 Read,OSLSR_EL1 Read,MDCCSR_EL0 Read
LDSETAH_32_memop,MPAMIDR_EL1 Read,SCR_EL3 Read,SCTLR_EL3 Read,TCR_EL3 Read,MAIR_EL3 Read,MAIR2_EL3 Read,PIR_EL3 Read,SCTLR2_EL3 Read,OSLSR_EL1 Read,MDCCSR_EL0 Read
LDSETALB_32_memop,MPAMIDR_EL1 Read,SCR_EL3 Read,SCTLR_EL3 Read,TCR_EL3 Read,MAIR_EL3 Read,MAIR2_EL3 Read,PIR_EL3 Read,SCTLR2_EL3 Read,OSLSR_EL1 Read,MDCCSR_EL0 Read
LDSETALH_32_memop,MPAMIDR_EL1 Read,SCR_EL3 Read,SCTLR_EL3 Read,TCR_EL3 Read,MAIR_EL3 Read,MAIR2_EL3 Read,PIR_EL3 Read,SCTLR2_EL3 Read,OSLSR_EL1 Read,MDCCSR_EL0 Read
LDSETAL_32_memop,MPAMIDR_EL1 Read,SCR_EL3 Read,SCTLR_EL3 Read,TCR_EL3 Read,MAIR_EL3 Read,MAIR2_EL3 Read,PIR_EL3 Read,SCTLR2_EL3 Read,OSLSR_EL1 Read,MDCCSR_EL0 Read
LDSETAL_64_memop,MPAMIDR_EL1 Read,SCR_EL3 Read,SCTLR_EL3 Read,TCR_EL3 Read,MAIR_EL3 Read,MAIR2_EL3 Read,PIR_EL3 Read,SCTLR2_EL3 Read,OSLSR_EL1 Read,MDCCSR_EL0 Read
LDSETA_32_memop,MPAMIDR_EL1 Read,SCR_EL3 Read,SCTLR_EL3 Read,TCR_EL3 Read,MAIR_EL3 Read,MAIR2_EL3 Read,PIR_EL3 Read,SCTLR2_EL3 Read,OSLSR_EL1 Read,MDCCSR_EL0 Read
LDSETA_64_memop,MPAMIDR_EL1 Read,SCR_EL3 Read,SCTLR_EL3 Read,TCR_EL3 Read,MAIR_EL3 Read,MAIR2_EL3 Read,PIR_EL3 Read,SCTLR2_EL3 Read,OSLSR_EL1 Read,MDCCSR_EL0 Read
LDSETB_32_memop,MPAMIDR_EL1 Read,SCR_EL3 Read,SCTLR_EL3 Read,TCR_EL3 Read,MAIR_EL3 Read,MAIR2_EL3 Read,PIR_EL3 Read,SCTLR2_EL3 Read,OSLSR_EL1 Read,MDCCSR_EL0 Read
LDSETH_32_memop,MPAMIDR_EL1 Read,SCR_EL3 Read,SCTLR_EL3 Read,TCR_EL3 Read,MAIR_EL3 Read,MAIR2_EL3 Read,PIR_EL3 Read,SCTLR2_EL3 Read,OSLSR_EL1 Read,MDCCSR_EL0 Read
LDSETLB_32_memop,MPAMIDR_EL1 Read,SCR_EL3 Read,SCTLR_EL3 Read,TCR_EL3 Read,MAIR_EL3 Read,MAIR2_EL3 Read,PIR_EL3 Read,SCTLR2_EL3 Read,OSLSR_EL1 Read,MDCCSR_EL0 Read
LDSETLH_32_memop,MPAMIDR_EL1 Read,SCR_EL3 Read,SCTLR_EL3 Read,TCR_EL3 Read,MAIR_EL3 Read,MAIR2_EL3 Read,PIR_EL3 Read,SCTLR2_EL3 Read,OSLSR_EL1 Read,MDCCSR_EL0 Read
LDSETL_32_memop,MPAMIDR_EL1 Read,SCR_EL3 Read,SCTLR_EL3 Read,TCR_EL3 Read,MAIR_EL3 Read,MAIR2_EL3 Read,PIR_EL3 Read,SCTLR2_EL3 Read,OSLSR_EL1 Read,MDCCSR_EL0 Read
LDSETL_64_memop,MPAMIDR_EL1 Read,SCR_EL3 Read,SCTLR_EL3 Read,TCR_EL3 Read,MAIR_EL3 Read,MAIR2_EL3 Read,PIR_EL3 Read,SCTLR2_EL3 Read,OSLSR_EL1 Read,MDCCSR_EL0 Read
LDSET_32_memop,MPAMIDR_EL1 Read,SCR_EL3 Read,SCTLR_EL3 Read,TCR_EL3 Read,MAIR_EL3 Read,MAIR2_EL3 Read,PIR_EL3 Read,SCTLR2_EL3 Read,OSLSR_EL1 Read,MDCCSR_EL0 Read
LDSET_64_memop,MPAMIDR_EL1 Read,SCR_EL3 Read,SCTLR_EL3 Read,TCR_EL3 Read,MAIR_EL3 Read,MAIR2_EL3 Read,PIR_EL3 Read,SCTLR2_EL3 Read,OSLSR_EL1 Read,MDCCSR_EL0 Read
LDSMAXAB_32_memop,MPAMIDR_EL1 Read,SCR_EL3 Read,SCTLR_EL3 Read,TCR_EL3 Read,MAIR_EL3 Read,MAIR2_EL3 Read,PIR_EL3 Read,SCTLR2_EL3 Read,OSLSR_EL1 Read,MDCCSR_EL0 Read
LDSMAXAH_32_memop,MPAMIDR_EL1 Read,SCR_EL3 Read,SCTLR_EL3 Read,TCR_EL3 Read,MAIR_EL3 Read,MAIR2_EL3 Read,PIR_EL3 Read,SCTLR2_EL3 Read,OSLSR_EL1 Read,MDCCSR_EL0 Read
LDSMAXALB_32_memop,MPAMIDR_EL1 Read,SCR_EL3 Read,SCTLR_EL3 Read,TCR_EL3 Read,MAIR_EL3 Read,MAIR2_EL3 Read,PIR_EL3 Read,SCTLR2_EL3 Read,OSLSR_EL1 Read,MDCCSR_EL0 Read
LDSMAXALH_32_memop,MPAMIDR_EL1 Read,SCR_EL3 Read,SCTLR_EL3 Read,TCR_EL3 Read,MAIR_EL3 Read,MAIR2_EL3 Read,PIR_EL3 Read,SCTLR2_EL3 Read,OSLSR_EL1 Read,MDCCSR_EL0 Read
LDSMAXAL_32_memop,MPAMIDR_EL1 Read,SCR_EL3 Read,SCTLR_EL3 Read,TCR_EL3 Read,MAIR_EL3 Read,MAIR2_EL3 Read,PIR_EL3 Read,SCTLR2_EL3 Read,OSLSR_EL1 Read,MDCCSR_EL0 Read
LDSMAXAL_64_memop,MPAMIDR_EL1 Read,SCR_EL3 Read,SCTLR_EL3 Read,TCR_EL3 Read,MAIR_EL3 Read,MAIR2_EL3 Read,PIR_EL3 Read,SCTLR2_EL3 Read,OSLSR_EL1 Read,MDCCSR_EL0 Read
LDSMAXA_32_memop,MPAMIDR_EL1 Read,SCR_EL3 Read,SCTLR_EL3 Read,TCR_EL3 Read,MAIR_EL3 Read,MAIR2_EL3 Read,PIR_EL3 Read,SCTLR2_EL3 Read,OSLSR_EL1 Read,MDCCSR_EL0 Read
LDSMAXA_64_memop,MPAMIDR_EL1 Read,SCR_EL3 Read,SCTLR_EL3 Read,TCR_EL3 Read,MAIR_EL3 Read,MAIR2_EL3 Read,PIR_EL3 Read,SCTLR2_EL3 Read,OSLSR_EL1 Read,MDCCSR_EL0 Read
LDSMAXB_32_memop,MPAMIDR_EL1 Read,SCR_EL3 Read,SCTLR_EL3 Read,TCR_EL3 Read,MAIR_EL3 Read,MAIR2_EL3 Read,PIR_EL3 Read,SCTLR2_EL3 Read,OSLSR_EL1 Read,MDCCSR_EL0 Read
LDSMAXH_32_memop,MPAMIDR_EL1 Read,SCR_EL3 Read,SCTLR_EL3 Read,TCR_EL3 Read,MAIR_EL3 Read,MAIR2_EL3 Read,PIR_EL3 Read,SCTLR2_EL3 Read,OSLSR_EL1 Read,MDCCSR_EL0 Read
LDSMAXLB_32_memop,MPAMIDR_EL1 Read,SCR_EL3 Read,SCTLR_EL3 Read,TCR_EL3 Read,MAIR_EL3 Read,MAIR2_EL3 Read,PIR_EL3 Read,SCTLR2_EL3 Read,OSLSR_EL1 Read,MDCCSR_EL0 Read
LDSMAXLH_32_memop,MPAMIDR_EL1 Read,SCR_EL3 Read,SCTLR_EL3 Read,TCR_EL3 Read,MAIR_EL3 Read,MAIR2_EL3 Read,PIR_EL3 Read,SCTLR2_EL3 Read,OSLSR_EL1 Read,MDCCSR_EL0 Read
LDSMAXL_32_memop,MPAMIDR_EL1 Read,SCR_EL3 Read,SCTLR_EL3 Read,TCR_EL3 Read,MAIR_EL3 Read,MAIR2_EL3 Read,PIR_EL3 Read,SCTLR2_EL3 Read,OSLSR_EL1 Read,MDCCSR_EL0 Read
LDSMAXL_64_memop,MPAMIDR_EL1 Read,SCR_EL3 Read,SCTLR_EL3 Read,TCR_EL3 Read,MAIR_EL3 Read,MAIR2_EL3 Read,PIR_EL3 Read,SCTLR2_EL3 Read,OSLSR_EL1 Read,MDCCSR_EL0 Read
LDSMAX_32_memop,MPAMIDR_EL1 Read,SCR_EL3 Read,SCTLR_EL3 Read,TCR_EL3 Read,MAIR_EL3 Read,MAIR2_EL3 Read,PIR_EL3 Read,SCTLR2_EL3 Read,OSLSR_EL1 Read,MDCCSR_EL0 Read
LDSMAX_64_memop,MPAMIDR_EL1 Read,SCR_EL3 Read,SCTLR_EL3 Read,TCR_EL3 Read,MAIR_EL3 Read,MAIR2_EL3 Read,PIR_EL3 Read,SCTLR2_EL3 Read,OSLSR_EL1 Read,MDCCSR_EL0 Read
LDSMINAB_32_memop,MPAMIDR_EL1 Read,SCR_EL3 Read,SCTLR_EL3 Read,TCR_EL3 Read,MAIR_EL3 Read,MAIR2_EL3 Read,PIR_EL3 Read,SCTLR2_EL3 Read,OSLSR_EL1 Read,MDCCSR_EL0 Read
LDSMINAH_32_memop,MPAMIDR_EL1 Read,SCR_EL3 Read,SCTLR_EL3 Read,TCR_EL3 Read,MAIR_EL3 Read,MAIR2_EL3 Read,PIR_EL3 Read,SCTLR2_EL3 Read,OSLSR_EL1 Read,MDCCSR_EL0 Read
LDSMINALB_32_memop,MPAMIDR_EL1 Read,SCR_EL3 Read,SCTLR_EL3 Read,TCR_EL3 Read,MAIR_EL3 Read,MAIR2_EL3 Read,PIR_EL3 Read,SCTLR2_EL3 Read,OSLSR_EL1 Read,MDCCSR_EL0 Read
LDSMINALH_32_memop,MPAMIDR_EL1 Read,SCR_EL3 Read,SCTLR_EL3 Read,TCR_EL3 Read,MAIR_EL3 Read,MAIR2_EL3 Read,PIR_EL3 Read,SCTLR2_EL3 Read,OSLSR_EL1 Read,MDCCSR_EL0 Read
LDSMINAL_32_memop,MPAMIDR_EL1 Read,SCR_EL3 Read,SCTLR_EL3 Read,TCR_EL3 Read,MAIR_EL3 Read,MAIR2_EL3 Read,PIR_EL3 Read,SCTLR2_EL3 Read,OSLSR_EL1 Read,MDCCSR_EL0 Read
LDSMINAL_64_memop,MPAMIDR_EL1 Read,SCR_EL3 Read,SCTLR_EL3 Read,TCR_EL3 Read,MAIR_EL3 Read,MAIR2_EL3 Read,PIR_EL3 Read,SCTLR2_EL3 Read,OSLSR_EL1 Read,MDCCSR_EL0 Read
LDSMINA_32_memop,MPAMIDR_EL1 Read,SCR_EL3 Read,SCTLR_EL3 Read,TCR_EL3 Read,MAIR_EL3 Read,MAIR2_EL3 Read,PIR_EL3 Read,SCTLR2_EL3 Read,OSLSR_EL1 Read,MDCCSR_EL0 Read
LDSMINA_64_memop,MPAMIDR_EL1 Read,SCR_EL3 Read,SCTLR_EL3 Read,TCR_EL3 Read,MAIR_EL3 Read,MAIR2_EL3 Read,PIR_EL3 Read,SCTLR2_EL3 Read,OSLSR_EL1 Read,MDCCSR_EL0 Read
LDSMINB_32_memop,MPAMIDR_EL1 Read,SCR_EL3 Read,SCTLR_EL3 Read,TCR_EL3 Read,MAIR_EL3 Read,MAIR2_EL3 Read,PIR_EL3 Read,SCTLR2_EL3 Read,OSLSR_EL1 Read,MDCCSR_EL0 Read
LDSMINH_32_memop,MPAMIDR_EL1 Read,SCR_EL3 Read,SCTLR_EL3 Read,TCR_EL3 Read,MAIR_EL3 Read,MAIR2_EL3 Read,PIR_EL3 Read,SCTLR2_EL3 Read,OSLSR_EL1 Read,MDCCSR_EL0 Read
LDSMINLB_32_memop,MPAMIDR_EL1 Read,SCR_EL3 Read,SCTLR_EL3 Read,TCR_EL3 Read,MAIR_EL3 Read,MAIR2_EL3 Read,PIR_EL3 Read,SCTLR2_EL3 Read,OSLSR_EL1 Read,MDCCSR_EL0 Read
LDSMINLH_32_memop,MPAMIDR_EL1 Read,SCR_EL3 Read,SCTLR_EL3 Read,TCR_EL3 Read,MAIR_EL3 Read,MAIR2_EL3 Read,PIR_EL3 Read,SCTLR2_EL3 Read,OSLSR_EL1 Read,MDCCSR_EL0 Read
LDSMINL_32_memop,MPAMIDR_EL1 Read,SCR_EL3 Read,SCTLR_EL3 Read,TCR_EL3 Read,MAIR_EL3 Read,MAIR2_EL3 Read,PIR_EL3 Read,SCTLR2_EL3 Read,OSLSR_EL1 Read,MDCCSR_EL0 Read
LDSMINL_64_memop,MPAMIDR_EL1 Read,SCR_EL3 Read,SCTLR_EL3 Read,TCR_EL3 Read,MAIR_EL3 Read,MAIR2_EL3 Read,PIR_EL3 Read,SCTLR2_EL3 Read,OSLSR_EL1 Read,MDCCSR_EL0 Read
LDSMIN_32_memop,MPAMIDR_EL1 Read,SCR_EL3 Read,SCTLR_EL3 Read,TCR_EL3 Read,MAIR_EL3 Read,MAIR2_EL3 Read,PIR_EL3 Read,SCTLR2_EL3 Read,OSLSR_EL1 Read,MDCCSR_EL0 Read
LDSMIN_64_memop,MPAMIDR_EL1 Read,SCR_EL3 Read,SCTLR_EL3 Read,TCR_EL3 Read,MAIR_EL3 Read,MAIR2_EL3 Read,PIR_EL3 Read,SCTLR2_EL3 Read,OSLSR_EL1 Read,MDCCSR_EL0 Read
LDUMAXAB_32_memop,MPAMIDR_EL1 Read,SCR_EL3 Read,SCTLR_EL3 Read,TCR_EL3 Read,MAIR_EL3 Read,MAIR2_EL3 Read,PIR_EL3 Read,SCTLR2_EL3 Read,OSLSR_EL1 Read,MDCCSR_EL0 Read
LDUMAXAH_32_memop,MPAMIDR_EL1 Read,SCR_EL3 Read,SCTLR_EL3 Read,TCR_EL3 Read,MAIR_EL3 Read,MAIR2_EL3 Read,PIR_EL3 Read,SCTLR2_EL3 Read,OSLSR_EL1 Read,MDCCSR_EL0 Read
LDUMAXALB_32_memop,MPAMIDR_EL1 Read,SCR_EL3 Read,SCTLR_EL3 Read,TCR_EL3 Read,MAIR_EL3 Read,MAIR2_EL3 Read,PIR_EL3 Read,SCTLR2_EL3 Read,OSLSR_EL1 Read,MDCCSR_EL0 Read
LDUMAXALH_32_memop,MPAMIDR_EL1 Read,SCR_EL3 Read,SCTLR_EL3 Read,TCR_EL3 Read,MAIR_EL3 Read,MAIR2_EL3 Read,PIR_EL3 Read,SCTLR2_EL3 Read,OSLSR_EL1 Read,MDCCSR_EL0 Read
LDUMAXAL_32_memop,MPAMIDR_EL1 Read,SCR_EL3 Read,SCTLR_EL3 Read,TCR_EL3 Read,MAIR_EL3 Read,MAIR2_EL3 Read,PIR_EL3 Read,SCTLR2_EL3 Read,OSLSR_EL1 Read,MDCCSR_EL0 Read
LDUMAXAL_64_memop,MPAMIDR_EL1 Read,SCR_EL3 Read,SCTLR_EL3 Read,TCR_EL3 Read,MAIR_EL3 Read,MAIR2_EL3 Read,PIR_EL3 Read,SCTLR2_EL3 Read,OSLSR_EL1 Read,MDCCSR_EL0 Read
LDUMAXA_32_memop,MPAMIDR_EL1 Read,SCR_EL3 Read,SCTLR_EL3 Read,TCR_EL3 Read,MAIR_EL3 Read,MAIR2_EL3 Read,PIR_EL3 Read,SCTLR2_EL3 Read,OSLSR_EL1 Read,MDCCSR_EL0 Read
LDUMAXA_64_memop,MPAMIDR_EL1 Read,SCR_EL3 Read,SCTLR_EL3 Read,TCR_EL3 Read,MAIR_EL3 Read,MAIR2_EL3 Read,PIR_EL3 Read,SCTLR2_EL3 Read,OSLSR_EL1 Read,MDCCSR_EL0 Read
LDUMAXB_32_memop,MPAMIDR_EL1 Read,SCR_EL3 Read,SCTLR_EL3 Read,TCR_EL3 Read,MAIR_EL3 Read,MAIR2_EL3 Read,PIR_EL3 Read,SCTLR2_EL3 Read,OSLSR_EL1 Read,MDCCSR_EL0 Read
LDUMAXH_32_memop,MPAMIDR_EL1 Read,SCR_EL3 Read,SCTLR_EL3 Read,TCR_EL3 Read,MAIR_EL3 Read,MAIR2_EL3 Read,PIR_EL3 Read,SCTLR2_EL3 Read,OSLSR_EL1 Read,MDCCSR_EL0 Read
LDUMAXLB_32_memop,MPAMIDR_EL1 Read,SCR_EL3 Read,SCTLR_EL3 Read,TCR_EL3 Read,MAIR_EL3 Read,MAIR2_EL3 Read,PIR_EL3 Read,SCTLR2_EL3 Read,OSLSR_EL1 Read,MDCCSR_EL0 Read
LDUMAXLH_32_memop,MPAMIDR_EL1 Read,SCR_EL3 Read,SCTLR_EL3 Read,TCR_EL3 Read,MAIR_EL3 Read,MAIR2_EL3 Read,PIR_EL3 Read,SCTLR2_EL3 Read,OSLSR_EL1 Read,MDCCSR_EL0 Read
LDUMAXL_32_memop,MPAMIDR_EL1 Read,SCR_EL3 Read,SCTLR_EL3 Read,TCR_EL3 Read,MAIR_EL3 Read,MAIR2_EL3 Read,PIR_EL3 Read,SCTLR2_EL3 Read,OSLSR_EL1 Read,MDCCSR_EL0 Read
LDUMAXL_64_memop,MPAMIDR_EL1 Read,SCR_EL3 Read,SCTLR_EL3 Read,TCR_EL3 Read,MAIR_EL3 Read,MAIR2_EL3 Read,PIR_EL3 Read,SCTLR2_EL3 Read,OSLSR_EL1 Read,MDCCSR_EL0 Read
LDUMAX_32_memop,MPAMIDR_EL1 Read,SCR_EL3 Read,SCTLR_EL3 Read,TCR_EL3 Read,MAIR_EL3 Read,MAIR2_EL3 Read,PIR_EL3 Read,SCTLR2_EL3 Read,OSLSR_EL1 Read,MDCCSR_EL0 Read
LDUMAX_64_memop,MPAMIDR_EL1 Read,SCR_EL3 Read,SCTLR_EL3 Read,TCR_EL3 Read,MAIR_EL3 Read,MAIR2_EL3 Read,PIR_EL3 Read,SCTLR2_EL3 Read,OSLSR_EL1 Read,MDCCSR_EL0 Read
LDUMINAB_32_memop,MPAMIDR_EL1 Read,SCR_EL3 Read,SCTLR_EL3 Read,TCR_EL3 Read,MAIR_EL3 Read,MAIR2_EL3 Read,PIR_EL3 Read,SCTLR2_EL3 Read,OSLSR_EL1 Read,MDCCSR_EL0 Read
LDUMINAH_32_memop,MPAMIDR_EL1 Read,SCR_EL3 Read,SCTLR_EL3 Read,TCR_EL3 Read,MAIR_EL3 Read,MAIR2_EL3 Read,PIR_EL3 Read,SCTLR2_EL3 Read,OSLSR_EL1 Read,MDCCSR_EL0 Read
LDUMINALB_32_memop,MPAMIDR_EL1 Read,SCR_EL3 Read,SCTLR_EL3 Read,TCR_EL3 Read,MAIR_EL3 Read,MAIR2_EL3 Read,PIR_EL3 Read,SCTLR2_EL3 Read,OSLSR_EL1 Read,MDCCSR_EL0 Read
LDUMINALH_32_memop,MPAMIDR_EL1 Read,SCR_EL3 Read,SCTLR_EL3 Read,TCR_EL3 Read,MAIR_EL3 Read,MAIR2_EL3 Read,PIR_EL3 Read,SCTLR2_EL3 Read,OSLSR_EL1 Read,MDCCSR_EL0 Read
LDUMINAL_32_memop,MPAMIDR_EL1 Read,SCR_EL3 Read,SCTLR_EL3 Read,TCR_EL3 Read,MAIR_EL3 Read,MAIR2_EL3 Read,PIR_EL3 Read,SCTLR2_EL3 Read,OSLSR_EL1 Read,MDCCSR_EL0 Read
LDUMINAL_64_memop,MPAMIDR_EL1 Read,SCR_EL3 Read,SCTLR_EL3 Read,TCR_EL3 Read,MAIR_EL3 Read,MAIR2_EL3 Read,PIR_EL3 Read,SCTLR2_EL3 Read,OSLSR_EL1 Read,MDCCSR_EL0 Read
LDUMINA_32_memop,MPAMIDR_EL1 Read,SCR_EL3 Read,SCTLR_EL3 Read,TCR_EL3 Read,MAIR_EL3 Read,MAIR2_EL3 Read,PIR_EL3 Read,SCTLR2_EL3 Read,OSLSR_EL1 Read,MDCCSR_EL0 Read
LDUMINA_64_memop,MPAMIDR_EL1 Read,SCR_EL3 Read,SCTLR_EL3 Read,TCR_EL3 Read,MAIR_EL3 Read,MAIR2_EL3 Read,PIR_EL3 Read,SCTLR2_EL3 Read,OSLSR_EL1 Read,MDCCSR_EL0 Read
LDUMINB_32_memop,MPAMIDR_EL1 Read,SCR_EL3 Read,SCTLR_EL3 Read,TCR_EL3 Read,MAIR_EL3 Read,MAIR2_EL3 Read,PIR_EL3 Read,SCTLR2_EL3 Read,OSLSR_EL1 Read,MDCCSR_EL0 Read
LDUMINH_32_memop,MPAMIDR_EL1 Read,SCR_EL3 Read,SCTLR_EL3 Read,TCR_EL3 Read,MAIR_EL3 Read,MAIR2_EL3 Read,PIR_EL3 Read,SCTLR2_EL3 Read,OSLSR_EL1 Read,MDCCSR_EL0 Read
LDUMINLB_32_memop,MPAMIDR_EL1 Read,SCR_EL3 Read,SCTLR_EL3 Read,TCR_EL3 Read,MAIR_EL3 Read,MAIR2_EL3 Read,PIR_EL3 Read,SCTLR2_EL3 Read,OSLSR_EL1 Read,MDCCSR_EL0 Read
LDUMINLH_32_memop,MPAMIDR_EL1 Read,SCR_EL3 Read,SCTLR_EL3 Read,TCR_EL3 Read,MAIR_EL3 Read,MAIR2_EL3 Read,PIR_EL3 Read,SCTLR2_EL3 Read,OSLSR_EL1 Read,MDCCSR_EL0 Read
LDUMINL_32_memop,MPAMIDR_EL1 Read,SCR_EL3 Read,SCTLR_EL3 Read,TCR_EL3 Read,MAIR_EL3 Read,MAIR2_EL3 Read,PIR_EL3 Read,SCTLR2_EL3 Read,OSLSR_EL1 Read,MDCCSR_EL0 Read
LDUMINL_64_memop,MPAMIDR_EL1 Read,SCR_EL3 Read,SCTLR_EL3 Read,TCR_EL3 Read,MAIR_EL3 Read,MAIR2_EL3 Read,PIR_EL3 Read,SCTLR2_EL3 Read,OSLSR_EL1 Read,MDCCSR_EL0 Read
LDUMIN_32_memop,MPAMIDR_EL1 Read,SCR_EL3 Read,SCTLR_EL3 Read,TCR_EL3 Read,MAIR_EL3 Read,MAIR2_EL3 Read,PIR_EL3 Read,SCTLR2_EL3 Read,OSLSR_EL1 Read,MDCCSR_EL0 Read
LDUMIN_64_memop,MPAMIDR_EL1 Read,SCR_EL3 Read,SCTLR_EL3 Read,TCR_EL3 Read,MAIR_EL3 Read,MAIR2_EL3 Read,PIR_EL3 Read,SCTLR2_EL3 Read,OSLSR_EL1 Read,MDCCSR_EL0 Read
LDURB_32_ldst_unscaled,MPAMIDR_EL1 Read,SCR_EL3 Read,SCTLR_EL3 Read,TCR_EL3 Read,MAIR_EL3 Read,MAIR2_EL3 Read,PIR_EL3 Read,SCTLR2_EL3 Read,OSLSR_EL1 Read,MDCCSR_EL0 Read
LDURH_32_ldst_unscaled,MPAMIDR_EL1 Read,SCR_EL3 Read,SCTLR_EL3 Read,TCR_EL3 Read,MAIR_EL3 Read,MAIR2_EL3 Read,PIR_EL3 Read,SCTLR2_EL3 Read,OSLSR_EL1 Read,MDCCSR_EL0 Read
LDURSB_32_ldst_unscaled,MPAMIDR_EL1 Read,SCR_EL3 Read,SCTLR_EL3 Read,TCR_EL3 Read,MAIR_EL3 Read,MAIR2_EL3 Read,PIR_EL3 Read,SCTLR2_EL3 Read,OSLSR_EL1 Read,MDCCSR_EL0 Read
LDURSB_64_ldst_unscaled,MPAMIDR_EL1 Read,SCR_EL3 Read,SCTLR_EL3 Read,TCR_EL3 Read,MAIR_EL3 Read,MAIR2_EL3 Read,PIR_EL3 Read,SCTLR2_EL3 Read,OSLSR_EL1 Read,MDCCSR_EL0 Read
LDURSH_32_ldst_unscaled,MPAMIDR_EL1 Read,SCR_EL3 Read,SCTLR_EL3 Read,TCR_EL3 Read,MAIR_EL3 Read,MAIR2_EL3 Read,PIR_EL3 Read,SCTLR2_EL3 Read,OSLSR_EL1 Read,MDCCSR_EL0 Read
LDURSH_64_ldst_unscaled,MPAMIDR_EL1 Read,SCR_EL3 Read,SCTLR_EL3 Read,TCR_EL3 Read,MAIR_EL3 Read,MAIR2_EL3 Read,PIR_EL3 Read,SCTLR2_EL3 Read,OSLSR_EL1 Read,MDCCSR_EL0 Read
LDURSW_64_ldst_unscaled,MPAMIDR_EL1 Read,SCR_EL3 Read,SCTLR_EL3 Read,TCR_EL3 Read,MAIR_EL3 Read,MAIR2_EL3 Read,PIR_EL3 Read,SCTLR2_EL3 Read,OSLSR_EL1 Read,MDCCSR_EL0 Read
LDUR_32_ldst_unscaled,MPAMIDR_EL1 Read,SCR_EL3 Read,SCTLR_EL3 Read,TCR_EL3 Read,MAIR_EL3 Read,MAIR2_EL3 Read,PIR_EL3 Read,SCTLR2_EL3 Read,OSLSR_EL1 Read,MDCCSR_EL0 Read
LDUR_64_ldst_unscaled,MPAMIDR_EL1 Read,SCR_EL3 Read,SCTLR_EL3 Read,TCR_EL3 Read,MAIR_EL3 Read,MAIR2_EL3 Read,PIR_EL3 Read,SCTLR2_EL3 Read,OSLSR_EL1 Read,MDCCSR_EL0 Read
LDUR_B_ldst_unscaled,CPTR_EL3 Read,MPAMIDR_EL1 Read,SCR_EL3 Read,SCTLR_EL3 Read,TCR_EL3 Read,MAIR_EL3 Read,MAIR2_EL3 Read,PIR_EL3 Read,SCTLR2_EL3 Read,OSLSR_EL1 Read,MDCCSR_EL0 Read,SMCR_EL3 Read,ZCR_EL3 Read
LDUR_D_ldst_unscaled,CPTR_EL3 Read,MPAMIDR_EL1 Read,SCR_EL3 Read,SCTLR_EL3 Read,TCR_EL3 Read,MAIR_EL3 Read,MAIR2_EL3 Read,PIR_EL3 Read,SCTLR2_EL3 Read,OSLSR_EL1 Read,MDCCSR_EL0 Read,SMCR_EL3 Read,ZCR_EL3 Read
LDUR_H_ldst_unscaled,CPTR_EL3 Read,MPAMIDR_EL1 Read,SCR_EL3 Read,SCTLR_EL3 Read,TCR_EL3 Read,MAIR_EL3 Read,MAIR2_EL3 Read,PIR_EL3 Read,SCTLR2_EL3 Read,OSLSR_EL1 Read,MDCCSR_EL0 Read,SMCR_EL3 Read,ZCR_EL3 Read
LDUR_Q_ldst_unscaled,CPTR_EL3 Read,MPAMIDR_EL1 Read,SCR_EL3 Read,SCTLR_EL3 Read,TCR_EL3 Read,MAIR_EL3 Read,MAIR2_EL3 Read,PIR_EL3 Read,SCTLR2_EL3 Read,OSLSR_EL1 Read,MDCCSR_EL0 Read,SMCR_EL3 Read,ZCR_EL3 Read
LDUR_S_ldst_unscaled,CPTR_EL3 Read,MPAMIDR_EL1 Read,SCR_EL3 Read,SCTLR_EL3 Read,TCR_EL3 Read,MAIR_EL3 Read,MAIR2_EL3 Read,PIR_EL3 Read,SCTLR2_EL3 Read,OSLSR_EL1 Read,MDCCSR_EL0 Read,SMCR_EL3 Read,ZCR_EL3 Read
LDXP_LP32_ldstexclp,MPAMIDR_EL1 Read,SCR_EL3 Read,SCTLR_EL3 Read,TCR_EL3 Read,MAIR_EL3 Read,MAIR2_EL3 Read,PIR_EL3 Read,SCTLR2_EL3 Read,OSLSR_EL1 Read,MDCCSR_EL0 Read
LDXP_LP64_ldstexclp,MPAMIDR_EL1 Read,SCR_EL3 Read,SCTLR_EL3 Read,TCR_EL3 Read,MAIR_EL3 Read,MAIR2_EL3 Read,PIR_EL3 Read,SCTLR2_EL3 Read,OSLSR_EL1 Read,MDCCSR_EL0 Read
LDXRB_LR32_ldstexclr,MPAMIDR_EL1 Read,SCR_EL3 Read,SCTLR_EL3 Read,TCR_EL3 Read,MAIR_EL3 Read,MAIR2_EL3 Read,PIR_EL3 Read,SCTLR2_EL3 Read,OSLSR_EL1 Read,MDCCSR_EL0 Read
LDXRH_LR32_ldstexclr,MPAMIDR_EL1 Read,SCR_EL3 Read,SCTLR_EL3 Read,TCR_EL3 Read,MAIR_EL3 Read,MAIR2_EL3 Read,PIR_EL3 Read,SCTLR2_EL3 Read,OSLSR_EL1 Read,MDCCSR_EL0 Read
LDXR_LR32_ldstexclr,MPAMIDR_EL1 Read,SCR_EL3 Read,SCTLR_EL3 Read,TCR_EL3 Read,MAIR_EL3 Read,MAIR2_EL3 Read,PIR_EL3 Read,SCTLR2_EL3 Read,OSLSR_EL1 Read,MDCCSR_EL0 Read
LDXR_LR64_ldstexclr,MPAMIDR_EL1 Read,SCR_EL3 Read,SCTLR_EL3 Read,TCR_EL3 Read,MAIR_EL3 Read,MAIR2_EL3 Read,PIR_EL3 Read,SCTLR2_EL3 Read,OSLSR_EL1 Read,MDCCSR_EL0 Read
LSLV_32_dp_2src
LSLV_64_dp_2src
LSRV_32_dp_2src
LSRV_64_dp_2src
MADD_32A_dp_3src
MADD_64A_dp_3src
MOVK_32_movewide
MOVK_64_movewide
MOVN_32_movewide
MOVN_64_movewide
MOVZ_32_movewide
MOVZ_64_movewide
MRS_RS_systemmove@ACCDATA_EL1,MDCCSR_EL0 Read,SCR_EL3 Read,HFGRTR_EL2 Read,ACCDATA_EL1 Read
MRS_RS_systemmove@ACTLR_EL1,HCR_EL2 Read,ACTLR_EL1 Read
MRS_RS_systemmove@ACTLR_EL2,HCR_EL2 Read,ACTLR_EL2 Read
MRS_RS_systemmove@ACTLR_EL3,ACTLR_EL3 Read
MRS_RS_systemmove@AFSR0_EL1,HCR_EL2 Read,SCR_EL3 Read,HFGRTR_EL2 Read,AFSR0_EL1 Read
MRS_RS_systemmove@AFSR0_EL2,HCR_EL2 Read,AFSR0_EL2 Read
MRS_RS_systemmove@AFSR0_EL3,AFSR0_EL3 Read
MRS_RS_systemmove@AFSR1_EL1,HCR_EL2 Read,SCR_EL3 Read,HFGRTR_EL2 Read,AFSR1_EL1 Read
MRS_RS_systemmove@AFSR1_EL2,HCR_EL2 Read,AFSR1_EL2 Read
MRS_RS_systemmove@AFSR1_EL3,AFSR1_EL3 Read
MRS_RS_systemmove@AMAIR2_EL1,MDCCSR_EL0 Read,SCR_EL3 Read,HCR_EL2 Read,HFGRTR_EL2 Read,AMAIR2_EL1 Read
MRS_RS_systemmove@AMAIR2_EL2,HCR_EL2 Read,MDCCSR_EL0 Read,SCR_EL3 Read,AMAIR2_EL2 Read
MRS_RS_systemmove@AMAIR2_EL3,AMAIR2_EL3 Read
MRS_RS_systemmove@AMAIR_EL1,HCR_EL2 Read,SCR_EL3 Read,HFGRTR_EL2 Read,AMAIR_EL1 Read
MRS_RS_systemmove@AMAIR_EL2,HCR_EL2 Read,AMAIR_EL2 Read
MRS_RS_systemmove@AMAIR_EL3,AMAIR_EL3 Read
MRS_RS_systemmove@APDAKeyHi_EL1,MDCCSR_EL0 Read,SCR_EL3 Read,HCR_EL2 Read,HFGRTR_EL2 Read,APDAKeyHi_EL1 Read
MRS_RS_systemmove@APDAKeyLo_EL1,MDCCSR_EL0 Read,SCR_EL3 Read,HCR_EL2 Read,HFGRTR_EL2 Read,APDAKeyLo_EL1 Read
MRS_RS_systemmove@APDBKeyHi_EL1,MDCCSR_EL0 Read,SCR_EL3 Read,HCR_EL2 Read,HFGRTR_EL2 Read,APDBKeyHi_EL1 Read
MRS_RS_systemmove@APDBKeyLo_EL1,MDCCSR_EL0 Read,SCR_EL3 Read,HCR_EL2 Read,HFGRTR_EL2 Read,APDBKeyLo_EL1 Read
MRS_RS_systemmove@APGAKeyHi_EL1,MDCCSR_EL0 Read,SCR_EL3 Read,HCR_EL2 Read,HFGRTR_EL2 Read,APGAKeyHi_EL1 Read
MRS_RS_systemmove@APGAKeyLo_EL1,MDCCSR_EL0 Read,SCR_EL3 Read,HCR_EL2 Read,HFGRTR_EL2 Read,APGAKeyLo_EL1 Read
MRS_RS_systemmove@APIAKeyHi_EL1,MDCCSR_EL0 Read,SCR_EL3 Read,HCR_EL2 Read,HFGRTR_EL2 Read,APIAKeyHi_EL1 Read
MRS_RS_systemmove@APIAKeyLo_EL1,MDCCSR_EL0 Read,SCR_EL3 Read,HCR_EL2 Read,HFGRTR_EL2 Read,APIAKeyLo_EL1 Read
MRS_RS_systemmove@APIBKeyHi_EL1,MDCCSR_EL0 Read,SCR_EL3 Read,HCR_EL2 Read,HFGRTR_EL2 Read,APIBKeyHi_EL1 Read
MRS_RS_systemmove@APIBKeyLo_EL1,MDCCSR_EL0 Read,SCR_EL3 Read,HCR_EL2 Read,HFGRTR_EL2 Read,APIBKeyLo_EL1 Read
MRS_RS_systemmove@CONTEXTIDR_EL1,HCR_EL2 Read,SCR_EL3 Read,HFGRTR_EL2 Read,CONTEXTIDR_EL1 Read
MRS_RS_systemmove@CONTEXTIDR_EL2,HCR_EL2 Read,CONTEXTIDR_EL2 Read
MRS_RS_systemmove@CPACR_EL1,MDCCSR_EL0 Read,CPTR_EL3 Read,CPTR_EL2 Read,SCR_EL3 Read,HFGRTR_EL2 Read,HCR_EL2 Read,CPACR_EL1 Read
MRS_RS_systemmove@CPTR_EL2,HCR_EL2 Read,MDCCSR_EL0 Read,CPTR_EL3 Read,CPTR_EL2 Read
MRS_RS_systemmove@CPTR_EL3,CPTR_EL3 Read
MRS_RS_systemmove@CSSELR_EL1,HCR_EL2 Read,SCR_EL3 Read,HFGRTR_EL2 Read,CSSELR_EL1 Read
MRS_RS_systemmove@DBGAUTHSTATUS_EL1,MDCCSR_EL0 Read,MDCR_EL3 Read,SCR_EL3 Read,HDFGRTR_EL2 Read,DBGAUTHSTATUS_EL1 Read
MRS_RS_systemmove@DBGCLAIMCLR_EL1,MDCCSR_EL0 Read,MDCR_EL3 Read,SCR_EL3 Read,HDFGRTR_EL2 Read,DBGCLAIMCLR_EL1 Read
MRS_RS_systemmove@DBGCLAIMSET_EL1,MDCCSR_EL0 Read,MDCR_EL3 Read,SCR_EL3 Read,HDFGRTR_EL2 Read,DBGCLAIMSET_EL1 Read
MRS_RS_systemmove@DBGDTRRX_EL0,MDSCR_EL1 Write,MDCR_EL2 Read,MDCR_EL3 Read,MDCCSR_EL0 Write,DBGDTRRX_EL0 Read,DBGDSCRint Write,DBGDSCRext Write
MRS_RS_systemmove@DBGDTRTX_EL0,MDSCR_EL1 Write,MDCR_EL2 Read,MDCR_EL3 Read,MDCCSR_EL0 Write,DBGDTRRX_EL0 Read,DBGDSCRint Write,DBGDSCRext Write
MRS_RS_systemmove@DBGDTR_EL0,MDSCR_EL1 Write,MDCR_EL2 Read,MDCR_EL3 Read,MDCCSR_EL0 Write,DBGDTR_EL0 Read,DBGDTRTX_EL0 Read,DBGDTRRX_EL0 Read,DBGDSCRint Write,DBGDSCRext Write
MRS_RS_systemmove@DBGPRCR_EL1,MDCCSR_EL0 Read,MDCR_EL3 Read,SCR_EL3 Read,HDFGRTR_EL2 Read,DBGPRCR_EL1 Read
MRS_RS_systemmove@DISR_EL1,HCR_EL2 Read,SCR_EL3 Read,DISR_EL1 Read
MRS_RS_systemmove@ELR_EL1,HCR_EL2 Read,ELR_EL1 Read
MRS_RS_systemmove@ELR_EL2,HCR_EL2 Read,ELR_EL2 Read
MRS_RS_systemmove@ELR_EL3,ELR_EL3 Read
MRS_RS_systemmove@ERRIDR_EL1,MDCCSR_EL0 Read,SCR_EL3 Read,HCR_EL2 Read,HFGRTR_EL2 Read,ERRIDR_EL1 Read
MRS_RS_systemmove@ERRSELR_EL1,MDCCSR_EL0 Read,SCR_EL3 Read,HCR_EL2 Read,HFGRTR_EL2 Read,ERRSELR_EL1 Read
MRS_RS_systemmove@ERXADDR_EL1,MDCCSR_EL0 Read,SCR_EL3 Read,HCR_EL2 Read,HFGRTR_EL2 Read,ERXADDR_EL1 Read
MRS_RS_systemmove@ERXCTLR_EL1,MDCCSR_EL0 Read,SCR_EL3 Read,HCR_EL2 Read,HFGRTR_EL2 Read,ERXCTLR_EL1 Read
MRS_RS_systemmove@ERXFR_EL1,MDCCSR_EL0 Read,SCR_EL3 Read,HCR_EL2 Read,HFGRTR_EL2 Read,ERXFR_EL1 Read,ERRIDR_EL1 Read,ERRSELR_EL1 Read
MRS_RS_systemmove@ERXGSR_EL1,MDCCSR_EL0 Read,SCR_EL3 Read,HCR_EL2 Read,HFGRTR2_EL2 Read,ERXGSR_EL1 Read
MRS_RS_systemmove@ERXMISC0_EL1,MDCCSR_EL0 Read,SCR_EL3 Read,HCR_EL2 Read,HFGRTR_EL2 Read,ERXMISC0_EL1 Read
MRS_RS_systemmove@ERXMISC1_EL1,MDCCSR_EL0 Read,SCR_EL3 Read,HCR_EL2 Read,HFGRTR_EL2 Read,ERXMISC1_EL1 Read
MRS_RS_systemmove@ERXMISC2_EL1,MDCCSR_EL0 Read,SCR_EL3 Read,HCR_EL2 Read,HFGRTR_EL2 Read,ERXMISC2_EL1 Read
MRS_RS_systemmove@ERXMISC3_EL1,MDCCSR_EL0 Read,SCR_EL3 Read,HCR_EL2 Read,HFGRTR_EL2 Read,ERXMISC3_EL1 Read
MRS_RS_systemmove@ERXPFGCDN_EL1,MDCCSR_EL0 Read,SCR_EL3 Read,HCR_EL2 Read,HFGRTR_EL2 Read,ERXPFGCDN_EL1 Read
MRS_RS_systemmove@ERXPFGCTL_EL1,MDCCSR_EL0 Read,SCR_EL3 Read,HCR_EL2 Read,HFGRTR_EL2 Read,ERXPFGCTL_EL1 Read
MRS_RS_systemmove@ERXPFGF_EL1,MDCCSR_EL0 Read,SCR_EL3 Read,HCR_EL2 Read,HFGRTR_EL2 Read,ERXPFGF_EL1 Read
MRS_RS_systemmove@ERXSTATUS_EL1,MDCCSR_EL0 Read,SCR_EL3 Read,HCR_EL2 Read,HFGRTR_EL2 Read,ERXSTATUS_EL1 Read
MRS_RS_systemmove@ESR_EL1,HCR_EL2 Read,SCR_EL3 Read,HFGRTR_EL2 Read,ESR_EL1 Read
MRS_RS_systemmove@ESR_EL2,HCR_EL2 Read,ESR_EL2 Read
MRS_RS_systemmove@ESR_EL3,ESR_EL3 Read
MRS_RS_systemmove@FAR_EL1,HCR_EL2 Read,SCR_EL3 Read,HFGRTR_EL2 Read,FAR_EL1 Read
MRS_RS_systemmove@FAR_EL2,HCR_EL2 Read,FAR_EL2 Read
MRS_RS_systemmove@FAR_EL3,FAR_EL3 Read
MRS_RS_systemmove@FPCR,MDCCSR_EL0 Read,CPTR_EL3 Read,CPACR_EL1 Read,HCR_EL2 Read,CPTR_EL2 Read,FPCR Read
MRS_RS_systemmove@FPSR,MDCCSR_EL0 Read,CPTR_EL3 Read,CPACR_EL1 Read,HCR_EL2 Read,CPTR_EL2 Read,FPSR Read
MRS_RS_systemmove@GCR_EL1,MDCCSR_EL0 Read,SCR_EL3 Read,HCR_EL2 Read,GCR_EL1 Read
MRS_RS_systemmove@GCSCRE0_EL1,MDCCSR_EL0 Read,SCR_EL3 Read,HFGRTR_EL2 Read,GCSCRE0_EL1 Read
MRS_RS_systemmove@GCSCR_EL1,MDCCSR_EL0 Read,SCR_EL3 Read,HFGRTR_EL2 Read,HCR_EL2 Read,GCSCR_EL1 Read
MRS_RS_systemmove@GCSCR_EL2,HCR_EL2 Read,MDCCSR_EL0 Read,SCR_EL3 Read,GCSCR_EL2 Read
MRS_RS_systemmove@GCSCR_EL3,GCSCR_EL3 Read
MRS_RS_systemmove@GCSPR_EL0,MDCCSR_EL0 Read,SCR_EL3 Read,HCR_EL2 Read,GCSCRE0_EL1 Read,HFGRTR_EL2 Read,GCSPR_EL0 Read
MRS_RS_systemmove@GCSPR_EL1,MDCCSR_EL0 Read,SCR_EL3 Read,HFGRTR_EL2 Read,HCR_EL2 Read,GCSPR_EL1 Read
MRS_RS_systemmove@GCSPR_EL2,HCR_EL2 Read,MDCCSR_EL0 Read,SCR_EL3 Read,GCSPR_EL2 Read
MRS_RS_systemmove@GCSPR_EL3,GCSPR_EL3 Read
MRS_RS_systemmove@GPCCR_EL3,GPCCR_EL3 Read
MRS_RS_systemmove@GPTBR_EL3,GPTBR_EL3 Read
MRS_RS_systemmove@HACR_EL2,HCR_EL2 Read,HACR_EL2 Read
MRS_RS_systemmove@HAFGRTR_EL2,HCR_EL2 Read,MDCCSR_EL0 Read,SCR_EL3 Read,HAFGRTR_EL2 Read
MRS_RS_systemmove@HCRX_EL2,HCR_EL2 Read,MDCCSR_EL0 Read,SCR_EL3 Read,HCRX_EL2 Read
MRS_RS_systemmove@HCR_EL2,HCR_EL2 Read,SCR_EL3 Read
MRS_RS_systemmove@HDFGRTR2_EL2,HCR_EL2 Read,MDCCSR_EL0 Read,SCR_EL3 Read,HDFGRTR2_EL2 Read
MRS_RS_systemmove@HDFGRTR_EL2,HCR_EL2 Read,MDCCSR_EL0 Read,SCR_EL3 Read,HDFGRTR_EL2 Read
MRS_RS_systemmove@HDFGWTR2_EL2,HCR_EL2 Read,MDCCSR_EL0 Read,SCR_EL3 Read,HDFGWTR2_EL2 Read
MRS_RS_systemmove@HDFGWTR_EL2,HCR_EL2 Read,MDCCSR_EL0 Read,SCR_EL3 Read,HDFGWTR_EL2 Read
MRS_RS_systemmove@HFGITR2_EL2,HCR_EL2 Read,MDCCSR_EL0 Read,SCR_EL3 Read,HFGITR2_EL2 Read
MRS_RS_systemmove@HFGITR_EL2,HCR_EL2 Read,MDCCSR_EL0 Read,SCR_EL3 Read,HFGITR_EL2 Read
MRS_RS_systemmove@HFGRTR2_EL2,HCR_EL2 Read,MDCCSR_EL0 Read,SCR_EL3 Read,HFGRTR2_EL2 Read
MRS_RS_systemmove@HFGRTR_EL2,HCR_EL2 Read,MDCCSR_EL0 Read,SCR_EL3 Read,HFGRTR_EL2 Read
MRS_RS_systemmove@HFGWTR2_EL2,HCR_EL2 Read,MDCCSR_EL0 Read,SCR_EL3 Read,HFGWTR2_EL2 Read
MRS_RS_systemmove@HFGWTR_EL2,HCR_EL2 Read,MDCCSR_EL0 Read,SCR_EL3 Read,HFGWTR_EL2 Read
MRS_RS_systemmove@HPFAR_EL2,HCR_EL2 Read,HPFAR_EL2 Read
MRS_RS_systemmove@HSTR_EL2,HCR_EL2 Read,HSTR_EL2 Read
MRS_RS_systemmove@ISR_EL1,SCR_EL3 Read,HFGRTR_EL2 Read,ISR_EL1 Read
MRS_RS_systemmove@LORC_EL1,MDCCSR_EL0 Read,SCR_EL3 Read,HCR_EL2 Read,HFGRTR_EL2 Read,LORC_EL1 Read
MRS_RS_systemmove@LOREA_EL1,MDCCSR_EL0 Read,SCR_EL3 Read,HCR_EL2 Read,HFGRTR_EL2 Read,LOREA_EL1 Read
MRS_RS_systemmove@LORID_EL1,MDCCSR_EL0 Read,SCR_EL3 Read,HCR_EL2 Read,HFGRTR_EL2 Read,LORID_EL1 Read
MRS_RS_systemmove@LORN_EL1,MDCCSR_EL0 Read,SCR_EL3 Read,HCR_EL2 Read,HFGRTR_EL2 Read,LORN_EL1 Read
MRS_RS_systemmove@LORSA_EL1,MDCCSR_EL0 Read,SCR_EL3 Read,HCR_EL2 Read,HFGRTR_EL2 Read,LORSA_EL1 Read
MRS_RS_systemmove@MAIR2_EL1,MDCCSR_EL0 Read,SCR_EL3 Read,HCR_EL2 Read,HFGRTR_EL2 Read,MAIR2_EL1 Read
MRS_RS_systemmove@MAIR2_EL2,HCR_EL2 Read,MDCCSR_EL0 Read,SCR_EL3 Read,MAIR2_EL2 Read
MRS_RS_systemmove@MAIR2_EL3,MAIR2_EL3 Read
MRS_RS_systemmove@MAIR_EL1,HCR_EL2 Read,SCR_EL3 Read,HFGRTR_EL2 Read,MAIR_EL1 Read
MRS_RS_systemmove@MAIR_EL2,HCR_EL2 Read,MAIR_EL2 Read
MRS_RS_systemmove@MAIR_EL3,MAIR_EL3 Read
MRS_RS_systemmove@MDCCINT_EL1,MDCCSR_EL0 Read,MDCR_EL3 Read,MDCR_EL2 Read,MDCCINT_EL1 Read
MRS_RS_systemmove@MDCCSR_EL0,MDCCSR_EL0 Read,MDCR_EL3 Read,MDSCR_EL1 Read,MDCR_EL2 Read
MRS_RS_systemmove@MDCR_EL2,HCR_EL2 Read,MDCCSR_EL0 Read,MDCR_EL3 Read,MDCR_EL2 Read
MRS_RS_systemmove@MDCR_EL3,MDCR_EL3 Read
MRS_RS_systemmove@MDRAR_EL1,MDCCSR_EL0 Read,MDCR_EL3 Read,MDRAR_EL1 Read
MRS_RS_systemmove@MDSCR_EL1,MDCCSR_EL0 Read,MDCR_EL3 Read,SCR_EL3 Read,HDFGRTR_EL2 Read,MDSCR_EL1 Read
MRS_RS_systemmove@MDSELR_EL1,MDCCSR_EL0 Read,MDCR_EL3 Read,SCR_EL3 Read,HDFGRTR2_EL2 Read,MDSELR_EL1 Read
MRS_RS_systemmove@MFAR_EL3,MFAR_EL3 Read
MRS_RS_systemmove@MPAMHCR_EL2,HCR_EL2 Read,MPAM3_EL3 Read,MPAM2_EL2 Read,MDCCSR_EL0 Read,MPAMHCR_EL2 Read
MRS_RS_systemmove@MPAMSM_EL1,MPAM3_EL3 Read,MPAM2_EL2 Read,MDCCSR_EL0 Read,MPAMSM_EL1 Read
MRS_RS_systemmove@OSDLR_EL1,HDFGRTR_EL2 Read,MDCR_EL2 Read,OSDLR_EL1 Read
MRS_RS_systemmove@OSDTRRX_EL1,MDCCSR_EL0 Read,MDCR_EL3 Read,MDCR_EL2 Read,OSDTRRX_EL1 Read
MRS_RS_systemmove@OSDTRTX_EL1,MDCCSR_EL0 Read,MDCR_EL3 Read,MDCR_EL2 Read,OSDTRTX_EL1 Read
MRS_RS_systemmove@OSECCR_EL1,MDCCSR_EL0 Read,MDCR_EL3 Read,SCR_EL3 Read,HDFGRTR_EL2 Read,OSLSR_EL1 Read,OSECCR_EL1 Read
MRS_RS_systemmove@OSLAR_EL1
MRS_RS_systemmove@OSLSR_EL1,MDCCSR_EL0 Read,MDCR_EL3 Read,SCR_EL3 Read,HDFGRTR_EL2 Read,OSLSR_EL1 Read
MRS_RS_systemmove@PAR_EL1,SCR_EL3 Read,HFGRTR_EL2 Read,PAR_EL1 Read
MRS_RS_systemmove@PFAR_EL1,SCR_EL3 Read,HFGRTR2_EL2 Read,HCR_EL2 Read,PFAR_EL1 Read
MRS_RS_systemmove@PFAR_EL2,HCR_EL2 Read,PFAR_EL2 Read
MRS_RS_systemmove@PIRE0_EL1,MDCCSR_EL0 Read,SCR_EL3 Read,HCR_EL2 Read,HFGRTR_EL2 Read,PIRE0_EL1 Read
MRS_RS_systemmove@PIRE0_EL2,HCR_EL2 Read,MDCCSR_EL0 Read,SCR_EL3 Read,PIRE0_EL2 Read
MRS_RS_systemmove@PIR_EL1,MDCCSR_EL0 Read,SCR_EL3 Read,HCR_EL2 Read,HFGRTR_EL2 Read,PIR_EL1 Read
MRS_RS_systemmove@PIR_EL2,HCR_EL2 Read,MDCCSR_EL0 Read,SCR_EL3 Read,PIR_EL2 Read
MRS_RS_systemmove@PIR_EL3,PIR_EL3 Read
MRS_RS_systemmove@POR_EL0,MDCCSR_EL0 Read,SCR_EL3 Read,CPACR_EL1 Read,HCR_EL2 Read,HFGRTR_EL2 Read,CPTR_EL2 Read,POR_EL0 Read
MRS_RS_systemmove@POR_EL1,MDCCSR_EL0 Read,SCR_EL3 Read,HCR_EL2 Read,HFGRTR_EL2 Read,POR_EL1 Read
MRS_RS_systemmove@POR_EL2,HCR_EL2 Read,MDCCSR_EL0 Read,SCR_EL3 Read,POR_EL2 Read
MRS_RS_systemmove@POR_EL3,POR_EL3 Read
MRS_RS_systemmove@RCWMASK_EL1,MDCCSR_EL0 Read,SCR_EL3 Read,HFGRTR_EL2 Read,RCWMASK_EL1 Read
MRS_RS_systemmove@RCWSMASK_EL1,MDCCSR_EL0 Read,SCR_EL3 Read,HFGRTR2_EL2 Read,RCWSMASK_EL1 Read
MRS_RS_systemmove@RGSR_EL1,MDCCSR_EL0 Read,SCR_EL3 Read,HCR_EL2 Read,RGSR_EL1 Read
MRS_RS_systemmove@RMR_EL3,RMR_EL3 Read,ID_AA64PFR0_EL1 Read
MRS_RS_systemmove@RNDR,SCR_EL3 Read,MDCCSR_EL0 Read,RNDR Read
MRS_RS_systemmove@RNDRRS,SCR_EL3 Read,MDCCSR_EL0 Read,RNDRRS Read
MRS_RS_systemmove@RVBAR_EL3,RVBAR_EL3 Read
MRS_RS_systemmove@S2PIR_EL2,HCR_EL2 Read,MDCCSR_EL0 Read,SCR_EL3 Read,S2PIR_EL2 Read
MRS_RS_systemmove@S2POR_EL1,MDCCSR_EL0 Read,SCR_EL3 Read,HCR_EL2 Read,HFGRTR_EL2 Read,S2POR_EL1 Read
MRS_RS_systemmove@SCR_EL3,SCR_EL3 Read
MRS_RS_systemmove@SCTLR2_EL1,MDCCSR_EL0 Read,SCR_EL3 Read,HCR_EL2 Read,HFGRTR_EL2 Read,HCRX_EL2 Read,SCTLR2_EL1 Read
MRS_RS_systemmove@SCTLR2_EL2,HCR_EL2 Read,MDCCSR_EL0 Read,SCR_EL3 Read,SCTLR2_EL2 Read
MRS_RS_systemmove@SCTLR2_EL3,SCTLR2_EL3 Read
MRS_RS_systemmove@SCTLR_EL1,HCR_EL2 Read,SCR_EL3 Read,HFGRTR_EL2 Read,SCTLR_EL1 Read
MRS_RS_systemmove@SCTLR_EL2,HCR_EL2 Read,SCTLR_EL2 Read
MRS_RS_systemmove@SCTLR_EL3,SCTLR_EL3 Read
MRS_RS_systemmove@SCXTNUM_EL0,MDCCSR_EL0 Read,SCR_EL3 Read,SCTLR_EL1 Read,HCR_EL2 Read,HFGRTR_EL2 Read,SCTLR_EL2 Read,SCXTNUM_EL0 Read
MRS_RS_systemmove@SCXTNUM_EL1,MDCCSR_EL0 Read,SCR_EL3 Read,HCR_EL2 Read,HFGRTR_EL2 Read,SCXTNUM_EL1 Read
MRS_RS_systemmove@SCXTNUM_EL2,HCR_EL2 Read,MDCCSR_EL0 Read,SCR_EL3 Read,SCXTNUM_EL2 Read
MRS_RS_systemmove@SCXTNUM_EL3,SCXTNUM_EL3 Read
MRS_RS_systemmove@SMCR_EL3
MRS_RS_systemmove@SMIDR_EL1,HCR_EL2 Read,SMIDR_EL1 Read
MRS_RS_systemmove@SPSR_EL1,HCR_EL2 Read,SPSR_EL1 Read
MRS_RS_systemmove@SPSR_EL2,HCR_EL2 Read,SPSR_EL2 Read
MRS_RS_systemmove@SPSR_EL3,SPSR_EL3 Read
MRS_RS_systemmove@SPSR_abt,HCR_EL2 Read,SPSR_abt Read
MRS_RS_systemmove@SPSR_fiq,HCR_EL2 Read,SPSR_fiq Read
MRS_RS_systemmove@SPSR_irq,HCR_EL2 Read,SPSR_irq Read
MRS_RS_systemmove@SPSR_und,HCR_EL2 Read,SPSR_und Read
MRS_RS_systemmove@SP_EL0
MRS_RS_systemmove@SP_EL1,HCR_EL2 Read,SP_EL1 Read
MRS_RS_systemmove@SP_EL2,SP_EL2 Read
MRS_RS_systemmove@TCR2_EL1,MDCCSR_EL0 Read,SCR_EL3 Read,HCR_EL2 Read,HFGRTR_EL2 Read,HCRX_EL2 Read,TCR2_EL1 Read
MRS_RS_systemmove@TCR2_EL2,HCR_EL2 Read,MDCCSR_EL0 Read,SCR_EL3 Read,TCR2_EL2 Read
MRS_RS_systemmove@TCR_EL1,HCR_EL2 Read,SCR_EL3 Read,HFGRTR_EL2 Read,TCR_EL1 Read
MRS_RS_systemmove@TCR_EL2,HCR_EL2 Read,TCR_EL2 Read
MRS_RS_systemmove@TCR_EL3,TCR_EL3 Read
MRS_RS_systemmove@TPIDR2_EL0,MDCCSR_EL0 Read,SCR_EL3 Read,SCTLR_EL1 Read,HCR_EL2 Read,SCTLR_EL2 Read,HFGRTR_EL2 Read,TPIDR2_EL0 Read
MRS_RS_systemmove@TPIDRRO_EL0,SCR_EL3 Read,HFGRTR_EL2 Read,TPIDRRO_EL0 Read
MRS_RS_systemmove@TPIDR_EL0,SCR_EL3 Read,HFGRTR_EL2 Read,TPIDR_EL0 Read
MRS_RS_systemmove@TPIDR_EL1,SCR_EL3 Read,HFGRTR_EL2 Read,TPIDR_EL1 Read
MRS_RS_systemmove@TPIDR_EL2,HCR_EL2 Read,TPIDR_EL2 Read
MRS_RS_systemmove@TPIDR_EL3,TPIDR_EL3 Read
MRS_RS_systemmove@TTBR0_EL1,HCR_EL2 Read,SCR_EL3 Read,HFGRTR_EL2 Read,TTBR0_EL1 Read
MRS_RS_systemmove@TTBR0_EL2,HCR_EL2 Read,TTBR0_EL2 Read
MRS_RS_systemmove@TTBR0_EL3,TTBR0_EL3 Read
MRS_RS_systemmove@TTBR1_EL1,HCR_EL2 Read,SCR_EL3 Read,HFGRTR_EL2 Read,TTBR1_EL1 Read
MRS_RS_systemmove@TTBR1_EL2,HCR_EL2 Read,TTBR1_EL2 Read
MRS_RS_systemmove@VBAR_EL1,SCR_EL3 Read,HFGRTR_EL2 Read,HCR_EL2 Read,VBAR_EL1 Read
MRS_RS_systemmove@VBAR_EL2,HCR_EL2 Read,VBAR_EL2 Read
MRS_RS_systemmove@VBAR_EL3,VBAR_EL3 Read
MRS_RS_systemmove@VDISR_EL2,HCR_EL2 Read,VDISR_EL2 Read
MRS_RS_systemmove@VNCR_EL2,HCR_EL2 Read,VNCR_EL2 Read
MRS_RS_systemmove@VSESR_EL2,HCR_EL2 Read,VSESR_EL2 Read
MRS_RS_systemmove@VTCR_EL2,HCR_EL2 Read,VTCR_EL2 Read
MRS_RS_systemmove@VTTBR_EL2,HCR_EL2 Read,VTTBR_EL2 Read
MSR_SI_pstate
MSR_SR_systemmove@ACCDATA_EL1,MDCCSR_EL0 Read,SCR_EL3 Read,HFGWTR_EL2 Read,ACCDATA_EL1 Write
MSR_SR_systemmove@ACTLR_EL1,HCR_EL2 Read,ACTLR_EL1 Write
MSR_SR_systemmove@ACTLR_EL2,HCR_EL2 Read,ACTLR_EL2 Write
MSR_SR_systemmove@ACTLR_EL3,ACTLR_EL3 Write
MSR_SR_systemmove@AFSR0_EL1,HCR_EL2 Read,SCR_EL3 Read,HFGWTR_EL2 Read,AFSR0_EL1 Write
MSR_SR_systemmove@AFSR0_EL2,HCR_EL2 Read,AFSR0_EL2 Write
MSR_SR_systemmove@AFSR0_EL3,AFSR0_EL3 Write
MSR_SR_systemmove@AFSR1_EL1,HCR_EL2 Read,SCR_EL3 Read,HFGWTR_EL2 Read,AFSR1_EL1 Write
MSR_SR_systemmove@AFSR1_EL2,HCR_EL2 Read,AFSR1_EL2 Write
MSR_SR_systemmove@AFSR1_EL3,AFSR1_EL3 Write
MSR_SR_systemmove@AMAIR2_EL1,MDCCSR_EL0 Read,SCR_EL3 Read,HCR_EL2 Read,HFGWTR_EL2 Read,AMAIR2_EL1 Write
MSR_SR_systemmove@AMAIR2_EL2,HCR_EL2 Read,MDCCSR_EL0 Read,SCR_EL3 Read,AMAIR2_EL2 Write
MSR_SR_systemmove@AMAIR2_EL3,AMAIR2_EL3 Write
MSR_SR_systemmove@AMAIR_EL1,HCR_EL2 Read,SCR_EL3 Read,HFGWTR_EL2 Read,AMAIR_EL1 Write
MSR_SR_systemmove@AMAIR_EL2,HCR_EL2 Read,AMAIR_EL2 Write
MSR_SR_systemmove@AMAIR_EL3,AMAIR_EL3 Write
MSR_SR_systemmove@APDAKeyHi_EL1,MDCCSR_EL0 Read,SCR_EL3 Read,HCR_EL2 Read,HFGWTR_EL2 Read,APDAKeyHi_EL1 Write
MSR_SR_systemmove@APDAKeyLo_EL1,MDCCSR_EL0 Read,SCR_EL3 Read,HCR_EL2 Read,HFGWTR_EL2 Read,APDAKeyLo_EL1 Write
MSR_SR_systemmove@APDBKeyHi_EL1,MDCCSR_EL0 Read,SCR_EL3 Read,HCR_EL2 Read,HFGWTR_EL2 Read,APDBKeyHi_EL1 Write
MSR_SR_systemmove@APDBKeyLo_EL1,MDCCSR_EL0 Read,SCR_EL3 Read,HCR_EL2 Read,HFGWTR_EL2 Read,APDBKeyLo_EL1 Write
MSR_SR_systemmove@APGAKeyHi_EL1,MDCCSR_EL0 Read,SCR_EL3 Read,HCR_EL2 Read,HFGWTR_EL2 Read,APGAKeyHi_EL1 Write
MSR_SR_systemmove@APGAKeyLo_EL1,MDCCSR_EL0 Read,SCR_EL3 Read,HCR_EL2 Read,HFGWTR_EL2 Read,APGAKeyLo_EL1 Write
MSR_SR_systemmove@APIAKeyHi_EL1,MDCCSR_EL0 Read,SCR_EL3 Read,HCR_EL2 Read,HFGWTR_EL2 Read,APIAKeyHi_EL1 Write
MSR_SR_systemmove@APIAKeyLo_EL1,MDCCSR_EL0 Read,SCR_EL3 Read,HCR_EL2 Read,HFGWTR_EL2 Read,APIAKeyLo_EL1 Write
MSR_SR_systemmove@APIBKeyHi_EL1,MDCCSR_EL0 Read,SCR_EL3 Read,HCR_EL2 Read,HFGWTR_EL2 Read,APIBKeyHi_EL1 Write
MSR_SR_systemmove@APIBKeyLo_EL1,MDCCSR_EL0 Read,SCR_EL3 Read,HCR_EL2 Read,HFGWTR_EL2 Read,APIBKeyLo_EL1 Write
MSR_SR_systemmove@CONTEXTIDR_EL1,HCR_EL2 Read,SCR_EL3 Read,HFGWTR_EL2 Read,CONTEXTIDR_EL1 Write
MSR_SR_systemmove@CONTEXTIDR_EL2,HCR_EL2 Read,CONTEXTIDR_EL2 Write
MSR_SR_systemmove@CPACR_EL1,MDCCSR_EL0 Read,CPTR_EL3 Read,CPTR_EL2 Read,SCR_EL3 Read,HFGWTR_EL2 Read,HCR_EL2 Read,CPACR_EL1 Write
MSR_SR_systemmove@CPTR_EL2,HCR_EL2 Read,MDCCSR_EL0 Read,CPTR_EL3 Read,CPTR_EL2 Write
MSR_SR_systemmove@CPTR_EL3,CPTR_EL3 Write
MSR_SR_systemmove@CSSELR_EL1,HCR_EL2 Read,SCR_EL3 Read,HFGWTR_EL2 Read,CSSELR_EL1 Write
MSR_SR_systemmove@DBGAUTHSTATUS_EL1
MSR_SR_systemmove@DBGCLAIMCLR_EL1,DBGCLAIMCLR_EL1 Write,MDCCSR_EL0 Read,MDCR_EL3 Read,SCR_EL3 Read,HDFGWTR_EL2 Read
MSR_SR_systemmove@DBGCLAIMSET_EL1,DBGCLAIMCLR_EL1 Write,MDCCSR_EL0 Read,MDCR_EL3 Read,SCR_EL3 Read,HDFGWTR_EL2 Read,DBGCLAIMSET_EL1 Write
MSR_SR_systemmove@DBGDTRRX_EL0,MDSCR_EL1 Write,MDCR_EL2 Read,MDCR_EL3 Read,MDCCSR_EL0 Write,DBGDTRTX_EL0 Write,DBGDSCRint Write,DBGDSCRext Write
MSR_SR_systemmove@DBGDTRTX_EL0,MDSCR_EL1 Write,MDCR_EL2 Read,MDCR_EL3 Read,MDCCSR_EL0 Write,DBGDTRTX_EL0 Write,DBGDSCRint Write,DBGDSCRext Write
MSR_SR_systemmove@DBGDTR_EL0,MDSCR_EL1 Write,MDCR_EL2 Read,MDCR_EL3 Read,MDCCSR_EL0 Write,DBGDTRTX_EL0 Write,DBGDTRRX_EL0 Write,DBGDTR_EL0 Write,DBGDSCRint Write,DBGDSCRext Write
MSR_SR_systemmove@DBGPRCR_EL1,MDCCSR_EL0 Read,MDCR_EL3 Read,SCR_EL3 Read,HDFGWTR_EL2 Read,DBGPRCR_EL1 Write
MSR_SR_systemmove@DISR_EL1,HCR_EL2 Read,SCR_EL3 Read,DISR_EL1 Write
MSR_SR_systemmove@ELR_EL1,HCR_EL2 Read,ELR_EL1 Write
MSR_SR_systemmove@ELR_EL2,HCR_EL2 Read,ELR_EL2 Write
MSR_SR_systemmove@ELR_EL3,GCSCR_EL3 Read,ELR_EL3 Write
MSR_SR_systemmove@ERRIDR_EL1
MSR_SR_systemmove@ERRSELR_EL1,MDCCSR_EL0 Read,SCR_EL3 Read,HCR_EL2 Read,HFGWTR_EL2 Read,ERRSELR_EL1 Write
MSR_SR_systemmove@ERXADDR_EL1,MDCCSR_EL0 Read,SCR_EL3 Read,HCR_EL2 Read,HFGWTR_EL2 Read,ERXADDR_EL1 Write
MSR_SR_systemmove@ERXCTLR_EL1,MDCCSR_EL0 Read,SCR_EL3 Read,HCR_EL2 Read,HFGWTR_EL2 Read,ERXCTLR_EL1 Write
MSR_SR_systemmove@ERXFR_EL1
MSR_SR_systemmove@ERXGSR_EL1
MSR_SR_systemmove@ERXMISC0_EL1,MDCCSR_EL0 Read,SCR_EL3 Read,HCR_EL2 Read,HFGWTR_EL2 Read,ERXMISC0_EL1 Write
MSR_SR_systemmove@ERXMISC1_EL1,MDCCSR_EL0 Read,SCR_EL3 Read,HCR_EL2 Read,HFGWTR_EL2 Read,ERXMISC1_EL1 Write
MSR_SR_systemmove@ERXMISC2_EL1,MDCCSR_EL0 Read,SCR_EL3 Read,HCR_EL2 Read,HFGWTR_EL2 Read,ERXMISC2_EL1 Write
MSR_SR_systemmove@ERXMISC3_EL1,MDCCSR_EL0 Read,SCR_EL3 Read,HCR_EL2 Read,HFGWTR_EL2 Read,ERXMISC3_EL1 Write
MSR_SR_systemmove@ERXPFGCDN_EL1,MDCCSR_EL0 Read,SCR_EL3 Read,HCR_EL2 Read,HFGWTR_EL2 Read,ERXPFGCDN_EL1 Write
MSR_SR_systemmove@ERXPFGCTL_EL1,MDCCSR_EL0 Read,SCR_EL3 Read,HCR_EL2 Read,HFGWTR_EL2 Read,ERXPFGCTL_EL1 Write
MSR_SR_systemmove@ERXPFGF_EL1
MSR_SR_systemmove@ERXSTATUS_EL1,MDCCSR_EL0 Read,SCR_EL3 Read,HCR_EL2 Read,HFGWTR_EL2 Read,ERXSTATUS_EL1 Write
MSR_SR_systemmove@ESR_EL1,HCR_EL2 Read,SCR_EL3 Read,HFGWTR_EL2 Read,ESR_EL1 Write
MSR_SR_systemmove@ESR_EL2,HCR_EL2 Read,ESR_EL2 Write
MSR_SR_systemmove@ESR_EL3,ESR_EL3 Write
MSR_SR_systemmove@FAR_EL1,HCR_EL2 Read,SCR_EL3 Read,HFGWTR_EL2 Read,FAR_EL1 Write
MSR_SR_systemmove@FAR_EL2,HCR_EL2 Read,FAR_EL2 Write
MSR_SR_systemmove@FAR_EL3,FAR_EL3 Write
MSR_SR_systemmove@FPCR,MDCCSR_EL0 Read,CPTR_EL3 Read,CPACR_EL1 Read,HCR_EL2 Read,CPTR_EL2 Read,FPCR Write
MSR_SR_systemmove@FPSR,MDCCSR_EL0 Read,CPTR_EL3 Read,CPACR_EL1 Read,HCR_EL2 Read,CPTR_EL2 Read,FPSR Write
MSR_SR_systemmove@GCR_EL1,MDCCSR_EL0 Read,SCR_EL3 Read,HCR_EL2 Read,GCR_EL1 Write
MSR_SR_systemmove@GCSCRE0_EL1,MDCCSR_EL0 Read,SCR_EL3 Read,HFGWTR_EL2 Read,GCSCRE0_EL1 Write
MSR_SR_systemmove@GCSCR_EL1,MDCCSR_EL0 Read,SCR_EL3 Read,HFGWTR_EL2 Read,HCR_EL2 Read,GCSCR_EL1 Write
MSR_SR_systemmove@GCSCR_EL2,HCR_EL2 Read,MDCCSR_EL0 Read,SCR_EL3 Read,GCSCR_EL2 Write
MSR_SR_systemmove@GCSCR_EL3,GCSCR_EL3 Write
MSR_SR_systemmove@GCSPR_EL0,MDCCSR_EL0 Read,SCR_EL3 Read,HFGWTR_EL2 Read,GCSPR_EL0 Write
MSR_SR_systemmove@GCSPR_EL1,MDCCSR_EL0 Read,SCR_EL3 Read,HFGWTR_EL2 Read,HCR_EL2 Read,GCSPR_EL1 Write
MSR_SR_systemmove@GCSPR_EL2,HCR_EL2 Read,MDCCSR_EL0 Read,SCR_EL3 Read,GCSPR_EL2 Write
MSR_SR_systemmove@GCSPR_EL3,GCSPR_EL3 Write
MSR_SR_systemmove@GPCCR_EL3,GPCCR_EL3 Write
MSR_SR_systemmove@GPTBR_EL3,GPTBR_EL3 Write
MSR_SR_systemmove@HACR_EL2,HCR_EL2 Read,HACR_EL2 Write
MSR_SR_systemmove@HAFGRTR_EL2,HCR_EL2 Read,MDCCSR_EL0 Read,SCR_EL3 Read,HAFGRTR_EL2 Write
MSR_SR_systemmove@HCRX_EL2,HCR_EL2 Read,MDCCSR_EL0 Read,SCR_EL3 Read,HCRX_EL2 Write
MSR_SR_systemmove@HCR_EL2,HCR_EL2 Write
MSR_SR_systemmove@HDFGRTR2_EL2,HCR_EL2 Read,MDCCSR_EL0 Read,SCR_EL3 Read,HDFGRTR2_EL2 Write
MSR_SR_systemmove@HDFGRTR_EL2,HCR_EL2 Read,MDCCSR_EL0 Read,SCR_EL3 Read,HDFGRTR_EL2 Write
MSR_SR_systemmove@HDFGWTR2_EL2,HCR_EL2 Read,MDCCSR_EL0 Read,SCR_EL3 Read,HDFGWTR2_EL2 Write
MSR_SR_systemmove@HDFGWTR_EL2,HCR_EL2 Read,MDCCSR_EL0 Read,SCR_EL3 Read,HDFGWTR_EL2 Write
MSR_SR_systemmove@HFGITR2_EL2,HCR_EL2 Read,MDCCSR_EL0 Read,SCR_EL3 Read,HFGITR2_EL2 Write
MSR_SR_systemmove@HFGITR_EL2,HCR_EL2 Read,MDCCSR_EL0 Read,SCR_EL3 Read,HFGITR_EL2 Write
MSR_SR_systemmove@HFGRTR2_EL2,HCR_EL2 Read,MDCCSR_EL0 Read,SCR_EL3 Read,HFGRTR2_EL2 Write
MSR_SR_systemmove@HFGRTR_EL2,HCR_EL2 Read,MDCCSR_EL0 Read,SCR_EL3 Read,HFGRTR_EL2 Write
MSR_SR_systemmove@HFGWTR2_EL2,HCR_EL2 Read,MDCCSR_EL0 Read,SCR_EL3 Read,HFGWTR2_EL2 Write
MSR_SR_systemmove@HFGWTR_EL2,HCR_EL2 Read,MDCCSR_EL0 Read,SCR_EL3 Read,HFGWTR_EL2 Write
MSR_SR_systemmove@HPFAR_EL2,HCR_EL2 Read,HPFAR_EL2 Write
MSR_SR_systemmove@HSTR_EL2,HCR_EL2 Read,HSTR_EL2 Write
MSR_SR_systemmove@ISR_EL1
MSR_SR_systemmove@LORC_EL1,MDCCSR_EL0 Read,SCR_EL3 Read,HCR_EL2 Read,HFGWTR_EL2 Read,LORC_EL1 Write
MSR_SR_systemmove@LOREA_EL1,MDCCSR_EL0 Read,SCR_EL3 Read,HCR_EL2 Read,HFGWTR_EL2 Read,LOREA_EL1 Write
MSR_SR_systemmove@LORID_EL1
MSR_SR_systemmove@LORN_EL1,MDCCSR_EL0 Read,SCR_EL3 Read,HCR_EL2 Read,HFGWTR_EL2 Read,LORN_EL1 Write
MSR_SR_systemmove@LORSA_EL1,MDCCSR_EL0 Read,SCR_EL3 Read,HCR_EL2 Read,HFGWTR_EL2 Read,LORSA_EL1 Write
MSR_SR_systemmove@MAIR2_EL1,MDCCSR_EL0 Read,SCR_EL3 Read,HCR_EL2 Read,HFGWTR_EL2 Read,MAIR2_EL1 Write
MSR_SR_systemmove@MAIR2_EL2,HCR_EL2 Read,MDCCSR_EL0 Read,SCR_EL3 Read,MAIR2_EL2 Write
MSR_SR_systemmove@MAIR2_EL3,MAIR2_EL3 Write
MSR_SR_systemmove@MAIR_EL1,HCR_EL2 Read,SCR_EL3 Read,HFGWTR_EL2 Read,MAIR_EL1 Write
MSR_SR_systemmove@MAIR_EL2,HCR_EL2 Read,MAIR_EL2 Write
MSR_SR_systemmove@MAIR_EL3,MAIR_EL3 Write
MSR_SR_systemmove@MDCCINT_EL1,MDCCSR_EL0 Read,MDCR_EL3 Read,MDCR_EL2 Read,MDCCINT_EL1 Write
MSR_SR_systemmove@MDCCSR_EL0
MSR_SR_systemmove@MDCR_EL2,HCR_EL2 Read,MDCCSR_EL0 Read,MDCR_EL3 Read,MDCR_EL2 Write
MSR_SR_systemmove@MDCR_EL3,MDCR_EL3 Write
MSR_SR_systemmove@MDRAR_EL1
MSR_SR_systemmove@MDSCR_EL1,MDCCSR_EL0 Read,MDCR_EL3 Read,SCR_EL3 Read,HDFGWTR_EL2 Read,MDSCR_EL1 Write,OSLSR_EL1 Read
MSR_SR_systemmove@MDSELR_EL1,MDCCSR_EL0 Read,MDCR_EL3 Read,SCR_EL3 Read,HDFGWTR2_EL2 Read,MDSELR_EL1 Write
MSR_SR_systemmove@MFAR_EL3,MFAR_EL3 Write
MSR_SR_systemmove@MPAMHCR_EL2,HCR_EL2 Read,MPAM3_EL3 Read,MPAM2_EL2 Read,MDCCSR_EL0 Read,MPAMHCR_EL2 Write
MSR_SR_systemmove@MPAMSM_EL1,MPAM3_EL3 Read,MPAM2_EL2 Read,MDCCSR_EL0 Read,MPAMSM_EL1 Write
MSR_SR_systemmove@OSDLR_EL1,HDFGWTR_EL2 Read,MDCR_EL2 Read,OSDLR_EL1 Write
MSR_SR_systemmove@OSDTRRX_EL1,MDCCSR_EL0 Read,MDCR_EL3 Read,MDCR_EL2 Read,OSDTRRX_EL1 Write
MSR_SR_systemmove@OSDTRTX_EL1,MDCCSR_EL0 Read,MDCR_EL3 Read,MDCR_EL2 Read,OSDTRTX_EL1 Write
MSR_SR_systemmove@OSECCR_EL1,MDCCSR_EL0 Read,MDCR_EL3 Read,SCR_EL3 Read,HDFGWTR_EL2 Read,OSLSR_EL1 Read,OSECCR_EL1 Write
MSR_SR_systemmove@OSLAR_EL1,MDCCSR_EL0 Read,MDCR_EL3 Read,SCR_EL3 Read,HDFGWTR_EL2 Read,OSLAR_EL1 Write,OSLSR_EL1 Write,DBGOSLSR Write
MSR_SR_systemmove@OSLSR_EL1
MSR_SR_systemmove@PAR_EL1,SCR_EL3 Read,HFGWTR_EL2 Read,PAR_EL1 Write
MSR_SR_systemmove@PFAR_EL1,SCR_EL3 Read,HFGWTR2_EL2 Read,HCR_EL2 Read,PFAR_EL1 Write
MSR_SR_systemmove@PFAR_EL2,HCR_EL2 Read,PFAR_EL2 Write
MSR_SR_systemmove@PIRE0_EL1,MDCCSR_EL0 Read,SCR_EL3 Read,HCR_EL2 Read,HFGWTR_EL2 Read,PIRE0_EL1 Write
MSR_SR_systemmove@PIRE0_EL2,HCR_EL2 Read,MDCCSR_EL0 Read,SCR_EL3 Read,PIRE0_EL2 Write
MSR_SR_systemmove@PIR_EL1,MDCCSR_EL0 Read,SCR_EL3 Read,HCR_EL2 Read,HFGWTR_EL2 Read,PIR_EL1 Write
MSR_SR_systemmove@PIR_EL2,HCR_EL2 Read,MDCCSR_EL0 Read,SCR_EL3 Read,PIR_EL2 Write
MSR_SR_systemmove@PIR_EL3,PIR_EL3 Write
MSR_SR_systemmove@POR_EL0,MDCCSR_EL0 Read,SCR_EL3 Read,CPACR_EL1 Read,HCR_EL2 Read,HFGWTR_EL2 Read,CPTR_EL2 Read,POR_EL0 Write
MSR_SR_systemmove@POR_EL1,MDCCSR_EL0 Read,SCR_EL3 Read,HCR_EL2 Read,HFGWTR_EL2 Read,POR_EL1 Write
MSR_SR_systemmove@POR_EL2,HCR_EL2 Read,MDCCSR_EL0 Read,SCR_EL3 Read,POR_EL2 Write
MSR_SR_systemmove@POR_EL3,POR_EL3 Write
MSR_SR_systemmove@RCWMASK_EL1,MDCCSR_EL0 Read,SCR_EL3 Read,HFGWTR_EL2 Read,RCWMASK_EL1 Write
MSR_SR_systemmove@RCWSMASK_EL1,MDCCSR_EL0 Read,SCR_EL3 Read,HFGWTR2_EL2 Read,RCWSMASK_EL1 Write
MSR_SR_systemmove@RGSR_EL1,MDCCSR_EL0 Read,SCR_EL3 Read,HCR_EL2 Read,RGSR_EL1 Write
MSR_SR_systemmove@RMR_EL3,RMR_EL3 Write
MSR_SR_systemmove@RNDR
MSR_SR_systemmove@RNDRRS
MSR_SR_systemmove@RVBAR_EL3
MSR_SR_systemmove@S2PIR_EL2,HCR_EL2 Read,MDCCSR_EL0 Read,SCR_EL3 Read,S2PIR_EL2 Write
MSR_SR_systemmove@S2POR_EL1,MDCCSR_EL0 Read,SCR_EL3 Read,HCR_EL2 Read,HFGWTR_EL2 Read,S2POR_EL1 Write
MSR_SR_systemmove@SCR_EL3,SCR_EL3 Write
MSR_SR_systemmove@SCTLR2_EL1,MDCCSR_EL0 Read,SCR_EL3 Read,HCR_EL2 Read,HFGWTR_EL2 Read,HCRX_EL2 Read,SCTLR2_EL1 Write
MSR_SR_systemmove@SCTLR2_EL2,HCR_EL2 Read,MDCCSR_EL0 Read,SCR_EL3 Read,SCTLR2_EL2 Write
MSR_SR_systemmove@SCTLR2_EL3,SCTLR2_EL3 Write
MSR_SR_systemmove@SCTLR_EL1,HCR_EL2 Read,SCR_EL3 Read,HFGWTR_EL2 Read,SCTLR_EL1 Write
MSR_SR_systemmove@SCTLR_EL2,HCR_EL2 Read,SCTLR_EL2 Write
MSR_SR_systemmove@SCTLR_EL3,SCTLR_EL3 Write
MSR_SR_systemmove@SCXTNUM_EL0,MDCCSR_EL0 Read,SCR_EL3 Read,SCTLR_EL1 Read,HCR_EL2 Read,HFGWTR_EL2 Read,SCTLR_EL2 Read,SCXTNUM_EL0 Write
MSR_SR_systemmove@SCXTNUM_EL1,MDCCSR_EL0 Read,SCR_EL3 Read,HCR_EL2 Read,HFGWTR_EL2 Read,SCXTNUM_EL1 Write
MSR_SR_systemmove@SCXTNUM_EL2,HCR_EL2 Read,MDCCSR_EL0 Read,SCR_EL3 Read,SCXTNUM_EL2 Write
MSR_SR_systemmove@SCXTNUM_EL3,SCXTNUM_EL3 Write
MSR_SR_systemmove@SMCR_EL3
MSR_SR_systemmove@SMIDR_EL1
MSR_SR_systemmove@SPSR_EL1,HCR_EL2 Read,SPSR_EL1 Write
MSR_SR_systemmove@SPSR_EL2,HCR_EL2 Read,SPSR_EL2 Write
MSR_SR_systemmove@SPSR_EL3,GCSCR_EL3 Read,SPSR_EL3 Write
MSR_SR_systemmove@SPSR_abt,HCR_EL2 Read,SPSR_abt Write
MSR_SR_systemmove@SPSR_fiq,HCR_EL2 Read,SPSR_fiq Write
MSR_SR_systemmove@SPSR_irq,HCR_EL2 Read,SPSR_irq Write
MSR_SR_systemmove@SPSR_und,HCR_EL2 Read,SPSR_und Write
MSR_SR_systemmove@SP_EL0
MSR_SR_systemmove@SP_EL1,HCR_EL2 Read,SP_EL1 Write
MSR_SR_systemmove@SP_EL2,SP_EL2 Write
MSR_SR_systemmove@TCR2_EL1,MDCCSR_EL0 Read,SCR_EL3 Read,HCR_EL2 Read,HFGWTR_EL2 Read,HCRX_EL2 Read,TCR2_EL1 Write
MSR_SR_systemmove@TCR2_EL2,HCR_EL2 Read,MDCCSR_EL0 Read,SCR_EL3 Read,TCR2_EL2 Write
MSR_SR_systemmove@TCR_EL1,HCR_EL2 Read,SCR_EL3 Read,HFGWTR_EL2 Read,TCR_EL1 Write
MSR_SR_systemmove@TCR_EL2,HCR_EL2 Read,TCR_EL2 Write
MSR_SR_systemmove@TCR_EL3,TCR_EL3 Write
MSR_SR_systemmove@TPIDR2_EL0,MDCCSR_EL0 Read,SCR_EL3 Read,SCTLR_EL1 Read,HCR_EL2 Read,SCTLR_EL2 Read,HFGWTR_EL2 Read,TPIDR2_EL0 Write
MSR_SR_systemmove@TPIDRRO_EL0,SCR_EL3 Read,HFGWTR_EL2 Read,TPIDRRO_EL0 Write
MSR_SR_systemmove@TPIDR_EL0,SCR_EL3 Read,HFGWTR_EL2 Read,TPIDR_EL0 Write
MSR_SR_systemmove@TPIDR_EL1,SCR_EL3 Read,HFGWTR_EL2 Read,TPIDR_EL1 Write
MSR_SR_systemmove@TPIDR_EL2,HCR_EL2 Read,TPIDR_EL2 Write
MSR_SR_systemmove@TPIDR_EL3,TPIDR_EL3 Write
MSR_SR_systemmove@TTBR0_EL1,HCR_EL2 Read,SCR_EL3 Read,HFGWTR_EL2 Read,TTBR0_EL1 Write
MSR_SR_systemmove@TTBR0_EL2,HCR_EL2 Read,TTBR0_EL2 Write
MSR_SR_systemmove@TTBR0_EL3,TTBR0_EL3 Write
MSR_SR_systemmove@TTBR1_EL1,HCR_EL2 Read,SCR_EL3 Read,HFGWTR_EL2 Read,TTBR1_EL1 Write
MSR_SR_systemmove@TTBR1_EL2,HCR_EL2 Read,TTBR1_EL2 Write
MSR_SR_systemmove@VBAR_EL1,SCR_EL3 Read,HFGWTR_EL2 Read,HCR_EL2 Read,VBAR_EL1 Write
MSR_SR_systemmove@VBAR_EL2,HCR_EL2 Read,VBAR_EL2 Write
MSR_SR_systemmove@VBAR_EL3,VBAR_EL3 Write
MSR_SR_systemmove@VDISR_EL2,HCR_EL2 Read,VDISR_EL2 Write
MSR_SR_systemmove@VNCR_EL2,HCR_EL2 Read,VNCR_EL2 Write
MSR_SR_systemmove@VSESR_EL2,HCR_EL2 Read,VSESR_EL2 Write
MSR_SR_systemmove@VTCR_EL2,HCR_EL2 Read,VTCR_EL2 Write
MSR_SR_systemmove@VTTBR_EL2,HCR_EL2 Read,VTTBR_EL2 Write
MSUB_32A_dp_3src
MSUB_64A_dp_3src
NOP_HI_hints
ORN_32_log_shift
ORN_64_log_shift
ORR_32_log_imm
ORR_32_log_shift
ORR_64_log_imm
ORR_64_log_shift
RBIT_32_dp_1src
RBIT_64_dp_1src
RCWCASAL_C64_rcwcomswap,TCR_EL3 Read,MPAMIDR_EL1 Read,SCR_EL3 Read,SCTLR_EL3 Read,MAIR_EL3 Read,MAIR2_EL3 Read,PIR_EL3 Read,SCTLR2_EL3 Read,OSLSR_EL1 Read,MDCCSR_EL0 Read
RCWCASA_C64_rcwcomswap,TCR_EL3 Read,MPAMIDR_EL1 Read,SCR_EL3 Read,SCTLR_EL3 Read,MAIR_EL3 Read,MAIR2_EL3 Read,PIR_EL3 Read,SCTLR2_EL3 Read,OSLSR_EL1 Read,MDCCSR_EL0 Read
RCWCASL_C64_rcwcomswap,TCR_EL3 Read,MPAMIDR_EL1 Read,SCR_EL3 Read,SCTLR_EL3 Read,MAIR_EL3 Read,MAIR2_EL3 Read,PIR_EL3 Read,SCTLR2_EL3 Read,OSLSR_EL1 Read,MDCCSR_EL0 Read
RCWCAS_C64_rcwcomswap,TCR_EL3 Read,MPAMIDR_EL1 Read,SCR_EL3 Read,SCTLR_EL3 Read,MAIR_EL3 Read,MAIR2_EL3 Read,PIR_EL3 Read,SCTLR2_EL3 Read,OSLSR_EL1 Read,MDCCSR_EL0 Read
RCWCLRAL_64_memop,TCR_EL3 Read,MPAMIDR_EL1 Read,SCR_EL3 Read,SCTLR_EL3 Read,MAIR_EL3 Read,MAIR2_EL3 Read,PIR_EL3 Read,SCTLR2_EL3 Read,OSLSR_EL1 Read,MDCCSR_EL0 Read,RCWMASK_EL1 Read,RCWSMASK_EL1 Read
RCWCLRA_64_memop,TCR_EL3 Read,MPAMIDR_EL1 Read,SCR_EL3 Read,SCTLR_EL3 Read,MAIR_EL3 Read,MAIR2_EL3 Read,PIR_EL3 Read,SCTLR2_EL3 Read,OSLSR_EL1 Read,MDCCSR_EL0 Read,RCWMASK_EL1 Read,RCWSMASK_EL1 Read
RCWCLRL_64_memop,TCR_EL3 Read,MPAMIDR_EL1 Read,SCR_EL3 Read,SCTLR_EL3 Read,MAIR_EL3 Read,MAIR2_EL3 Read,PIR_EL3 Read,SCTLR2_EL3 Read,OSLSR_EL1 Read,MDCCSR_EL0 Read,RCWMASK_EL1 Read,RCWSMASK_EL1 Read
RCWCLR_64_memop,TCR_EL3 Read,MPAMIDR_EL1 Read,SCR_EL3 Read,SCTLR_EL3 Read,MAIR_EL3 Read,MAIR2_EL3 Read,PIR_EL3 Read,SCTLR2_EL3 Read,OSLSR_EL1 Read,MDCCSR_EL0 Read,RCWMASK_EL1 Read,RCWSMASK_EL1 Read
RCWSCASAL_C64_rcwcomswap,TCR_EL3 Read,MPAMIDR_EL1 Read,SCR_EL3 Read,SCTLR_EL3 Read,MAIR_EL3 Read,MAIR2_EL3 Read,PIR_EL3 Read,SCTLR2_EL3 Read,OSLSR_EL1 Read,MDCCSR_EL0 Read
RCWSCASA_C64_rcwcomswap,TCR_EL3 Read,MPAMIDR_EL1 Read,SCR_EL3 Read,SCTLR_EL3 Read,MAIR_EL3 Read,MAIR2_EL3 Read,PIR_EL3 Read,SCTLR2_EL3 Read,OSLSR_EL1 Read,MDCCSR_EL0 Read
RCWSCASL_C64_rcwcomswap,TCR_EL3 Read,MPAMIDR_EL1 Read,SCR_EL3 Read,SCTLR_EL3 Read,MAIR_EL3 Read,MAIR2_EL3 Read,PIR_EL3 Read,SCTLR2_EL3 Read,OSLSR_EL1 Read,MDCCSR_EL0 Read
RCWSCAS_C64_rcwcomswap,TCR_EL3 Read,MPAMIDR_EL1 Read,SCR_EL3 Read,SCTLR_EL3 Read,MAIR_EL3 Read,MAIR2_EL3 Read,PIR_EL3 Read,SCTLR2_EL3 Read,OSLSR_EL1 Read,MDCCSR_EL0 Read
RCWSCLRAL_64_memop,TCR_EL3 Read,MPAMIDR_EL1 Read,SCR_EL3 Read,SCTLR_EL3 Read,MAIR_EL3 Read,MAIR2_EL3 Read,PIR_EL3 Read,SCTLR2_EL3 Read,OSLSR_EL1 Read,MDCCSR_EL0 Read,RCWMASK_EL1 Read,RCWSMASK_EL1 Read
RCWSCLRA_64_memop,TCR_EL3 Read,MPAMIDR_EL1 Read,SCR_EL3 Read,SCTLR_EL3 Read,MAIR_EL3 Read,MAIR2_EL3 Read,PIR_EL3 Read,SCTLR2_EL3 Read,OSLSR_EL1 Read,MDCCSR_EL0 Read,RCWMASK_EL1 Read,RCWSMASK_EL1 Read
RCWSCLRL_64_memop,TCR_EL3 Read,MPAMIDR_EL1 Read,SCR_EL3 Read,SCTLR_EL3 Read,MAIR_EL3 Read,MAIR2_EL3 Read,PIR_EL3 Read,SCTLR2_EL3 Read,OSLSR_EL1 Read,MDCCSR_EL0 Read,RCWMASK_EL1 Read,RCWSMASK_EL1 Read
RCWSCLR_64_memop,TCR_EL3 Read,MPAMIDR_EL1 Read,SCR_EL3 Read,SCTLR_EL3 Read,MAIR_EL3 Read,MAIR2_EL3 Read,PIR_EL3 Read,SCTLR2_EL3 Read,OSLSR_EL1 Read,MDCCSR_EL0 Read,RCWMASK_EL1 Read,RCWSMASK_EL1 Read
RCWSETAL_64_memop,TCR_EL3 Read,MPAMIDR_EL1 Read,SCR_EL3 Read,SCTLR_EL3 Read,MAIR_EL3 Read,MAIR2_EL3 Read,PIR_EL3 Read,SCTLR2_EL3 Read,OSLSR_EL1 Read,MDCCSR_EL0 Read,RCWMASK_EL1 Read,RCWSMASK_EL1 Read
RCWSETA_64_memop,TCR_EL3 Read,MPAMIDR_EL1 Read,SCR_EL3 Read,SCTLR_EL3 Read,MAIR_EL3 Read,MAIR2_EL3 Read,PIR_EL3 Read,SCTLR2_EL3 Read,OSLSR_EL1 Read,MDCCSR_EL0 Read,RCWMASK_EL1 Read,RCWSMASK_EL1 Read
RCWSETL_64_memop,TCR_EL3 Read,MPAMIDR_EL1 Read,SCR_EL3 Read,SCTLR_EL3 Read,MAIR_EL3 Read,MAIR2_EL3 Read,PIR_EL3 Read,SCTLR2_EL3 Read,OSLSR_EL1 Read,MDCCSR_EL0 Read,RCWMASK_EL1 Read,RCWSMASK_EL1 Read
RCWSET_64_memop,TCR_EL3 Read,MPAMIDR_EL1 Read,SCR_EL3 Read,SCTLR_EL3 Read,MAIR_EL3 Read,MAIR2_EL3 Read,PIR_EL3 Read,SCTLR2_EL3 Read,OSLSR_EL1 Read,MDCCSR_EL0 Read,RCWMASK_EL1 Read,RCWSMASK_EL1 Read
RCWSSETAL_64_memop,TCR_EL3 Read,MPAMIDR_EL1 Read,SCR_EL3 Read,SCTLR_EL3 Read,MAIR_EL3 Read,MAIR2_EL3 Read,PIR_EL3 Read,SCTLR2_EL3 Read,OSLSR_EL1 Read,MDCCSR_EL0 Read,RCWMASK_EL1 Read,RCWSMASK_EL1 Read
RCWSSETA_64_memop,TCR_EL3 Read,MPAMIDR_EL1 Read,SCR_EL3 Read,SCTLR_EL3 Read,MAIR_EL3 Read,MAIR2_EL3 Read,PIR_EL3 Read,SCTLR2_EL3 Read,OSLSR_EL1 Read,MDCCSR_EL0 Read,RCWMASK_EL1 Read,RCWSMASK_EL1 Read
RCWSSETL_64_memop,TCR_EL3 Read,MPAMIDR_EL1 Read,SCR_EL3 Read,SCTLR_EL3 Read,MAIR_EL3 Read,MAIR2_EL3 Read,PIR_EL3 Read,SCTLR2_EL3 Read,OSLSR_EL1 Read,MDCCSR_EL0 Read,RCWMASK_EL1 Read,RCWSMASK_EL1 Read
RCWSSET_64_memop,TCR_EL3 Read,MPAMIDR_EL1 Read,SCR_EL3 Read,SCTLR_EL3 Read,MAIR_EL3 Read,MAIR2_EL3 Read,PIR_EL3 Read,SCTLR2_EL3 Read,OSLSR_EL1 Read,MDCCSR_EL0 Read,RCWMASK_EL1 Read,RCWSMASK_EL1 Read
RCWSSWPAL_64_memop,TCR_EL3 Read,MPAMIDR_EL1 Read,SCR_EL3 Read,SCTLR_EL3 Read,MAIR_EL3 Read,MAIR2_EL3 Read,PIR_EL3 Read,SCTLR2_EL3 Read,OSLSR_EL1 Read,MDCCSR_EL0 Read,RCWMASK_EL1 Read,RCWSMASK_EL1 Read
RCWSSWPA_64_memop,TCR_EL3 Read,MPAMIDR_EL1 Read,SCR_EL3 Read,SCTLR_EL3 Read,MAIR_EL3 Read,MAIR2_EL3 Read,PIR_EL3 Read,SCTLR2_EL3 Read,OSLSR_EL1 Read,MDCCSR_EL0 Read,RCWMASK_EL1 Read,RCWSMASK_EL1 Read
RCWSSWPL_64_memop,TCR_EL3 Read,MPAMIDR_EL1 Read,SCR_EL3 Read,SCTLR_EL3 Read,MAIR_EL3 Read,MAIR2_EL3 Read,PIR_EL3 Read,SCTLR2_EL3 Read,OSLSR_EL1 Read,MDCCSR_EL0 Read,RCWMASK_EL1 Read,RCWSMASK_EL1 Read
RCWSSWP_64_memop,TCR_EL3 Read,MPAMIDR_EL1 Read,SCR_EL3 Read,SCTLR_EL3 Read,MAIR_EL3 Read,MAIR2_EL3 Read,PIR_EL3 Read,SCTLR2_EL3 Read,OSLSR_EL1 Read,MDCCSR_EL0 Read,RCWMASK_EL1 Read,RCWSMASK_EL1 Read
RCWSWPAL_64_memop,TCR_EL3 Read,MPAMIDR_EL1 Read,SCR_EL3 Read,SCTLR_EL3 Read,MAIR_EL3 Read,MAIR2_EL3 Read,PIR_EL3 Read,SCTLR2_EL3 Read,OSLSR_EL1 Read,MDCCSR_EL0 Read,RCWMASK_EL1 Read,RCWSMASK_EL1 Read
RCWSWPA_64_memop,TCR_EL3 Read,MPAMIDR_EL1 Read,SCR_EL3 Read,SCTLR_EL3 Read,MAIR_EL3 Read,MAIR2_EL3 Read,PIR_EL3 Read,SCTLR2_EL3 Read,OSLSR_EL1 Read,MDCCSR_EL0 Read,RCWMASK_EL1 Read,RCWSMASK_EL1 Read
RCWSWPL_64_memop,TCR_EL3 Read,MPAMIDR_EL1 Read,SCR_EL3 Read,SCTLR_EL3 Read,MAIR_EL3 Read,MAIR2_EL3 Read,PIR_EL3 Read,SCTLR2_EL3 Read,OSLSR_EL1 Read,MDCCSR_EL0 Read,RCWMASK_EL1 Read,RCWSMASK_EL1 Read
RCWSWP_64_memop,TCR_EL3 Read,MPAMIDR_EL1 Read,SCR_EL3 Read,SCTLR_EL3 Read,MAIR_EL3 Read,MAIR2_EL3 Read,PIR_EL3 Read,SCTLR2_EL3 Read,OSLSR_EL1 Read,MDCCSR_EL0 Read,RCWMASK_EL1 Read,RCWSMASK_EL1 Read
RET_64R_branch_reg,GCSCR_EL3 Read,SCR_EL3 Read,TCR_EL3 Read
REV16_32_dp_1src
REV16_64_dp_1src
REV32_64_dp_1src
REV_32_dp_1src
REV_64_dp_1src
RMIF_only_rmif
RORV_32_dp_2src
RORV_64_dp_2src
RPRFM_R_ldst_regoff,MPAMIDR_EL1 Read
SBCS_32_addsub_carry
SBCS_64_addsub_carry
SBC_32_addsub_carry
SBC_64_addsub_carry
SBFM_32M_bitfield
SBFM_64M_bitfield
SB_only_barriers
SETF16_only_setf
SETF8_only_setf
SMADDL_64WA_dp_3src
SMAX_32_dp_2src
SMAX_32_minmax_imm
SMAX_64_dp_2src
SMAX_64_minmax_imm
SMIN_32_dp_2src
SMIN_32_minmax_imm
SMIN_64_dp_2src
SMIN_64_minmax_imm
SMSUBL_64WA_dp_3src
SMULH_64_dp_3src
STLLRB_SL32_ldstord,MPAMIDR_EL1 Read,SCTLR_EL3 Read,SCR_EL3 Read,TCR_EL3 Read,MAIR_EL3 Read,MAIR2_EL3 Read,PIR_EL3 Read,SCTLR2_EL3 Read,OSLSR_EL1 Read,MDCCSR_EL0 Read
STLLRH_SL32_ldstord,MPAMIDR_EL1 Read,SCTLR_EL3 Read,SCR_EL3 Read,TCR_EL3 Read,MAIR_EL3 Read,MAIR2_EL3 Read,PIR_EL3 Read,SCTLR2_EL3 Read,OSLSR_EL1 Read,MDCCSR_EL0 Read
STLLR_SL32_ldstord,MPAMIDR_EL1 Read,SCTLR_EL3 Read,SCR_EL3 Read,TCR_EL3 Read,MAIR_EL3 Read,MAIR2_EL3 Read,PIR_EL3 Read,SCTLR2_EL3 Read,OSLSR_EL1 Read,MDCCSR_EL0 Read
STLLR_SL64_ldstord,MPAMIDR_EL1 Read,SCTLR_EL3 Read,SCR_EL3 Read,TCR_EL3 Read,MAIR_EL3 Read,MAIR2_EL3 Read,PIR_EL3 Read,SCTLR2_EL3 Read,OSLSR_EL1 Read,MDCCSR_EL0 Read
STLRB_SL32_ldstord,MPAMIDR_EL1 Read,SCTLR_EL3 Read,SCR_EL3 Read,TCR_EL3 Read,MAIR_EL3 Read,MAIR2_EL3 Read,PIR_EL3 Read,SCTLR2_EL3 Read,OSLSR_EL1 Read,MDCCSR_EL0 Read
STLRH_SL32_ldstord,MPAMIDR_EL1 Read,SCTLR_EL3 Read,SCR_EL3 Read,TCR_EL3 Read,MAIR_EL3 Read,MAIR2_EL3 Read,PIR_EL3 Read,SCTLR2_EL3 Read,OSLSR_EL1 Read,MDCCSR_EL0 Read
STLR_32S_ldapstl_writeback,MPAMIDR_EL1 Read,SCTLR_EL3 Read,SCR_EL3 Read,TCR_EL3 Read,MAIR_EL3 Read,MAIR2_EL3 Read,PIR_EL3 Read,SCTLR2_EL3 Read,OSLSR_EL1 Read,MDCCSR_EL0 Read
STLR_64S_ldapstl_writeback,MPAMIDR_EL1 Read,SCTLR_EL3 Read,SCR_EL3 Read,TCR_EL3 Read,MAIR_EL3 Read,MAIR2_EL3 Read,PIR_EL3 Read,SCTLR2_EL3 Read,OSLSR_EL1 Read,MDCCSR_EL0 Read
STLR_SL32_ldstord,MPAMIDR_EL1 Read,SCTLR_EL3 Read,SCR_EL3 Read,TCR_EL3 Read,MAIR_EL3 Read,MAIR2_EL3 Read,PIR_EL3 Read,SCTLR2_EL3 Read,OSLSR_EL1 Read,MDCCSR_EL0 Read
STLR_SL64_ldstord,MPAMIDR_EL1 Read,SCTLR_EL3 Read,SCR_EL3 Read,TCR_EL3 Read,MAIR_EL3 Read,MAIR2_EL3 Read,PIR_EL3 Read,SCTLR2_EL3 Read,OSLSR_EL1 Read,MDCCSR_EL0 Read
STLURB_32_ldapstl_unscaled,MPAMIDR_EL1 Read,SCTLR_EL3 Read,SCR_EL3 Read,TCR_EL3 Read,MAIR_EL3 Read,MAIR2_EL3 Read,PIR_EL3 Read,SCTLR2_EL3 Read,OSLSR_EL1 Read,MDCCSR_EL0 Read
STLURH_32_ldapstl_unscaled,MPAMIDR_EL1 Read,SCTLR_EL3 Read,SCR_EL3 Read,TCR_EL3 Read,MAIR_EL3 Read,MAIR2_EL3 Read,PIR_EL3 Read,SCTLR2_EL3 Read,OSLSR_EL1 Read,MDCCSR_EL0 Read
STLUR_32_ldapstl_unscaled,MPAMIDR_EL1 Read,SCTLR_EL3 Read,SCR_EL3 Read,TCR_EL3 Read,MAIR_EL3 Read,MAIR2_EL3 Read,PIR_EL3 Read,SCTLR2_EL3 Read,OSLSR_EL1 Read,MDCCSR_EL0 Read
STLUR_64_ldapstl_unscaled,MPAMIDR_EL1 Read,SCTLR_EL3 Read,SCR_EL3 Read,TCR_EL3 Read,MAIR_EL3 Read,MAIR2_EL3 Read,PIR_EL3 Read,SCTLR2_EL3 Read,OSLSR_EL1 Read,MDCCSR_EL0 Read
STLUR_B_ldapstl_simd,CPTR_EL3 Read,MPAMIDR_EL1 Read,SCTLR_EL3 Read,SCR_EL3 Read,TCR_EL3 Read,MAIR_EL3 Read,MAIR2_EL3 Read,PIR_EL3 Read,SCTLR2_EL3 Read,OSLSR_EL1 Read,MDCCSR_EL0 Read
STLUR_D_ldapstl_simd,CPTR_EL3 Read,MPAMIDR_EL1 Read,SCTLR_EL3 Read,SCR_EL3 Read,TCR_EL3 Read,MAIR_EL3 Read,MAIR2_EL3 Read,PIR_EL3 Read,SCTLR2_EL3 Read,OSLSR_EL1 Read,MDCCSR_EL0 Read
STLUR_H_ldapstl_simd,CPTR_EL3 Read,MPAMIDR_EL1 Read,SCTLR_EL3 Read,SCR_EL3 Read,TCR_EL3 Read,MAIR_EL3 Read,MAIR2_EL3 Read,PIR_EL3 Read,SCTLR2_EL3 Read,OSLSR_EL1 Read,MDCCSR_EL0 Read
STLUR_Q_ldapstl_simd,CPTR_EL3 Read,MPAMIDR_EL1 Read,SCTLR_EL3 Read,SCR_EL3 Read,TCR_EL3 Read,MAIR_EL3 Read,MAIR2_EL3 Read,PIR_EL3 Read,SCTLR2_EL3 Read,OSLSR_EL1 Read,MDCCSR_EL0 Read
STLUR_S_ldapstl_simd,CPTR_EL3 Read,MPAMIDR_EL1 Read,SCTLR_EL3 Read,SCR_EL3 Read,TCR_EL3 Read,MAIR_EL3 Read,MAIR2_EL3 Read,PIR_EL3 Read,SCTLR2_EL3 Read,OSLSR_EL1 Read,MDCCSR_EL0 Read
STLXP_SP32_ldstexclp,MPAMIDR_EL1 Read,SCTLR_EL3 Read,SCR_EL3 Read,TCR_EL3 Read,MAIR_EL3 Read,MAIR2_EL3 Read,PIR_EL3 Read,SCTLR2_EL3 Read,OSLSR_EL1 Read,MDCCSR_EL0 Read
STLXP_SP64_ldstexclp,MPAMIDR_EL1 Read,SCTLR_EL3 Read,SCR_EL3 Read,TCR_EL3 Read,MAIR_EL3 Read,MAIR2_EL3 Read,PIR_EL3 Read,SCTLR2_EL3 Read,OSLSR_EL1 Read,MDCCSR_EL0 Read
STLXRB_SR32_ldstexclr,MPAMIDR_EL1 Read,SCTLR_EL3 Read,SCR_EL3 Read,TCR_EL3 Read,MAIR_EL3 Read,MAIR2_EL3 Read,PIR_EL3 Read,SCTLR2_EL3 Read,OSLSR_EL1 Read,MDCCSR_EL0 Read
STLXRH_SR32_ldstexclr,MPAMIDR_EL1 Read,SCTLR_EL3 Read,SCR_EL3 Read,TCR_EL3 Read,MAIR_EL3 Read,MAIR2_EL3 Read,PIR_EL3 Read,SCTLR2_EL3 Read,OSLSR_EL1 Read,MDCCSR_EL0 Read
STLXR_SR32_ldstexclr,MPAMIDR_EL1 Read,SCTLR_EL3 Read,SCR_EL3 Read,TCR_EL3 Read,MAIR_EL3 Read,MAIR2_EL3 Read,PIR_EL3 Read,SCTLR2_EL3 Read,OSLSR_EL1 Read,MDCCSR_EL0 Read
STLXR_SR64_ldstexclr,MPAMIDR_EL1 Read,SCTLR_EL3 Read,SCR_EL3 Read,TCR_EL3 Read,MAIR_EL3 Read,MAIR2_EL3 Read,PIR_EL3 Read,SCTLR2_EL3 Read,OSLSR_EL1 Read,MDCCSR_EL0 Read
STNP_32_ldstnapair_offs,MPAMIDR_EL1 Read,SCTLR_EL3 Read,SCR_EL3 Read,TCR_EL3 Read,MAIR_EL3 Read,MAIR2_EL3 Read,PIR_EL3 Read,SCTLR2_EL3 Read,OSLSR_EL1 Read,MDCCSR_EL0 Read
STNP_64_ldstnapair_offs,MPAMIDR_EL1 Read,SCTLR_EL3 Read,SCR_EL3 Read,TCR_EL3 Read,MAIR_EL3 Read,MAIR2_EL3 Read,PIR_EL3 Read,SCTLR2_EL3 Read,OSLSR_EL1 Read,MDCCSR_EL0 Read
STNP_D_ldstnapair_offs,CPTR_EL3 Read,MPAMIDR_EL1 Read,SCTLR_EL3 Read,SCR_EL3 Read,TCR_EL3 Read,MAIR_EL3 Read,MAIR2_EL3 Read,PIR_EL3 Read,SCTLR2_EL3 Read,OSLSR_EL1 Read,MDCCSR_EL0 Read
STNP_Q_ldstnapair_offs,CPTR_EL3 Read,MPAMIDR_EL1 Read,SCTLR_EL3 Read,SCR_EL3 Read,TCR_EL3 Read,MAIR_EL3 Read,MAIR2_EL3 Read,PIR_EL3 Read,SCTLR2_EL3 Read,OSLSR_EL1 Read,MDCCSR_EL0 Read
STNP_S_ldstnapair_offs,CPTR_EL3 Read,MPAMIDR_EL1 Read,SCTLR_EL3 Read,SCR_EL3 Read,TCR_EL3 Read,MAIR_EL3 Read,MAIR2_EL3 Read,PIR_EL3 Read,SCTLR2_EL3 Read,OSLSR_EL1 Read,MDCCSR_EL0 Read
STP_32_ldstpair_off,MPAMIDR_EL1 Read,SCTLR_EL3 Read,SCR_EL3 Read,TCR_EL3 Read,MAIR_EL3 Read,MAIR2_EL3 Read,PIR_EL3 Read,SCTLR2_EL3 Read,OSLSR_EL1 Read,MDCCSR_EL0 Read
STP_32_ldstpair_post,MPAMIDR_EL1 Read,SCTLR_EL3 Read,SCR_EL3 Read,TCR_EL3 Read,MAIR_EL3 Read,MAIR2_EL3 Read,PIR_EL3 Read,SCTLR2_EL3 Read,OSLSR_EL1 Read,MDCCSR_EL0 Read
STP_32_ldstpair_pre,MPAMIDR_EL1 Read,SCTLR_EL3 Read,SCR_EL3 Read,TCR_EL3 Read,MAIR_EL3 Read,MAIR2_EL3 Read,PIR_EL3 Read,SCTLR2_EL3 Read,OSLSR_EL1 Read,MDCCSR_EL0 Read
STP_64_ldstpair_off,MPAMIDR_EL1 Read,SCTLR_EL3 Read,SCR_EL3 Read,TCR_EL3 Read,MAIR_EL3 Read,MAIR2_EL3 Read,PIR_EL3 Read,SCTLR2_EL3 Read,OSLSR_EL1 Read,MDCCSR_EL0 Read
STP_64_ldstpair_post,MPAMIDR_EL1 Read,SCTLR_EL3 Read,SCR_EL3 Read,TCR_EL3 Read,MAIR_EL3 Read,MAIR2_EL3 Read,PIR_EL3 Read,SCTLR2_EL3 Read,OSLSR_EL1 Read,MDCCSR_EL0 Read
STP_64_ldstpair_pre,MPAMIDR_EL1 Read,SCTLR_EL3 Read,SCR_EL3 Read,TCR_EL3 Read,MAIR_EL3 Read,MAIR2_EL3 Read,PIR_EL3 Read,SCTLR2_EL3 Read,OSLSR_EL1 Read,MDCCSR_EL0 Read
STP_D_ldstpair_off,CPTR_EL3 Read,MPAMIDR_EL1 Read,SCTLR_EL3 Read,SCR_EL3 Read,TCR_EL3 Read,MAIR_EL3 Read,MAIR2_EL3 Read,PIR_EL3 Read,SCTLR2_EL3 Read,OSLSR_EL1 Read,MDCCSR_EL0 Read
STP_D_ldstpair_post,CPTR_EL3 Read,MPAMIDR_EL1 Read,SCTLR_EL3 Read,SCR_EL3 Read,TCR_EL3 Read,MAIR_EL3 Read,MAIR2_EL3 Read,PIR_EL3 Read,SCTLR2_EL3 Read,OSLSR_EL1 Read,MDCCSR_EL0 Read
STP_D_ldstpair_pre,CPTR_EL3 Read,MPAMIDR_EL1 Read,SCTLR_EL3 Read,SCR_EL3 Read,TCR_EL3 Read,MAIR_EL3 Read,MAIR2_EL3 Read,PIR_EL3 Read,SCTLR2_EL3 Read,OSLSR_EL1 Read,MDCCSR_EL0 Read
STP_Q_ldstpair_off,CPTR_EL3 Read,MPAMIDR_EL1 Read,SCTLR_EL3 Read,SCR_EL3 Read,TCR_EL3 Read,MAIR_EL3 Read,MAIR2_EL3 Read,PIR_EL3 Read,SCTLR2_EL3 Read,OSLSR_EL1 Read,MDCCSR_EL0 Read
STP_Q_ldstpair_post,CPTR_EL3 Read,MPAMIDR_EL1 Read,SCTLR_EL3 Read,SCR_EL3 Read,TCR_EL3 Read,MAIR_EL3 Read,MAIR2_EL3 Read,PIR_EL3 Read,SCTLR2_EL3 Read,OSLSR_EL1 Read,MDCCSR_EL0 Read
STP_Q_ldstpair_pre,CPTR_EL3 Read,MPAMIDR_EL1 Read,SCTLR_EL3 Read,SCR_EL3 Read,TCR_EL3 Read,MAIR_EL3 Read,MAIR2_EL3 Read,PIR_EL3 Read,SCTLR2_EL3 Read,OSLSR_EL1 Read,MDCCSR_EL0 Read
STP_S_ldstpair_off,CPTR_EL3 Read,MPAMIDR_EL1 Read,SCTLR_EL3 Read,SCR_EL3 Read,TCR_EL3 Read,MAIR_EL3 Read,MAIR2_EL3 Read,PIR_EL3 Read,SCTLR2_EL3 Read,OSLSR_EL1 Read,MDCCSR_EL0 Read
STP_S_ldstpair_post,CPTR_EL3 Read,MPAMIDR_EL1 Read,SCTLR_EL3 Read,SCR_EL3 Read,TCR_EL3 Read,MAIR_EL3 Read,MAIR2_EL3 Read,PIR_EL3 Read,SCTLR2_EL3 Read,OSLSR_EL1 Read,MDCCSR_EL0 Read
STP_S_ldstpair_pre,CPTR_EL3 Read,MPAMIDR_EL1 Read,SCTLR_EL3 Read,SCR_EL3 Read,TCR_EL3 Read,MAIR_EL3 Read,MAIR2_EL3 Read,PIR_EL3 Read,SCTLR2_EL3 Read,OSLSR_EL1 Read,MDCCSR_EL0 Read
STRB_32BL_ldst_regoff,MPAMIDR_EL1 Read,SCTLR_EL3 Read,SCR_EL3 Read,TCR_EL3 Read,MAIR_EL3 Read,MAIR2_EL3 Read,PIR_EL3 Read,SCTLR2_EL3 Read,OSLSR_EL1 Read,MDCCSR_EL0 Read
STRB_32B_ldst_regoff,MPAMIDR_EL1 Read,SCTLR_EL3 Read,SCR_EL3 Read,TCR_EL3 Read,MAIR_EL3 Read,MAIR2_EL3 Read,PIR_EL3 Read,SCTLR2_EL3 Read,OSLSR_EL1 Read,MDCCSR_EL0 Read
STRB_32_ldst_immpost,MPAMIDR_EL1 Read,SCTLR_EL3 Read,SCR_EL3 Read,TCR_EL3 Read,MAIR_EL3 Read,MAIR2_EL3 Read,PIR_EL3 Read,SCTLR2_EL3 Read,OSLSR_EL1 Read,MDCCSR_EL0 Read
STRB_32_ldst_immpre,MPAMIDR_EL1 Read,SCTLR_EL3 Read,SCR_EL3 Read,TCR_EL3 Read,MAIR_EL3 Read,MAIR2_EL3 Read,PIR_EL3 Read,SCTLR2_EL3 Read,OSLSR_EL1 Read,MDCCSR_EL0 Read
STRB_32_ldst_pos,MPAMIDR_EL1 Read,SCTLR_EL3 Read,SCR_EL3 Read,TCR_EL3 Read,MAIR_EL3 Read,MAIR2_EL3 Read,PIR_EL3 Read,SCTLR2_EL3 Read,OSLSR_EL1 Read,MDCCSR_EL0 Read
STRH_32_ldst_immpost,MPAMIDR_EL1 Read,SCTLR_EL3 Read,SCR_EL3 Read,TCR_EL3 Read,MAIR_EL3 Read,MAIR2_EL3 Read,PIR_EL3 Read,SCTLR2_EL3 Read,OSLSR_EL1 Read,MDCCSR_EL0 Read
STRH_32_ldst_immpre,MPAMIDR_EL1 Read,SCTLR_EL3 Read,SCR_EL3 Read,TCR_EL3 Read,MAIR_EL3 Read,MAIR2_EL3 Read,PIR_EL3 Read,SCTLR2_EL3 Read,OSLSR_EL1 Read,MDCCSR_EL0 Read
STRH_32_ldst_pos,MPAMIDR_EL1 Read,SCTLR_EL3 Read,SCR_EL3 Read,TCR_EL3 Read,MAIR_EL3 Read,MAIR2_EL3 Read,PIR_EL3 Read,SCTLR2_EL3 Read,OSLSR_EL1 Read,MDCCSR_EL0 Read
STRH_32_ldst_regoff,MPAMIDR_EL1 Read,SCTLR_EL3 Read,SCR_EL3 Read,TCR_EL3 Read,MAIR_EL3 Read,MAIR2_EL3 Read,PIR_EL3 Read,SCTLR2_EL3 Read,OSLSR_EL1 Read,MDCCSR_EL0 Read
STR_32_ldst_immpost,MPAMIDR_EL1 Read,SCTLR_EL3 Read,SCR_EL3 Read,TCR_EL3 Read,MAIR_EL3 Read,MAIR2_EL3 Read,PIR_EL3 Read,SCTLR2_EL3 Read,OSLSR_EL1 Read,MDCCSR_EL0 Read
STR_32_ldst_immpre,MPAMIDR_EL1 Read,SCTLR_EL3 Read,SCR_EL3 Read,TCR_EL3 Read,MAIR_EL3 Read,MAIR2_EL3 Read,PIR_EL3 Read,SCTLR2_EL3 Read,OSLSR_EL1 Read,MDCCSR_EL0 Read
STR_32_ldst_pos,MPAMIDR_EL1 Read,SCTLR_EL3 Read,SCR_EL3 Read,TCR_EL3 Read,MAIR_EL3 Read,MAIR2_EL3 Read,PIR_EL3 Read,SCTLR2_EL3 Read,OSLSR_EL1 Read,MDCCSR_EL0 Read
STR_32_ldst_regoff,MPAMIDR_EL1 Read,SCTLR_EL3 Read,SCR_EL3 Read,TCR_EL3 Read,MAIR_EL3 Read,MAIR2_EL3 Read,PIR_EL3 Read,SCTLR2_EL3 Read,OSLSR_EL1 Read,MDCCSR_EL0 Read
STR_64_ldst_immpost,MPAMIDR_EL1 Read,SCTLR_EL3 Read,SCR_EL3 Read,TCR_EL3 Read,MAIR_EL3 Read,MAIR2_EL3 Read,PIR_EL3 Read,SCTLR2_EL3 Read,OSLSR_EL1 Read,MDCCSR_EL0 Read
STR_64_ldst_immpre,MPAMIDR_EL1 Read,SCTLR_EL3 Read,SCR_EL3 Read,TCR_EL3 Read,MAIR_EL3 Read,MAIR2_EL3 Read,PIR_EL3 Read,SCTLR2_EL3 Read,OSLSR_EL1 Read,MDCCSR_EL0 Read
STR_64_ldst_pos,MPAMIDR_EL1 Read,SCTLR_EL3 Read,SCR_EL3 Read,TCR_EL3 Read,MAIR_EL3 Read,MAIR2_EL3 Read,PIR_EL3 Read,SCTLR2_EL3 Read,OSLSR_EL1 Read,MDCCSR_EL0 Read
STR_64_ldst_regoff,MPAMIDR_EL1 Read,SCTLR_EL3 Read,SCR_EL3 Read,TCR_EL3 Read,MAIR_EL3 Read,MAIR2_EL3 Read,PIR_EL3 Read,SCTLR2_EL3 Read,OSLSR_EL1 Read,MDCCSR_EL0 Read
STR_BL_ldst_regoff,CPTR_EL3 Read,MPAMIDR_EL1 Read,SCTLR_EL3 Read,SCR_EL3 Read,TCR_EL3 Read,MAIR_EL3 Read,MAIR2_EL3 Read,PIR_EL3 Read,SCTLR2_EL3 Read,OSLSR_EL1 Read,MDCCSR_EL0 Read
STR_B_ldst_immpost,CPTR_EL3 Read,MPAMIDR_EL1 Read,SCTLR_EL3 Read,SCR_EL3 Read,TCR_EL3 Read,MAIR_EL3 Read,MAIR2_EL3 Read,PIR_EL3 Read,SCTLR2_EL3 Read,OSLSR_EL1 Read,MDCCSR_EL0 Read
STR_B_ldst_immpre,CPTR_EL3 Read,MPAMIDR_EL1 Read,SCTLR_EL3 Read,SCR_EL3 Read,TCR_EL3 Read,MAIR_EL3 Read,MAIR2_EL3 Read,PIR_EL3 Read,SCTLR2_EL3 Read,OSLSR_EL1 Read,MDCCSR_EL0 Read
STR_B_ldst_pos,CPTR_EL3 Read,MPAMIDR_EL1 Read,SCTLR_EL3 Read,SCR_EL3 Read,TCR_EL3 Read,MAIR_EL3 Read,MAIR2_EL3 Read,PIR_EL3 Read,SCTLR2_EL3 Read,OSLSR_EL1 Read,MDCCSR_EL0 Read
STR_B_ldst_regoff,CPTR_EL3 Read,MPAMIDR_EL1 Read,SCTLR_EL3 Read,SCR_EL3 Read,TCR_EL3 Read,MAIR_EL3 Read,MAIR2_EL3 Read,PIR_EL3 Read,SCTLR2_EL3 Read,OSLSR_EL1 Read,MDCCSR_EL0 Read
STR_D_ldst_immpost,CPTR_EL3 Read,MPAMIDR_EL1 Read,SCTLR_EL3 Read,SCR_EL3 Read,TCR_EL3 Read,MAIR_EL3 Read,MAIR2_EL3 Read,PIR_EL3 Read,SCTLR2_EL3 Read,OSLSR_EL1 Read,MDCCSR_EL0 Read
STR_D_ldst_immpre,CPTR_EL3 Read,MPAMIDR_EL1 Read,SCTLR_EL3 Read,SCR_EL3 Read,TCR_EL3 Read,MAIR_EL3 Read,MAIR2_EL3 Read,PIR_EL3 Read,SCTLR2_EL3 Read,OSLSR_EL1 Read,MDCCSR_EL0 Read
STR_D_ldst_pos,CPTR_EL3 Read,MPAMIDR_EL1 Read,SCTLR_EL3 Read,SCR_EL3 Read,TCR_EL3 Read,MAIR_EL3 Read,MAIR2_EL3 Read,PIR_EL3 Read,SCTLR2_EL3 Read,OSLSR_EL1 Read,MDCCSR_EL0 Read
STR_D_ldst_regoff,CPTR_EL3 Read,MPAMIDR_EL1 Read,SCTLR_EL3 Read,SCR_EL3 Read,TCR_EL3 Read,MAIR_EL3 Read,MAIR2_EL3 Read,PIR_EL3 Read,SCTLR2_EL3 Read,OSLSR_EL1 Read,MDCCSR_EL0 Read
STR_H_ldst_immpost,CPTR_EL3 Read,MPAMIDR_EL1 Read,SCTLR_EL3 Read,SCR_EL3 Read,TCR_EL3 Read,MAIR_EL3 Read,MAIR2_EL3 Read,PIR_EL3 Read,SCTLR2_EL3 Read,OSLSR_EL1 Read,MDCCSR_EL0 Read
STR_H_ldst_immpre,CPTR_EL3 Read,MPAMIDR_EL1 Read,SCTLR_EL3 Read,SCR_EL3 Read,TCR_EL3 Read,MAIR_EL3 Read,MAIR2_EL3 Read,PIR_EL3 Read,SCTLR2_EL3 Read,OSLSR_EL1 Read,MDCCSR_EL0 Read
STR_H_ldst_pos,CPTR_EL3 Read,MPAMIDR_EL1 Read,SCTLR_EL3 Read,SCR_EL3 Read,TCR_EL3 Read,MAIR_EL3 Read,MAIR2_EL3 Read,PIR_EL3 Read,SCTLR2_EL3 Read,OSLSR_EL1 Read,MDCCSR_EL0 Read
STR_H_ldst_regoff,CPTR_EL3 Read,MPAMIDR_EL1 Read,SCTLR_EL3 Read,SCR_EL3 Read,TCR_EL3 Read,MAIR_EL3 Read,MAIR2_EL3 Read,PIR_EL3 Read,SCTLR2_EL3 Read,OSLSR_EL1 Read,MDCCSR_EL0 Read
STR_Q_ldst_immpost,CPTR_EL3 Read,MPAMIDR_EL1 Read,SCTLR_EL3 Read,SCR_EL3 Read,TCR_EL3 Read,MAIR_EL3 Read,MAIR2_EL3 Read,PIR_EL3 Read,SCTLR2_EL3 Read,OSLSR_EL1 Read,MDCCSR_EL0 Read
STR_Q_ldst_immpre,CPTR_EL3 Read,MPAMIDR_EL1 Read,SCTLR_EL3 Read,SCR_EL3 Read,TCR_EL3 Read,MAIR_EL3 Read,MAIR2_EL3 Read,PIR_EL3 Read,SCTLR2_EL3 Read,OSLSR_EL1 Read,MDCCSR_EL0 Read
STR_Q_ldst_pos,CPTR_EL3 Read,MPAMIDR_EL1 Read,SCTLR_EL3 Read,SCR_EL3 Read,TCR_EL3 Read,MAIR_EL3 Read,MAIR2_EL3 Read,PIR_EL3 Read,SCTLR2_EL3 Read,OSLSR_EL1 Read,MDCCSR_EL0 Read
STR_Q_ldst_regoff,CPTR_EL3 Read,MPAMIDR_EL1 Read,SCTLR_EL3 Read,SCR_EL3 Read,TCR_EL3 Read,MAIR_EL3 Read,MAIR2_EL3 Read,PIR_EL3 Read,SCTLR2_EL3 Read,OSLSR_EL1 Read,MDCCSR_EL0 Read
STR_S_ldst_immpost,CPTR_EL3 Read,MPAMIDR_EL1 Read,SCTLR_EL3 Read,SCR_EL3 Read,TCR_EL3 Read,MAIR_EL3 Read,MAIR2_EL3 Read,PIR_EL3 Read,SCTLR2_EL3 Read,OSLSR_EL1 Read,MDCCSR_EL0 Read
STR_S_ldst_immpre,CPTR_EL3 Read,MPAMIDR_EL1 Read,SCTLR_EL3 Read,SCR_EL3 Read,TCR_EL3 Read,MAIR_EL3 Read,MAIR2_EL3 Read,PIR_EL3 Read,SCTLR2_EL3 Read,OSLSR_EL1 Read,MDCCSR_EL0 Read
STR_S_ldst_pos,CPTR_EL3 Read,MPAMIDR_EL1 Read,SCTLR_EL3 Read,SCR_EL3 Read,TCR_EL3 Read,MAIR_EL3 Read,MAIR2_EL3 Read,PIR_EL3 Read,SCTLR2_EL3 Read,OSLSR_EL1 Read,MDCCSR_EL0 Read
STR_S_ldst_regoff,CPTR_EL3 Read,MPAMIDR_EL1 Read,SCTLR_EL3 Read,SCR_EL3 Read,TCR_EL3 Read,MAIR_EL3 Read,MAIR2_EL3 Read,PIR_EL3 Read,SCTLR2_EL3 Read,OSLSR_EL1 Read,MDCCSR_EL0 Read
STURB_32_ldst_unscaled,MPAMIDR_EL1 Read,SCTLR_EL3 Read,SCR_EL3 Read,TCR_EL3 Read,MAIR_EL3 Read,MAIR2_EL3 Read,PIR_EL3 Read,SCTLR2_EL3 Read,OSLSR_EL1 Read,MDCCSR_EL0 Read
STURH_32_ldst_unscaled,MPAMIDR_EL1 Read,SCTLR_EL3 Read,SCR_EL3 Read,TCR_EL3 Read,MAIR_EL3 Read,MAIR2_EL3 Read,PIR_EL3 Read,SCTLR2_EL3 Read,OSLSR_EL1 Read,MDCCSR_EL0 Read
STUR_32_ldst_unscaled,MPAMIDR_EL1 Read,SCTLR_EL3 Read,SCR_EL3 Read,TCR_EL3 Read,MAIR_EL3 Read,MAIR2_EL3 Read,PIR_EL3 Read,SCTLR2_EL3 Read,OSLSR_EL1 Read,MDCCSR_EL0 Read
STUR_64_ldst_unscaled,MPAMIDR_EL1 Read,SCTLR_EL3 Read,SCR_EL3 Read,TCR_EL3 Read,MAIR_EL3 Read,MAIR2_EL3 Read,PIR_EL3 Read,SCTLR2_EL3 Read,OSLSR_EL1 Read,MDCCSR_EL0 Read
STUR_B_ldst_unscaled,CPTR_EL3 Read,MPAMIDR_EL1 Read,SCTLR_EL3 Read,SCR_EL3 Read,TCR_EL3 Read,MAIR_EL3 Read,MAIR2_EL3 Read,PIR_EL3 Read,SCTLR2_EL3 Read,OSLSR_EL1 Read,MDCCSR_EL0 Read
STUR_D_ldst_unscaled,CPTR_EL3 Read,MPAMIDR_EL1 Read,SCTLR_EL3 Read,SCR_EL3 Read,TCR_EL3 Read,MAIR_EL3 Read,MAIR2_EL3 Read,PIR_EL3 Read,SCTLR2_EL3 Read,OSLSR_EL1 Read,MDCCSR_EL0 Read
STUR_H_ldst_unscaled,CPTR_EL3 Read,MPAMIDR_EL1 Read,SCTLR_EL3 Read,SCR_EL3 Read,TCR_EL3 Read,MAIR_EL3 Read,MAIR2_EL3 Read,PIR_EL3 Read,SCTLR2_EL3 Read,OSLSR_EL1 Read,MDCCSR_EL0 Read
STUR_Q_ldst_unscaled,CPTR_EL3 Read,MPAMIDR_EL1 Read,SCTLR_EL3 Read,SCR_EL3 Read,TCR_EL3 Read,MAIR_EL3 Read,MAIR2_EL3 Read,PIR_EL3 Read,SCTLR2_EL3 Read,OSLSR_EL1 Read,MDCCSR_EL0 Read
STUR_S_ldst_unscaled,CPTR_EL3 Read,MPAMIDR_EL1 Read,SCTLR_EL3 Read,SCR_EL3 Read,TCR_EL3 Read,MAIR_EL3 Read,MAIR2_EL3 Read,PIR_EL3 Read,SCTLR2_EL3 Read,OSLSR_EL1 Read,MDCCSR_EL0 Read
STXP_SP32_ldstexclp,MPAMIDR_EL1 Read,SCTLR_EL3 Read,SCR_EL3 Read,TCR_EL3 Read,MAIR_EL3 Read,MAIR2_EL3 Read,PIR_EL3 Read,SCTLR2_EL3 Read,OSLSR_EL1 Read,MDCCSR_EL0 Read
STXP_SP64_ldstexclp,MPAMIDR_EL1 Read,SCTLR_EL3 Read,SCR_EL3 Read,TCR_EL3 Read,MAIR_EL3 Read,MAIR2_EL3 Read,PIR_EL3 Read,SCTLR2_EL3 Read,OSLSR_EL1 Read,MDCCSR_EL0 Read
STXRB_SR32_ldstexclr,MPAMIDR_EL1 Read,SCTLR_EL3 Read,SCR_EL3 Read,TCR_EL3 Read,MAIR_EL3 Read,MAIR2_EL3 Read,PIR_EL3 Read,SCTLR2_EL3 Read,OSLSR_EL1 Read,MDCCSR_EL0 Read
STXRH_SR32_ldstexclr,MPAMIDR_EL1 Read,SCTLR_EL3 Read,SCR_EL3 Read,TCR_EL3 Read,MAIR_EL3 Read,MAIR2_EL3 Read,PIR_EL3 Read,SCTLR2_EL3 Read,OSLSR_EL1 Read,MDCCSR_EL0 Read
STXR_SR32_ldstexclr,MPAMIDR_EL1 Read,SCTLR_EL3 Read,SCR_EL3 Read,TCR_EL3 Read,MAIR_EL3 Read,MAIR2_EL3 Read,PIR_EL3 Read,SCTLR2_EL3 Read,OSLSR_EL1 Read,MDCCSR_EL0 Read
STXR_SR64_ldstexclr,MPAMIDR_EL1 Read,SCTLR_EL3 Read,SCR_EL3 Read,TCR_EL3 Read,MAIR_EL3 Read,MAIR2_EL3 Read,PIR_EL3 Read,SCTLR2_EL3 Read,OSLSR_EL1 Read,MDCCSR_EL0 Read
SUBS_32S_addsub_ext
SUBS_32S_addsub_imm
SUBS_32_addsub_shift
SUBS_64S_addsub_ext
SUBS_64S_addsub_imm
SUBS_64_addsub_shift
SUB_32_addsub_ext
SUB_32_addsub_imm
SUB_32_addsub_shift
SUB_64_addsub_ext
SUB_64_addsub_imm
SUB_64_addsub_shift
SWPAB_32_memop,MPAMIDR_EL1 Read,SCR_EL3 Read,SCTLR_EL3 Read,TCR_EL3 Read,MAIR_EL3 Read,MAIR2_EL3 Read,PIR_EL3 Read,SCTLR2_EL3 Read,OSLSR_EL1 Read,MDCCSR_EL0 Read
SWPAH_32_memop,MPAMIDR_EL1 Read,SCR_EL3 Read,SCTLR_EL3 Read,TCR_EL3 Read,MAIR_EL3 Read,MAIR2_EL3 Read,PIR_EL3 Read,SCTLR2_EL3 Read,OSLSR_EL1 Read,MDCCSR_EL0 Read
SWPALB_32_memop,MPAMIDR_EL1 Read,SCR_EL3 Read,SCTLR_EL3 Read,TCR_EL3 Read,MAIR_EL3 Read,MAIR2_EL3 Read,PIR_EL3 Read,SCTLR2_EL3 Read,OSLSR_EL1 Read,MDCCSR_EL0 Read
SWPALH_32_memop,MPAMIDR_EL1 Read,SCR_EL3 Read,SCTLR_EL3 Read,TCR_EL3 Read,MAIR_EL3 Read,MAIR2_EL3 Read,PIR_EL3 Read,SCTLR2_EL3 Read,OSLSR_EL1 Read,MDCCSR_EL0 Read
SWPAL_32_memop,MPAMIDR_EL1 Read,SCR_EL3 Read,SCTLR_EL3 Read,TCR_EL3 Read,MAIR_EL3 Read,MAIR2_EL3 Read,PIR_EL3 Read,SCTLR2_EL3 Read,OSLSR_EL1 Read,MDCCSR_EL0 Read
SWPAL_64_memop,MPAMIDR_EL1 Read,SCR_EL3 Read,SCTLR_EL3 Read,TCR_EL3 Read,MAIR_EL3 Read,MAIR2_EL3 Read,PIR_EL3 Read,SCTLR2_EL3 Read,OSLSR_EL1 Read,MDCCSR_EL0 Read
SWPA_32_memop,MPAMIDR_EL1 Read,SCR_EL3 Read,SCTLR_EL3 Read,TCR_EL3 Read,MAIR_EL3 Read,MAIR2_EL3 Read,PIR_EL3 Read,SCTLR2_EL3 Read,OSLSR_EL1 Read,MDCCSR_EL0 Read
SWPA_64_memop,MPAMIDR_EL1 Read,SCR_EL3 Read,SCTLR_EL3 Read,TCR_EL3 Read,MAIR_EL3 Read,MAIR2_EL3 Read,PIR_EL3 Read,SCTLR2_EL3 Read,OSLSR_EL1 Read,MDCCSR_EL0 Read
SWPB_32_memop,MPAMIDR_EL1 Read,SCR_EL3 Read,SCTLR_EL3 Read,TCR_EL3 Read,MAIR_EL3 Read,MAIR2_EL3 Read,PIR_EL3 Read,SCTLR2_EL3 Read,OSLSR_EL1 Read,MDCCSR_EL0 Read
SWPH_32_memop,MPAMIDR_EL1 Read,SCR_EL3 Read,SCTLR_EL3 Read,TCR_EL3 Read,MAIR_EL3 Read,MAIR2_EL3 Read,PIR_EL3 Read,SCTLR2_EL3 Read,OSLSR_EL1 Read,MDCCSR_EL0 Read
SWPLB_32_memop,MPAMIDR_EL1 Read,SCR_EL3 Read,SCTLR_EL3 Read,TCR_EL3 Read,MAIR_EL3 Read,MAIR2_EL3 Read,PIR_EL3 Read,SCTLR2_EL3 Read,OSLSR_EL1 Read,MDCCSR_EL0 Read
SWPLH_32_memop,MPAMIDR_EL1 Read,SCR_EL3 Read,SCTLR_EL3 Read,TCR_EL3 Read,MAIR_EL3 Read,MAIR2_EL3 Read,PIR_EL3 Read,SCTLR2_EL3 Read,OSLSR_EL1 Read,MDCCSR_EL0 Read
SWPL_32_memop,MPAMIDR_EL1 Read,SCR_EL3 Read,SCTLR_EL3 Read,TCR_EL3 Read,MAIR_EL3 Read,MAIR2_EL3 Read,PIR_EL3 Read,SCTLR2_EL3 Read,OSLSR_EL1 Read,MDCCSR_EL0 Read
SWPL_64_memop,MPAMIDR_EL1 Read,SCR_EL3 Read,SCTLR_EL3 Read,TCR_EL3 Read,MAIR_EL3 Read,MAIR2_EL3 Read,PIR_EL3 Read,SCTLR2_EL3 Read,OSLSR_EL1 Read,MDCCSR_EL0 Read
SWP_32_memop,MPAMIDR_EL1 Read,SCR_EL3 Read,SCTLR_EL3 Read,TCR_EL3 Read,MAIR_EL3 Read,MAIR2_EL3 Read,PIR_EL3 Read,SCTLR2_EL3 Read,OSLSR_EL1 Read,MDCCSR_EL0 Read
SWP_64_memop,MPAMIDR_EL1 Read,SCR_EL3 Read,SCTLR_EL3 Read,TCR_EL3 Read,MAIR_EL3 Read,MAIR2_EL3 Read,PIR_EL3 Read,SCTLR2_EL3 Read,OSLSR_EL1 Read,MDCCSR_EL0 Read
TBNZ_only_testbranch,SCR_EL3 Read,TCR_EL3 Read
TBZ_only_testbranch,SCR_EL3 Read,TCR_EL3 Read
TSB_HC_hints
UBFM_32M_bitfield
UBFM_64M_bitfield
UMADDL_64WA_dp_3src
UMAX_32U_minmax_imm
UMAX_32_dp_2src
UMAX_64U_minmax_imm
UMAX_64_dp_2src
UMIN_32U_minmax_imm
UMIN_32_dp_2src
UMIN_64U_minmax_imm
UMIN_64_dp_2src
UMSUBL_64WA_dp_3src
UMULH_64_dp_3src
WFET_only_systeminstrswithreg,MDCCSR_EL0 Read
WFIT_only_systeminstrswithreg,MDCCSR_EL0 Read,SCR_EL3 Read
YIELD_HI_hints
