Instruction,EL,Clean,Exception,Undefined,ExecErr,Status
ABS_32_dp_1src,EL0,9,0,0,0,Allowed
ABS_32_dp_1src,EL1,9,0,0,0,Allowed
ABS_32_dp_1src,EL2,9,0,0,0,Allowed
ABS_32_dp_1src,EL3,9,0,0,0,Allowed
ABS_64_dp_1src,EL0,9,0,0,0,Allowed
ABS_64_dp_1src,EL1,9,0,0,0,Allowed
ABS_64_dp_1src,EL2,9,0,0,0,Allowed
ABS_64_dp_1src,EL3,9,0,0,0,Allowed
ADCS_32_addsub_carry,EL0,27,0,0,0,Allowed
ADCS_32_addsub_carry,EL1,27,0,0,0,Allowed
ADCS_32_addsub_carry,EL2,27,0,0,0,Allowed
ADCS_32_addsub_carry,EL3,27,0,0,0,Allowed
ADCS_64_addsub_carry,EL0,27,0,0,0,Allowed
ADCS_64_addsub_carry,EL1,27,0,0,0,Allowed
ADCS_64_addsub_carry,EL2,27,0,0,0,Allowed
ADCS_64_addsub_carry,EL3,27,0,0,0,Allowed
ADC_32_addsub_carry,EL0,27,0,0,0,Allowed
ADC_32_addsub_carry,EL1,27,0,0,0,Allowed
ADC_32_addsub_carry,EL2,27,0,0,0,Allowed
ADC_32_addsub_carry,EL3,27,0,0,0,Allowed
ADC_64_addsub_carry,EL0,27,0,0,0,Allowed
ADC_64_addsub_carry,EL1,27,0,0,0,Allowed
ADC_64_addsub_carry,EL2,27,0,0,0,Allowed
ADC_64_addsub_carry,EL3,27,0,0,0,Allowed
ADDS_32S_addsub_ext,EL0,54,0,1,0,Conditional
ADDS_32S_addsub_ext,EL1,54,0,1,0,Conditional
ADDS_32S_addsub_ext,EL2,54,0,1,0,Conditional
ADDS_32S_addsub_ext,EL3,54,0,1,0,Conditional
ADDS_32S_addsub_imm,EL0,18,0,0,0,Allowed
ADDS_32S_addsub_imm,EL1,18,0,0,0,Allowed
ADDS_32S_addsub_imm,EL2,18,0,0,0,Allowed
ADDS_32S_addsub_imm,EL3,18,0,0,0,Allowed
ADDS_32_addsub_shift,EL0,27,0,0,0,Allowed
ADDS_32_addsub_shift,EL1,27,0,0,0,Allowed
ADDS_32_addsub_shift,EL2,27,0,0,0,Allowed
ADDS_32_addsub_shift,EL3,27,0,0,0,Allowed
ADDS_64S_addsub_ext,EL0,54,0,1,0,Conditional
ADDS_64S_addsub_ext,EL1,54,0,1,0,Conditional
ADDS_64S_addsub_ext,EL2,54,0,1,0,Conditional
ADDS_64S_addsub_ext,EL3,54,0,1,0,Conditional
ADDS_64S_addsub_imm,EL0,18,0,0,0,Allowed
ADDS_64S_addsub_imm,EL1,18,0,0,0,Allowed
ADDS_64S_addsub_imm,EL2,18,0,0,0,Allowed
ADDS_64S_addsub_imm,EL3,18,0,0,0,Allowed
ADDS_64_addsub_shift,EL0,27,0,0,0,Allowed
ADDS_64_addsub_shift,EL1,27,0,0,0,Allowed
ADDS_64_addsub_shift,EL2,27,0,0,0,Allowed
ADDS_64_addsub_shift,EL3,27,0,0,0,Allowed
ADD_32_addsub_ext,EL0,54,0,1,0,Conditional
ADD_32_addsub_ext,EL1,54,0,1,0,Conditional
ADD_32_addsub_ext,EL2,54,0,1,0,Conditional
ADD_32_addsub_ext,EL3,54,0,1,0,Conditional
ADD_32_addsub_imm,EL0,18,0,0,0,Allowed
ADD_32_addsub_imm,EL1,18,0,0,0,Allowed
ADD_32_addsub_imm,EL2,18,0,0,0,Allowed
ADD_32_addsub_imm,EL3,18,0,0,0,Allowed
ADD_32_addsub_shift,EL0,27,0,0,0,Allowed
ADD_32_addsub_shift,EL1,27,0,0,0,Allowed
ADD_32_addsub_shift,EL2,27,0,0,0,Allowed
ADD_32_addsub_shift,EL3,27,0,0,0,Allowed
ADD_64_addsub_ext,EL0,54,0,1,0,Conditional
ADD_64_addsub_ext,EL1,54,0,1,0,Conditional
ADD_64_addsub_ext,EL2,54,0,1,0,Conditional
ADD_64_addsub_ext,EL3,54,0,1,0,Conditional
ADD_64_addsub_imm,EL0,18,0,0,0,Allowed
ADD_64_addsub_imm,EL1,18,0,0,0,Allowed
ADD_64_addsub_imm,EL2,18,0,0,0,Allowed
ADD_64_addsub_imm,EL3,18,0,0,0,Allowed
ADD_64_addsub_shift,EL0,27,0,0,0,Allowed
ADD_64_addsub_shift,EL1,27,0,0,0,Allowed
ADD_64_addsub_shift,EL2,27,0,0,0,Allowed
ADD_64_addsub_shift,EL3,27,0,0,0,Allowed
ADRP_only_pcreladdr,EL0,3,0,0,0,Allowed
ADRP_only_pcreladdr,EL1,3,0,0,0,Allowed
ADRP_only_pcreladdr,EL2,3,0,0,0,Allowed
ADRP_only_pcreladdr,EL3,3,0,0,0,Allowed
ADR_only_pcreladdr,EL0,3,0,0,0,Allowed
ADR_only_pcreladdr,EL1,3,0,0,0,Allowed
ADR_only_pcreladdr,EL2,3,0,0,0,Allowed
ADR_only_pcreladdr,EL3,3,0,0,0,Allowed
ANDS_32S_log_imm,EL0,9,0,0,0,Allowed
ANDS_32S_log_imm,EL1,9,0,0,0,Allowed
ANDS_32S_log_imm,EL2,9,0,0,0,Allowed
ANDS_32S_log_imm,EL3,9,0,0,0,Allowed
ANDS_32_log_shift,EL0,27,0,0,0,Allowed
ANDS_32_log_shift,EL1,27,0,0,0,Allowed
ANDS_32_log_shift,EL2,27,0,0,0,Allowed
ANDS_32_log_shift,EL3,27,0,0,0,Allowed
ANDS_64S_log_imm,EL0,18,0,0,0,Allowed
ANDS_64S_log_imm,EL1,18,0,0,0,Allowed
ANDS_64S_log_imm,EL2,18,0,0,0,Allowed
ANDS_64S_log_imm,EL3,18,0,0,0,Allowed
ANDS_64_log_shift,EL0,27,0,0,0,Allowed
ANDS_64_log_shift,EL1,27,0,0,0,Allowed
ANDS_64_log_shift,EL2,27,0,0,0,Allowed
ANDS_64_log_shift,EL3,27,0,0,0,Allowed
AND_32_log_imm,EL0,9,0,0,0,Allowed
AND_32_log_imm,EL1,9,0,0,0,Allowed
AND_32_log_imm,EL2,9,0,0,0,Allowed
AND_32_log_imm,EL3,9,0,0,0,Allowed
AND_32_log_shift,EL0,27,0,0,0,Allowed
AND_32_log_shift,EL1,27,0,0,0,Allowed
AND_32_log_shift,EL2,27,0,0,0,Allowed
AND_32_log_shift,EL3,27,0,0,0,Allowed
AND_64_log_imm,EL0,18,0,0,0,Allowed
AND_64_log_imm,EL1,18,0,0,0,Allowed
AND_64_log_imm,EL2,18,0,0,0,Allowed
AND_64_log_imm,EL3,18,0,0,0,Allowed
AND_64_log_shift,EL0,27,0,0,0,Allowed
AND_64_log_shift,EL1,27,0,0,0,Allowed
AND_64_log_shift,EL2,27,0,0,0,Allowed
AND_64_log_shift,EL3,27,0,0,0,Allowed
ASRV_32_dp_2src,EL0,27,0,0,0,Allowed
ASRV_32_dp_2src,EL1,27,0,0,0,Allowed
ASRV_32_dp_2src,EL2,27,0,0,0,Allowed
ASRV_32_dp_2src,EL3,27,0,0,0,Allowed
ASRV_64_dp_2src,EL0,27,0,0,0,Allowed
ASRV_64_dp_2src,EL1,27,0,0,0,Allowed
ASRV_64_dp_2src,EL2,27,0,0,0,Allowed
ASRV_64_dp_2src,EL3,27,0,0,0,Allowed
AXFLAG_M_pstate,EL0,1,0,0,0,Allowed
AXFLAG_M_pstate,EL1,1,0,0,0,Allowed
AXFLAG_M_pstate,EL2,1,0,0,0,Allowed
AXFLAG_M_pstate,EL3,1,0,0,0,Allowed
BC_only_condbranch,EL0,2,0,0,0,Allowed
BC_only_condbranch,EL1,2,0,0,0,Allowed
BC_only_condbranch,EL2,2,0,0,0,Allowed
BC_only_condbranch,EL3,2,0,0,0,Allowed
BFM_32M_bitfield,EL0,9,0,0,0,Allowed
BFM_32M_bitfield,EL1,9,0,0,0,Allowed
BFM_32M_bitfield,EL2,9,0,0,0,Allowed
BFM_32M_bitfield,EL3,9,0,0,0,Allowed
BFM_64M_bitfield,EL0,9,0,0,0,Allowed
BFM_64M_bitfield,EL1,9,0,0,0,Allowed
BFM_64M_bitfield,EL2,9,0,0,0,Allowed
BFM_64M_bitfield,EL3,9,0,0,0,Allowed
BICS_32_log_shift,EL0,27,0,0,0,Allowed
BICS_32_log_shift,EL1,27,0,0,0,Allowed
BICS_32_log_shift,EL2,27,0,0,0,Allowed
BICS_32_log_shift,EL3,27,0,0,0,Allowed
BICS_64_log_shift,EL0,27,0,0,0,Allowed
BICS_64_log_shift,EL1,27,0,0,0,Allowed
BICS_64_log_shift,EL2,27,0,0,0,Allowed
BICS_64_log_shift,EL3,27,0,0,0,Allowed
BIC_32_log_shift,EL0,27,0,0,0,Allowed
BIC_32_log_shift,EL1,27,0,0,0,Allowed
BIC_32_log_shift,EL2,27,0,0,0,Allowed
BIC_32_log_shift,EL3,27,0,0,0,Allowed
BIC_64_log_shift,EL0,27,0,0,0,Allowed
BIC_64_log_shift,EL1,27,0,0,0,Allowed
BIC_64_log_shift,EL2,27,0,0,0,Allowed
BIC_64_log_shift,EL3,27,0,0,0,Allowed
BLR_64_branch_reg,EL0,3,0,0,0,Allowed
BLR_64_branch_reg,EL1,3,0,0,0,Allowed
BLR_64_branch_reg,EL2,3,0,0,0,Allowed
BLR_64_branch_reg,EL3,3,0,0,0,Allowed
BL_only_branch_imm,EL0,1,0,0,0,Allowed
BL_only_branch_imm,EL1,1,0,0,0,Allowed
BL_only_branch_imm,EL2,1,0,0,0,Allowed
BL_only_branch_imm,EL3,1,0,0,0,Allowed
BR_64_branch_reg,EL0,3,0,0,0,Allowed
BR_64_branch_reg,EL1,3,0,0,0,Allowed
BR_64_branch_reg,EL2,3,0,0,0,Allowed
BR_64_branch_reg,EL3,3,0,0,0,Allowed
BTI_HB_hints,EL0,1,0,0,0,Allowed
BTI_HB_hints,EL1,1,0,0,0,Allowed
BTI_HB_hints,EL2,1,0,0,0,Allowed
BTI_HB_hints,EL3,1,0,0,0,Allowed
B_only_branch_imm,EL0,1,0,0,0,Allowed
B_only_branch_imm,EL1,1,0,0,0,Allowed
B_only_branch_imm,EL2,1,0,0,0,Allowed
B_only_branch_imm,EL3,1,0,0,0,Allowed
B_only_condbranch,EL0,2,0,0,0,Allowed
B_only_condbranch,EL1,2,0,0,0,Allowed
B_only_condbranch,EL2,2,0,0,0,Allowed
B_only_condbranch,EL3,2,0,0,0,Allowed
CASAB_C32_comswap,EL0,42,282,0,60,Conditional
CASAB_C32_comswap,EL1,41,284,0,52,Conditional
CASAB_C32_comswap,EL2,13,225,0,17,Conditional
CASAB_C32_comswap,EL3,27,54,0,0,Conditional
CASAH_C32_comswap,EL0,42,280,0,53,Conditional
CASAH_C32_comswap,EL1,40,283,0,46,Conditional
CASAH_C32_comswap,EL2,13,225,0,17,Conditional
CASAH_C32_comswap,EL3,27,54,0,0,Conditional
CASALB_C32_comswap,EL0,42,281,0,52,Conditional
CASALB_C32_comswap,EL1,40,286,0,44,Conditional
CASALB_C32_comswap,EL2,13,227,0,16,Conditional
CASALB_C32_comswap,EL3,27,54,0,0,Conditional
CASALH_C32_comswap,EL0,42,283,0,59,Conditional
CASALH_C32_comswap,EL1,40,282,0,46,Conditional
CASALH_C32_comswap,EL2,13,227,0,16,Conditional
CASALH_C32_comswap,EL3,27,54,0,0,Conditional
CASAL_C32_comswap,EL0,43,283,0,58,Conditional
CASAL_C32_comswap,EL1,40,285,0,45,Conditional
CASAL_C32_comswap,EL2,13,226,0,16,Conditional
CASAL_C32_comswap,EL3,27,54,0,0,Conditional
CASAL_C64_comswap,EL0,42,284,0,58,Conditional
CASAL_C64_comswap,EL1,40,283,0,46,Conditional
CASAL_C64_comswap,EL2,13,226,0,17,Conditional
CASAL_C64_comswap,EL3,27,54,0,0,Conditional
CASA_C32_comswap,EL0,43,283,0,58,Conditional
CASA_C32_comswap,EL1,40,284,0,45,Conditional
CASA_C32_comswap,EL2,13,226,0,17,Conditional
CASA_C32_comswap,EL3,27,54,0,0,Conditional
CASA_C64_comswap,EL0,43,282,0,59,Conditional
CASA_C64_comswap,EL1,40,282,0,46,Conditional
CASA_C64_comswap,EL2,13,226,0,17,Conditional
CASA_C64_comswap,EL3,27,54,0,0,Conditional
CASB_C32_comswap,EL0,42,281,0,52,Conditional
CASB_C32_comswap,EL1,40,282,0,46,Conditional
CASB_C32_comswap,EL2,13,225,0,17,Conditional
CASB_C32_comswap,EL3,27,54,0,0,Conditional
CASH_C32_comswap,EL0,42,282,0,60,Conditional
CASH_C32_comswap,EL1,40,286,0,44,Conditional
CASH_C32_comswap,EL2,13,225,0,17,Conditional
CASH_C32_comswap,EL3,27,54,0,0,Conditional
CASLB_C32_comswap,EL0,42,279,0,54,Conditional
CASLB_C32_comswap,EL1,40,283,0,46,Conditional
CASLB_C32_comswap,EL2,13,226,0,17,Conditional
CASLB_C32_comswap,EL3,27,54,0,0,Conditional
CASLH_C32_comswap,EL0,43,282,0,59,Conditional
CASLH_C32_comswap,EL1,40,286,0,44,Conditional
CASLH_C32_comswap,EL2,13,226,0,16,Conditional
CASLH_C32_comswap,EL3,27,54,0,0,Conditional
CASL_C32_comswap,EL0,43,283,0,58,Conditional
CASL_C32_comswap,EL1,40,280,0,47,Conditional
CASL_C32_comswap,EL2,13,226,0,16,Conditional
CASL_C32_comswap,EL3,27,54,0,0,Conditional
CASL_C64_comswap,EL0,42,280,0,53,Conditional
CASL_C64_comswap,EL1,40,280,0,47,Conditional
CASL_C64_comswap,EL2,13,225,0,17,Conditional
CASL_C64_comswap,EL3,27,54,0,0,Conditional
CAS_C32_comswap,EL0,42,284,0,58,Conditional
CAS_C32_comswap,EL1,40,286,0,44,Conditional
CAS_C32_comswap,EL2,13,227,0,16,Conditional
CAS_C32_comswap,EL3,27,54,0,0,Conditional
CAS_C64_comswap,EL0,44,284,0,56,Conditional
CAS_C64_comswap,EL1,40,286,0,44,Conditional
CAS_C64_comswap,EL2,13,227,0,16,Conditional
CAS_C64_comswap,EL3,27,54,0,0,Conditional
CBNZ_32_compbranch,EL0,3,0,0,0,Allowed
CBNZ_32_compbranch,EL1,3,0,0,0,Allowed
CBNZ_32_compbranch,EL2,3,0,0,0,Allowed
CBNZ_32_compbranch,EL3,3,0,0,0,Allowed
CBNZ_64_compbranch,EL0,3,0,0,0,Allowed
CBNZ_64_compbranch,EL1,3,0,0,0,Allowed
CBNZ_64_compbranch,EL2,3,0,0,0,Allowed
CBNZ_64_compbranch,EL3,3,0,0,0,Allowed
CBZ_32_compbranch,EL0,3,0,0,0,Allowed
CBZ_32_compbranch,EL1,3,0,0,0,Allowed
CBZ_32_compbranch,EL2,3,0,0,0,Allowed
CBZ_32_compbranch,EL3,3,0,0,0,Allowed
CBZ_64_compbranch,EL0,3,0,0,0,Allowed
CBZ_64_compbranch,EL1,3,0,0,0,Allowed
CBZ_64_compbranch,EL2,3,0,0,0,Allowed
CBZ_64_compbranch,EL3,3,0,0,0,Allowed
CCMN_32_condcmp_imm,EL0,4,0,0,0,Allowed
CCMN_32_condcmp_imm,EL1,4,0,0,0,Allowed
CCMN_32_condcmp_imm,EL2,4,0,0,0,Allowed
CCMN_32_condcmp_imm,EL3,4,0,0,0,Allowed
CCMN_32_condcmp_reg,EL0,10,0,0,0,Allowed
CCMN_32_condcmp_reg,EL1,10,0,0,0,Allowed
CCMN_32_condcmp_reg,EL2,10,0,0,0,Allowed
CCMN_32_condcmp_reg,EL3,10,0,0,0,Allowed
CCMN_64_condcmp_imm,EL0,4,0,0,0,Allowed
CCMN_64_condcmp_imm,EL1,4,0,0,0,Allowed
CCMN_64_condcmp_imm,EL2,4,0,0,0,Allowed
CCMN_64_condcmp_imm,EL3,4,0,0,0,Allowed
CCMN_64_condcmp_reg,EL0,10,0,0,0,Allowed
CCMN_64_condcmp_reg,EL1,10,0,0,0,Allowed
CCMN_64_condcmp_reg,EL2,10,0,0,0,Allowed
CCMN_64_condcmp_reg,EL3,10,0,0,0,Allowed
CCMP_32_condcmp_imm,EL0,4,0,0,0,Allowed
CCMP_32_condcmp_imm,EL1,4,0,0,0,Allowed
CCMP_32_condcmp_imm,EL2,4,0,0,0,Allowed
CCMP_32_condcmp_imm,EL3,4,0,0,0,Allowed
CCMP_32_condcmp_reg,EL0,10,0,0,0,Allowed
CCMP_32_condcmp_reg,EL1,10,0,0,0,Allowed
CCMP_32_condcmp_reg,EL2,10,0,0,0,Allowed
CCMP_32_condcmp_reg,EL3,10,0,0,0,Allowed
CCMP_64_condcmp_imm,EL0,4,0,0,0,Allowed
CCMP_64_condcmp_imm,EL1,4,0,0,0,Allowed
CCMP_64_condcmp_imm,EL2,4,0,0,0,Allowed
CCMP_64_condcmp_imm,EL3,4,0,0,0,Allowed
CCMP_64_condcmp_reg,EL0,10,0,0,0,Allowed
CCMP_64_condcmp_reg,EL1,10,0,0,0,Allowed
CCMP_64_condcmp_reg,EL2,10,0,0,0,Allowed
CCMP_64_condcmp_reg,EL3,10,0,0,0,Allowed
CFINV_M_pstate,EL0,1,0,0,0,Allowed
CFINV_M_pstate,EL1,1,0,0,0,Allowed
CFINV_M_pstate,EL2,1,0,0,0,Allowed
CFINV_M_pstate,EL3,1,0,0,0,Allowed
CHKFEAT_HF_hints,EL0,1,0,0,0,Allowed
CHKFEAT_HF_hints,EL1,1,0,0,0,Allowed
CHKFEAT_HF_hints,EL2,1,0,0,0,Allowed
CHKFEAT_HF_hints,EL3,1,0,0,0,Allowed
CLRBHB_HI_hints,EL0,1,0,0,0,Allowed
CLRBHB_HI_hints,EL1,1,0,0,0,Allowed
CLRBHB_HI_hints,EL2,1,0,0,0,Allowed
CLRBHB_HI_hints,EL3,1,0,0,0,Allowed
CLREX_BN_barriers,EL0,1,0,0,0,Allowed
CLREX_BN_barriers,EL1,1,0,0,0,Allowed
CLREX_BN_barriers,EL2,1,0,0,0,Allowed
CLREX_BN_barriers,EL3,1,0,0,0,Allowed
CLS_32_dp_1src,EL0,9,0,0,0,Allowed
CLS_32_dp_1src,EL1,9,0,0,0,Allowed
CLS_32_dp_1src,EL2,9,0,0,0,Allowed
CLS_32_dp_1src,EL3,9,0,0,0,Allowed
CLS_64_dp_1src,EL0,9,0,0,0,Allowed
CLS_64_dp_1src,EL1,9,0,0,0,Allowed
CLS_64_dp_1src,EL2,9,0,0,0,Allowed
CLS_64_dp_1src,EL3,9,0,0,0,Allowed
CLZ_32_dp_1src,EL0,9,0,0,0,Allowed
CLZ_32_dp_1src,EL1,9,0,0,0,Allowed
CLZ_32_dp_1src,EL2,9,0,0,0,Allowed
CLZ_32_dp_1src,EL3,9,0,0,0,Allowed
CLZ_64_dp_1src,EL0,9,0,0,0,Allowed
CLZ_64_dp_1src,EL1,9,0,0,0,Allowed
CLZ_64_dp_1src,EL2,9,0,0,0,Allowed
CLZ_64_dp_1src,EL3,9,0,0,0,Allowed
CNT_32_dp_1src,EL0,9,0,0,0,Allowed
CNT_32_dp_1src,EL1,9,0,0,0,Allowed
CNT_32_dp_1src,EL2,9,0,0,0,Allowed
CNT_32_dp_1src,EL3,9,0,0,0,Allowed
CNT_64_dp_1src,EL0,9,0,0,0,Allowed
CNT_64_dp_1src,EL1,9,0,0,0,Allowed
CNT_64_dp_1src,EL2,9,0,0,0,Allowed
CNT_64_dp_1src,EL3,9,0,0,0,Allowed
CPYFMN_CPY_memcms,EL0,0,0,3,0,Not allowed
CPYFMN_CPY_memcms,EL1,0,0,3,0,Not allowed
CPYFMN_CPY_memcms,EL2,12,51,5,48,Conditional
CPYFMN_CPY_memcms,EL3,12,51,5,48,Conditional
CPYFMRN_CPY_memcms,EL0,0,0,3,0,Not allowed
CPYFMRN_CPY_memcms,EL1,0,0,3,0,Not allowed
CPYFMRN_CPY_memcms,EL2,12,51,5,48,Conditional
CPYFMRN_CPY_memcms,EL3,12,51,5,48,Conditional
CPYFMRTN_CPY_memcms,EL0,0,0,3,0,Not allowed
CPYFMRTN_CPY_memcms,EL1,0,0,3,0,Not allowed
CPYFMRTN_CPY_memcms,EL2,12,51,5,48,Conditional
CPYFMRTN_CPY_memcms,EL3,12,51,5,48,Conditional
CPYFMRTRN_CPY_memcms,EL0,0,0,3,0,Not allowed
CPYFMRTRN_CPY_memcms,EL1,0,0,3,0,Not allowed
CPYFMRTRN_CPY_memcms,EL2,12,51,5,48,Conditional
CPYFMRTRN_CPY_memcms,EL3,12,51,5,48,Conditional
CPYFMRTWN_CPY_memcms,EL0,0,0,3,0,Not allowed
CPYFMRTWN_CPY_memcms,EL1,0,0,3,0,Not allowed
CPYFMRTWN_CPY_memcms,EL2,12,51,5,48,Conditional
CPYFMRTWN_CPY_memcms,EL3,12,51,5,48,Conditional
CPYFMRT_CPY_memcms,EL0,0,0,3,0,Not allowed
CPYFMRT_CPY_memcms,EL1,0,0,3,0,Not allowed
CPYFMRT_CPY_memcms,EL2,12,51,5,48,Conditional
CPYFMRT_CPY_memcms,EL3,12,51,5,48,Conditional
CPYFMTN_CPY_memcms,EL0,0,0,3,0,Not allowed
CPYFMTN_CPY_memcms,EL1,0,0,3,0,Not allowed
CPYFMTN_CPY_memcms,EL2,12,51,5,48,Conditional
CPYFMTN_CPY_memcms,EL3,12,51,5,48,Conditional
CPYFMTRN_CPY_memcms,EL0,0,0,3,0,Not allowed
CPYFMTRN_CPY_memcms,EL1,0,0,3,0,Not allowed
CPYFMTRN_CPY_memcms,EL2,12,51,5,48,Conditional
CPYFMTRN_CPY_memcms,EL3,12,51,5,48,Conditional
CPYFMTWN_CPY_memcms,EL0,0,0,3,0,Not allowed
CPYFMTWN_CPY_memcms,EL1,0,0,3,0,Not allowed
CPYFMTWN_CPY_memcms,EL2,12,51,5,48,Conditional
CPYFMTWN_CPY_memcms,EL3,12,51,5,48,Conditional
CPYFMT_CPY_memcms,EL0,0,0,3,0,Not allowed
CPYFMT_CPY_memcms,EL1,0,0,3,0,Not allowed
CPYFMT_CPY_memcms,EL2,12,51,5,48,Conditional
CPYFMT_CPY_memcms,EL3,12,51,5,48,Conditional
CPYFMWN_CPY_memcms,EL0,0,0,3,0,Not allowed
CPYFMWN_CPY_memcms,EL1,0,0,3,0,Not allowed
CPYFMWN_CPY_memcms,EL2,12,51,5,48,Conditional
CPYFMWN_CPY_memcms,EL3,12,51,5,48,Conditional
CPYFMWTN_CPY_memcms,EL0,0,0,3,0,Not allowed
CPYFMWTN_CPY_memcms,EL1,0,0,3,0,Not allowed
CPYFMWTN_CPY_memcms,EL2,12,51,5,48,Conditional
CPYFMWTN_CPY_memcms,EL3,12,51,5,48,Conditional
CPYFMWTRN_CPY_memcms,EL0,0,0,3,0,Not allowed
CPYFMWTRN_CPY_memcms,EL1,0,0,3,0,Not allowed
CPYFMWTRN_CPY_memcms,EL2,12,51,5,48,Conditional
CPYFMWTRN_CPY_memcms,EL3,12,51,5,48,Conditional
CPYFMWTWN_CPY_memcms,EL0,0,0,3,0,Not allowed
CPYFMWTWN_CPY_memcms,EL1,0,0,3,0,Not allowed
CPYFMWTWN_CPY_memcms,EL2,12,51,5,48,Conditional
CPYFMWTWN_CPY_memcms,EL3,12,51,5,48,Conditional
CPYFMWT_CPY_memcms,EL0,0,0,3,0,Not allowed
CPYFMWT_CPY_memcms,EL1,0,0,3,0,Not allowed
CPYFMWT_CPY_memcms,EL2,12,51,5,48,Conditional
CPYFMWT_CPY_memcms,EL3,12,51,5,48,Conditional
CPYFM_CPY_memcms,EL0,0,0,3,0,Not allowed
CPYFM_CPY_memcms,EL1,0,0,3,0,Not allowed
CPYFM_CPY_memcms,EL2,12,51,5,48,Conditional
CPYFM_CPY_memcms,EL3,12,51,5,48,Conditional
CPYFPN_CPY_memcms,EL0,0,0,3,0,Not allowed
CPYFPN_CPY_memcms,EL1,0,0,3,0,Not allowed
CPYFPN_CPY_memcms,EL2,6,3,5,18,Conditional
CPYFPN_CPY_memcms,EL3,6,3,5,18,Conditional
CPYFPRN_CPY_memcms,EL0,0,0,3,0,Not allowed
CPYFPRN_CPY_memcms,EL1,0,0,3,0,Not allowed
CPYFPRN_CPY_memcms,EL2,6,3,5,18,Conditional
CPYFPRN_CPY_memcms,EL3,6,3,5,18,Conditional
CPYFPRTN_CPY_memcms,EL0,0,0,3,0,Not allowed
CPYFPRTN_CPY_memcms,EL1,0,0,3,0,Not allowed
CPYFPRTN_CPY_memcms,EL2,6,3,5,18,Conditional
CPYFPRTN_CPY_memcms,EL3,6,3,5,18,Conditional
CPYFPRTRN_CPY_memcms,EL0,0,0,3,0,Not allowed
CPYFPRTRN_CPY_memcms,EL1,0,0,3,0,Not allowed
CPYFPRTRN_CPY_memcms,EL2,6,3,5,18,Conditional
CPYFPRTRN_CPY_memcms,EL3,6,3,5,18,Conditional
CPYFPRTWN_CPY_memcms,EL0,0,0,3,0,Not allowed
CPYFPRTWN_CPY_memcms,EL1,0,0,3,0,Not allowed
CPYFPRTWN_CPY_memcms,EL2,6,3,5,18,Conditional
CPYFPRTWN_CPY_memcms,EL3,6,3,5,18,Conditional
CPYFPRT_CPY_memcms,EL0,0,0,3,0,Not allowed
CPYFPRT_CPY_memcms,EL1,0,0,3,0,Not allowed
CPYFPRT_CPY_memcms,EL2,6,3,5,18,Conditional
CPYFPRT_CPY_memcms,EL3,6,3,5,18,Conditional
CPYFPTN_CPY_memcms,EL0,0,0,3,0,Not allowed
CPYFPTN_CPY_memcms,EL1,0,0,3,0,Not allowed
CPYFPTN_CPY_memcms,EL2,6,3,5,18,Conditional
CPYFPTN_CPY_memcms,EL3,6,3,5,18,Conditional
CPYFPTRN_CPY_memcms,EL0,0,0,3,0,Not allowed
CPYFPTRN_CPY_memcms,EL1,0,0,3,0,Not allowed
CPYFPTRN_CPY_memcms,EL2,6,3,5,18,Conditional
CPYFPTRN_CPY_memcms,EL3,6,3,5,18,Conditional
CPYFPTWN_CPY_memcms,EL0,0,0,3,0,Not allowed
CPYFPTWN_CPY_memcms,EL1,0,0,3,0,Not allowed
CPYFPTWN_CPY_memcms,EL2,6,3,5,18,Conditional
CPYFPTWN_CPY_memcms,EL3,6,3,5,18,Conditional
CPYFPT_CPY_memcms,EL0,0,0,3,0,Not allowed
CPYFPT_CPY_memcms,EL1,0,0,3,0,Not allowed
CPYFPT_CPY_memcms,EL2,6,3,5,18,Conditional
CPYFPT_CPY_memcms,EL3,6,3,5,18,Conditional
CPYFPWN_CPY_memcms,EL0,0,0,3,0,Not allowed
CPYFPWN_CPY_memcms,EL1,0,0,3,0,Not allowed
CPYFPWN_CPY_memcms,EL2,6,3,5,18,Conditional
CPYFPWN_CPY_memcms,EL3,6,3,5,18,Conditional
CPYFPWTN_CPY_memcms,EL0,0,0,3,0,Not allowed
CPYFPWTN_CPY_memcms,EL1,0,0,3,0,Not allowed
CPYFPWTN_CPY_memcms,EL2,6,3,5,18,Conditional
CPYFPWTN_CPY_memcms,EL3,6,3,5,18,Conditional
CPYFPWTRN_CPY_memcms,EL0,0,0,3,0,Not allowed
CPYFPWTRN_CPY_memcms,EL1,0,0,3,0,Not allowed
CPYFPWTRN_CPY_memcms,EL2,6,3,5,18,Conditional
CPYFPWTRN_CPY_memcms,EL3,6,3,5,18,Conditional
CPYFPWTWN_CPY_memcms,EL0,0,0,3,0,Not allowed
CPYFPWTWN_CPY_memcms,EL1,0,0,3,0,Not allowed
CPYFPWTWN_CPY_memcms,EL2,6,3,5,18,Conditional
CPYFPWTWN_CPY_memcms,EL3,6,3,5,18,Conditional
CPYFPWT_CPY_memcms,EL0,0,0,3,0,Not allowed
CPYFPWT_CPY_memcms,EL1,0,0,3,0,Not allowed
CPYFPWT_CPY_memcms,EL2,6,3,5,18,Conditional
CPYFPWT_CPY_memcms,EL3,6,3,5,18,Conditional
CPYFP_CPY_memcms,EL0,0,0,3,0,Not allowed
CPYFP_CPY_memcms,EL1,0,0,3,0,Not allowed
CPYFP_CPY_memcms,EL2,6,3,5,18,Conditional
CPYFP_CPY_memcms,EL3,6,3,5,18,Conditional
CPYMN_CPY_memcms,EL0,0,0,3,0,Not allowed
CPYMN_CPY_memcms,EL1,0,0,3,0,Not allowed
CPYMN_CPY_memcms,EL2,12,51,5,48,Conditional
CPYMN_CPY_memcms,EL3,12,51,5,48,Conditional
CPYMRN_CPY_memcms,EL0,0,0,3,0,Not allowed
CPYMRN_CPY_memcms,EL1,0,0,3,0,Not allowed
CPYMRN_CPY_memcms,EL2,12,51,5,48,Conditional
CPYMRN_CPY_memcms,EL3,12,51,5,48,Conditional
CPYMRTN_CPY_memcms,EL0,0,0,3,0,Not allowed
CPYMRTN_CPY_memcms,EL1,0,0,3,0,Not allowed
CPYMRTN_CPY_memcms,EL2,12,51,5,48,Conditional
CPYMRTN_CPY_memcms,EL3,12,51,5,48,Conditional
CPYMRTRN_CPY_memcms,EL0,0,0,3,0,Not allowed
CPYMRTRN_CPY_memcms,EL1,0,0,3,0,Not allowed
CPYMRTRN_CPY_memcms,EL2,12,51,5,48,Conditional
CPYMRTRN_CPY_memcms,EL3,12,51,5,48,Conditional
CPYMRTWN_CPY_memcms,EL0,0,0,3,0,Not allowed
CPYMRTWN_CPY_memcms,EL1,0,0,3,0,Not allowed
CPYMRTWN_CPY_memcms,EL2,12,51,5,48,Conditional
CPYMRTWN_CPY_memcms,EL3,12,51,5,48,Conditional
CPYMRT_CPY_memcms,EL0,0,0,3,0,Not allowed
CPYMRT_CPY_memcms,EL1,0,0,3,0,Not allowed
CPYMRT_CPY_memcms,EL2,12,51,5,48,Conditional
CPYMRT_CPY_memcms,EL3,12,51,5,48,Conditional
CPYMTN_CPY_memcms,EL0,0,0,3,0,Not allowed
CPYMTN_CPY_memcms,EL1,0,0,3,0,Not allowed
CPYMTN_CPY_memcms,EL2,12,51,5,48,Conditional
CPYMTN_CPY_memcms,EL3,12,51,5,48,Conditional
CPYMTRN_CPY_memcms,EL0,0,0,3,0,Not allowed
CPYMTRN_CPY_memcms,EL1,0,0,3,0,Not allowed
CPYMTRN_CPY_memcms,EL2,12,51,5,48,Conditional
CPYMTRN_CPY_memcms,EL3,12,51,5,48,Conditional
CPYMTWN_CPY_memcms,EL0,0,0,3,0,Not allowed
CPYMTWN_CPY_memcms,EL1,0,0,3,0,Not allowed
CPYMTWN_CPY_memcms,EL2,12,51,5,48,Conditional
CPYMTWN_CPY_memcms,EL3,12,51,5,48,Conditional
CPYMT_CPY_memcms,EL0,0,0,3,0,Not allowed
CPYMT_CPY_memcms,EL1,0,0,3,0,Not allowed
CPYMT_CPY_memcms,EL2,12,51,5,48,Conditional
CPYMT_CPY_memcms,EL3,12,51,5,48,Conditional
CPYMWN_CPY_memcms,EL0,0,0,3,0,Not allowed
CPYMWN_CPY_memcms,EL1,0,0,3,0,Not allowed
CPYMWN_CPY_memcms,EL2,12,51,5,48,Conditional
CPYMWN_CPY_memcms,EL3,12,51,5,48,Conditional
CPYMWTN_CPY_memcms,EL0,0,0,3,0,Not allowed
CPYMWTN_CPY_memcms,EL1,0,0,3,0,Not allowed
CPYMWTN_CPY_memcms,EL2,12,51,5,48,Conditional
CPYMWTN_CPY_memcms,EL3,12,51,5,48,Conditional
CPYMWTRN_CPY_memcms,EL0,0,0,3,0,Not allowed
CPYMWTRN_CPY_memcms,EL1,0,0,3,0,Not allowed
CPYMWTRN_CPY_memcms,EL2,12,51,5,48,Conditional
CPYMWTRN_CPY_memcms,EL3,12,51,5,48,Conditional
CPYMWTWN_CPY_memcms,EL0,0,0,3,0,Not allowed
CPYMWTWN_CPY_memcms,EL1,0,0,3,0,Not allowed
CPYMWTWN_CPY_memcms,EL2,12,51,5,48,Conditional
CPYMWTWN_CPY_memcms,EL3,12,51,5,48,Conditional
CPYMWT_CPY_memcms,EL0,0,0,3,0,Not allowed
CPYMWT_CPY_memcms,EL1,0,0,3,0,Not allowed
CPYMWT_CPY_memcms,EL2,12,51,5,48,Conditional
CPYMWT_CPY_memcms,EL3,12,51,5,48,Conditional
CPYM_CPY_memcms,EL0,0,0,3,0,Not allowed
CPYM_CPY_memcms,EL1,0,0,3,0,Not allowed
CPYM_CPY_memcms,EL2,12,51,5,48,Conditional
CPYM_CPY_memcms,EL3,12,51,5,48,Conditional
CPYPN_CPY_memcms,EL0,0,0,3,0,Not allowed
CPYPN_CPY_memcms,EL1,0,0,3,0,Not allowed
CPYPN_CPY_memcms,EL2,12,3,5,42,Conditional
CPYPN_CPY_memcms,EL3,12,3,5,42,Conditional
CPYPRN_CPY_memcms,EL0,0,0,3,0,Not allowed
CPYPRN_CPY_memcms,EL1,0,0,3,0,Not allowed
CPYPRN_CPY_memcms,EL2,12,3,5,42,Conditional
CPYPRN_CPY_memcms,EL3,12,3,5,42,Conditional
CPYPRTN_CPY_memcms,EL0,0,0,3,0,Not allowed
CPYPRTN_CPY_memcms,EL1,0,0,3,0,Not allowed
CPYPRTN_CPY_memcms,EL2,12,3,5,42,Conditional
CPYPRTN_CPY_memcms,EL3,12,3,5,42,Conditional
CPYPRTRN_CPY_memcms,EL0,0,0,3,0,Not allowed
CPYPRTRN_CPY_memcms,EL1,0,0,3,0,Not allowed
CPYPRTRN_CPY_memcms,EL2,12,3,5,42,Conditional
CPYPRTRN_CPY_memcms,EL3,12,3,5,42,Conditional
CPYPRTWN_CPY_memcms,EL0,0,0,3,0,Not allowed
CPYPRTWN_CPY_memcms,EL1,0,0,3,0,Not allowed
CPYPRTWN_CPY_memcms,EL2,12,3,5,42,Conditional
CPYPRTWN_CPY_memcms,EL3,12,3,5,42,Conditional
CPYPRT_CPY_memcms,EL0,0,0,3,0,Not allowed
CPYPRT_CPY_memcms,EL1,0,0,3,0,Not allowed
CPYPRT_CPY_memcms,EL2,12,3,5,42,Conditional
CPYPRT_CPY_memcms,EL3,12,3,5,42,Conditional
CPYPTN_CPY_memcms,EL0,0,0,3,0,Not allowed
CPYPTN_CPY_memcms,EL1,0,0,3,0,Not allowed
CPYPTN_CPY_memcms,EL2,12,3,5,42,Conditional
CPYPTN_CPY_memcms,EL3,12,3,5,42,Conditional
CPYPTRN_CPY_memcms,EL0,0,0,3,0,Not allowed
CPYPTRN_CPY_memcms,EL1,0,0,3,0,Not allowed
CPYPTRN_CPY_memcms,EL2,12,3,5,42,Conditional
CPYPTRN_CPY_memcms,EL3,12,3,5,42,Conditional
CPYPTWN_CPY_memcms,EL0,0,0,3,0,Not allowed
CPYPTWN_CPY_memcms,EL1,0,0,3,0,Not allowed
CPYPTWN_CPY_memcms,EL2,12,3,5,42,Conditional
CPYPTWN_CPY_memcms,EL3,12,3,5,42,Conditional
CPYPT_CPY_memcms,EL0,0,0,3,0,Not allowed
CPYPT_CPY_memcms,EL1,0,0,3,0,Not allowed
CPYPT_CPY_memcms,EL2,12,3,5,42,Conditional
CPYPT_CPY_memcms,EL3,12,3,5,42,Conditional
CPYPWN_CPY_memcms,EL0,0,0,3,0,Not allowed
CPYPWN_CPY_memcms,EL1,0,0,3,0,Not allowed
CPYPWN_CPY_memcms,EL2,12,3,5,42,Conditional
CPYPWN_CPY_memcms,EL3,12,3,5,42,Conditional
CPYPWTN_CPY_memcms,EL0,0,0,3,0,Not allowed
CPYPWTN_CPY_memcms,EL1,0,0,3,0,Not allowed
CPYPWTN_CPY_memcms,EL2,12,3,5,42,Conditional
CPYPWTN_CPY_memcms,EL3,12,3,5,42,Conditional
CPYPWTRN_CPY_memcms,EL0,0,0,3,0,Not allowed
CPYPWTRN_CPY_memcms,EL1,0,0,3,0,Not allowed
CPYPWTRN_CPY_memcms,EL2,12,3,5,42,Conditional
CPYPWTRN_CPY_memcms,EL3,12,3,5,42,Conditional
CPYPWTWN_CPY_memcms,EL0,0,0,3,0,Not allowed
CPYPWTWN_CPY_memcms,EL1,0,0,3,0,Not allowed
CPYPWTWN_CPY_memcms,EL2,12,3,5,42,Conditional
CPYPWTWN_CPY_memcms,EL3,12,3,5,42,Conditional
CPYPWT_CPY_memcms,EL0,0,0,3,0,Not allowed
CPYPWT_CPY_memcms,EL1,0,0,3,0,Not allowed
CPYPWT_CPY_memcms,EL2,12,3,5,42,Conditional
CPYPWT_CPY_memcms,EL3,12,3,5,42,Conditional
CPYP_CPY_memcms,EL0,0,0,3,0,Not allowed
CPYP_CPY_memcms,EL1,0,0,3,0,Not allowed
CPYP_CPY_memcms,EL2,12,3,5,42,Conditional
CPYP_CPY_memcms,EL3,12,3,5,42,Conditional
CRC32B_32C_dp_2src,EL0,27,0,0,0,Allowed
CRC32B_32C_dp_2src,EL1,27,0,0,0,Allowed
CRC32B_32C_dp_2src,EL2,27,0,0,0,Allowed
CRC32B_32C_dp_2src,EL3,27,0,0,0,Allowed
CRC32CB_32C_dp_2src,EL0,27,0,0,0,Allowed
CRC32CB_32C_dp_2src,EL1,27,0,0,0,Allowed
CRC32CB_32C_dp_2src,EL2,27,0,0,0,Allowed
CRC32CB_32C_dp_2src,EL3,27,0,0,0,Allowed
CRC32CH_32C_dp_2src,EL0,27,0,0,0,Allowed
CRC32CH_32C_dp_2src,EL1,27,0,0,0,Allowed
CRC32CH_32C_dp_2src,EL2,27,0,0,0,Allowed
CRC32CH_32C_dp_2src,EL3,27,0,0,0,Allowed
CRC32CW_32C_dp_2src,EL0,27,0,0,0,Allowed
CRC32CW_32C_dp_2src,EL1,27,0,0,0,Allowed
CRC32CW_32C_dp_2src,EL2,27,0,0,0,Allowed
CRC32CW_32C_dp_2src,EL3,27,0,0,0,Allowed
CRC32CX_64C_dp_2src,EL0,27,0,0,0,Allowed
CRC32CX_64C_dp_2src,EL1,27,0,0,0,Allowed
CRC32CX_64C_dp_2src,EL2,27,0,0,0,Allowed
CRC32CX_64C_dp_2src,EL3,27,0,0,0,Allowed
CRC32H_32C_dp_2src,EL0,27,0,0,0,Allowed
CRC32H_32C_dp_2src,EL1,27,0,0,0,Allowed
CRC32H_32C_dp_2src,EL2,27,0,0,0,Allowed
CRC32H_32C_dp_2src,EL3,27,0,0,0,Allowed
CRC32W_32C_dp_2src,EL0,27,0,0,0,Allowed
CRC32W_32C_dp_2src,EL1,27,0,0,0,Allowed
CRC32W_32C_dp_2src,EL2,27,0,0,0,Allowed
CRC32W_32C_dp_2src,EL3,27,0,0,0,Allowed
CRC32X_64C_dp_2src,EL0,27,0,0,0,Allowed
CRC32X_64C_dp_2src,EL1,27,0,0,0,Allowed
CRC32X_64C_dp_2src,EL2,27,0,0,0,Allowed
CRC32X_64C_dp_2src,EL3,27,0,0,0,Allowed
CSDB_HI_hints,EL0,1,0,0,0,Allowed
CSDB_HI_hints,EL1,1,0,0,0,Allowed
CSDB_HI_hints,EL2,1,0,0,0,Allowed
CSDB_HI_hints,EL3,1,0,0,0,Allowed
CSEL_32_condsel,EL0,18,0,0,0,Allowed
CSEL_32_condsel,EL1,18,0,0,0,Allowed
CSEL_32_condsel,EL2,18,0,0,0,Allowed
CSEL_32_condsel,EL3,18,0,0,0,Allowed
CSEL_64_condsel,EL0,18,0,0,0,Allowed
CSEL_64_condsel,EL1,18,0,0,0,Allowed
CSEL_64_condsel,EL2,18,0,0,0,Allowed
CSEL_64_condsel,EL3,18,0,0,0,Allowed
CSINC_32_condsel,EL0,18,0,0,0,Allowed
CSINC_32_condsel,EL1,18,0,0,0,Allowed
CSINC_32_condsel,EL2,18,0,0,0,Allowed
CSINC_32_condsel,EL3,18,0,0,0,Allowed
CSINC_64_condsel,EL0,18,0,0,0,Allowed
CSINC_64_condsel,EL1,18,0,0,0,Allowed
CSINC_64_condsel,EL2,18,0,0,0,Allowed
CSINC_64_condsel,EL3,18,0,0,0,Allowed
CSINV_32_condsel,EL0,18,0,0,0,Allowed
CSINV_32_condsel,EL1,18,0,0,0,Allowed
CSINV_32_condsel,EL2,18,0,0,0,Allowed
CSINV_32_condsel,EL3,18,0,0,0,Allowed
CSINV_64_condsel,EL0,18,0,0,0,Allowed
CSINV_64_condsel,EL1,18,0,0,0,Allowed
CSINV_64_condsel,EL2,18,0,0,0,Allowed
CSINV_64_condsel,EL3,18,0,0,0,Allowed
CSNEG_32_condsel,EL0,18,0,0,0,Allowed
CSNEG_32_condsel,EL1,18,0,0,0,Allowed
CSNEG_32_condsel,EL2,18,0,0,0,Allowed
CSNEG_32_condsel,EL3,18,0,0,0,Allowed
CSNEG_64_condsel,EL0,18,0,0,0,Allowed
CSNEG_64_condsel,EL1,18,0,0,0,Allowed
CSNEG_64_condsel,EL2,18,0,0,0,Allowed
CSNEG_64_condsel,EL3,18,0,0,0,Allowed
CTZ_32_dp_1src,EL0,9,0,0,0,Allowed
CTZ_32_dp_1src,EL1,9,0,0,0,Allowed
CTZ_32_dp_1src,EL2,9,0,0,0,Allowed
CTZ_32_dp_1src,EL3,9,0,0,0,Allowed
CTZ_64_dp_1src,EL0,9,0,0,0,Allowed
CTZ_64_dp_1src,EL1,9,0,0,0,Allowed
CTZ_64_dp_1src,EL2,9,0,0,0,Allowed
CTZ_64_dp_1src,EL3,9,0,0,0,Allowed
DGH_HI_hints,EL0,1,0,0,0,Allowed
DGH_HI_hints,EL1,1,0,0,0,Allowed
DGH_HI_hints,EL2,1,0,0,0,Allowed
DGH_HI_hints,EL3,1,0,0,0,Allowed
DMB_BO_barriers,EL0,1,0,0,0,Allowed
DMB_BO_barriers,EL1,1,0,0,0,Allowed
DMB_BO_barriers,EL2,1,0,0,0,Allowed
DMB_BO_barriers,EL3,1,0,0,0,Allowed
DSB_BO_barriers,EL0,1,0,0,0,Allowed
DSB_BO_barriers,EL1,1,0,0,0,Allowed
DSB_BO_barriers,EL2,1,0,0,0,Allowed
DSB_BO_barriers,EL3,1,0,0,0,Allowed
DSB_BOn_barriers,EL0,4,0,0,0,Allowed
DSB_BOn_barriers,EL1,4,0,0,0,Allowed
DSB_BOn_barriers,EL2,4,0,0,0,Allowed
DSB_BOn_barriers,EL3,4,0,0,0,Allowed
EON_32_log_shift,EL0,27,0,0,0,Allowed
EON_32_log_shift,EL1,27,0,0,0,Allowed
EON_32_log_shift,EL2,27,0,0,0,Allowed
EON_32_log_shift,EL3,27,0,0,0,Allowed
EON_64_log_shift,EL0,27,0,0,0,Allowed
EON_64_log_shift,EL1,27,0,0,0,Allowed
EON_64_log_shift,EL2,27,0,0,0,Allowed
EON_64_log_shift,EL3,27,0,0,0,Allowed
EOR_32_log_imm,EL0,9,0,0,0,Allowed
EOR_32_log_imm,EL1,9,0,0,0,Allowed
EOR_32_log_imm,EL2,9,0,0,0,Allowed
EOR_32_log_imm,EL3,9,0,0,0,Allowed
EOR_32_log_shift,EL0,27,0,0,0,Allowed
EOR_32_log_shift,EL1,27,0,0,0,Allowed
EOR_32_log_shift,EL2,27,0,0,0,Allowed
EOR_32_log_shift,EL3,27,0,0,0,Allowed
EOR_64_log_imm,EL0,18,0,0,0,Allowed
EOR_64_log_imm,EL1,18,0,0,0,Allowed
EOR_64_log_imm,EL2,18,0,0,0,Allowed
EOR_64_log_imm,EL3,18,0,0,0,Allowed
EOR_64_log_shift,EL0,27,0,0,0,Allowed
EOR_64_log_shift,EL1,27,0,0,0,Allowed
EOR_64_log_shift,EL2,27,0,0,0,Allowed
EOR_64_log_shift,EL3,27,0,0,0,Allowed
ERET_64E_branch_reg,EL0,0,0,1,0,Not allowed
ERET_64E_branch_reg,EL1,38,0,0,0,Allowed
ERET_64E_branch_reg,EL2,35,0,0,0,Allowed
ERET_64E_branch_reg,EL3,36,0,0,0,Allowed
ESB_HI_hints,EL0,170,0,0,0,Allowed
ESB_HI_hints,EL1,226,0,0,0,Allowed
ESB_HI_hints,EL2,226,0,0,0,Allowed
ESB_HI_hints,EL3,113,0,0,0,Allowed
EXTR_32_extract,EL0,27,0,0,0,Allowed
EXTR_32_extract,EL1,27,0,0,0,Allowed
EXTR_32_extract,EL2,27,0,0,0,Allowed
EXTR_32_extract,EL3,27,0,0,0,Allowed
EXTR_64_extract,EL0,27,0,0,0,Allowed
EXTR_64_extract,EL1,27,0,0,0,Allowed
EXTR_64_extract,EL2,27,0,0,0,Allowed
EXTR_64_extract,EL3,27,0,0,0,Allowed
FABS_D_floatdp1,EL0,4,0,0,2,Conditional
FABS_D_floatdp1,EL1,4,0,0,2,Conditional
FABS_D_floatdp1,EL2,4,0,0,2,Conditional
FABS_D_floatdp1,EL3,4,0,0,2,Conditional
FABS_H_floatdp1,EL0,4,0,0,2,Conditional
FABS_H_floatdp1,EL1,4,0,0,2,Conditional
FABS_H_floatdp1,EL2,4,0,0,2,Conditional
FABS_H_floatdp1,EL3,4,0,0,2,Conditional
FABS_S_floatdp1,EL0,4,0,0,2,Conditional
FABS_S_floatdp1,EL1,4,0,0,2,Conditional
FABS_S_floatdp1,EL2,4,0,0,2,Conditional
FABS_S_floatdp1,EL3,4,0,0,2,Conditional
FCCMPE_D_floatccmp,EL0,1,0,0,1,Conditional
FCCMPE_D_floatccmp,EL1,1,0,0,1,Conditional
FCCMPE_D_floatccmp,EL2,1,0,0,1,Conditional
FCCMPE_D_floatccmp,EL3,1,0,0,1,Conditional
FCCMPE_H_floatccmp,EL0,1,0,0,1,Conditional
FCCMPE_H_floatccmp,EL1,1,0,0,1,Conditional
FCCMPE_H_floatccmp,EL2,1,0,0,1,Conditional
FCCMPE_H_floatccmp,EL3,1,0,0,1,Conditional
FCCMPE_S_floatccmp,EL0,1,0,0,1,Conditional
FCCMPE_S_floatccmp,EL1,1,0,0,1,Conditional
FCCMPE_S_floatccmp,EL2,1,0,0,1,Conditional
FCCMPE_S_floatccmp,EL3,1,0,0,1,Conditional
FCCMP_D_floatccmp,EL0,1,0,0,1,Conditional
FCCMP_D_floatccmp,EL1,1,0,0,1,Conditional
FCCMP_D_floatccmp,EL2,1,0,0,1,Conditional
FCCMP_D_floatccmp,EL3,1,0,0,1,Conditional
FCCMP_H_floatccmp,EL0,1,0,0,1,Conditional
FCCMP_H_floatccmp,EL1,1,0,0,1,Conditional
FCCMP_H_floatccmp,EL2,1,0,0,1,Conditional
FCCMP_H_floatccmp,EL3,1,0,0,1,Conditional
FCCMP_S_floatccmp,EL0,1,0,0,1,Conditional
FCCMP_S_floatccmp,EL1,1,0,0,1,Conditional
FCCMP_S_floatccmp,EL2,1,0,0,1,Conditional
FCCMP_S_floatccmp,EL3,1,0,0,1,Conditional
FCSEL_D_floatsel,EL0,4,0,0,0,Allowed
FCSEL_D_floatsel,EL1,4,0,0,0,Allowed
FCSEL_D_floatsel,EL2,4,0,0,0,Allowed
FCSEL_D_floatsel,EL3,4,0,0,0,Allowed
FCSEL_H_floatsel,EL0,4,0,0,0,Allowed
FCSEL_H_floatsel,EL1,4,0,0,0,Allowed
FCSEL_H_floatsel,EL2,4,0,0,0,Allowed
FCSEL_H_floatsel,EL3,4,0,0,0,Allowed
FCSEL_S_floatsel,EL0,4,0,0,0,Allowed
FCSEL_S_floatsel,EL1,4,0,0,0,Allowed
FCSEL_S_floatsel,EL2,4,0,0,0,Allowed
FCSEL_S_floatsel,EL3,4,0,0,0,Allowed
FMOV_32H_float2int,EL0,3,0,0,0,Allowed
FMOV_32H_float2int,EL1,3,0,0,0,Allowed
FMOV_32H_float2int,EL2,3,0,0,0,Allowed
FMOV_32H_float2int,EL3,3,0,0,0,Allowed
FMOV_32S_float2int,EL0,3,0,0,0,Allowed
FMOV_32S_float2int,EL1,3,0,0,0,Allowed
FMOV_32S_float2int,EL2,3,0,0,0,Allowed
FMOV_32S_float2int,EL3,3,0,0,0,Allowed
FMOV_64D_float2int,EL0,3,0,0,0,Allowed
FMOV_64D_float2int,EL1,3,0,0,0,Allowed
FMOV_64D_float2int,EL2,3,0,0,0,Allowed
FMOV_64D_float2int,EL3,3,0,0,0,Allowed
FMOV_64H_float2int,EL0,3,0,0,0,Allowed
FMOV_64H_float2int,EL1,3,0,0,0,Allowed
FMOV_64H_float2int,EL2,3,0,0,0,Allowed
FMOV_64H_float2int,EL3,3,0,0,0,Allowed
FMOV_64VX_float2int,EL0,3,0,0,0,Allowed
FMOV_64VX_float2int,EL1,3,0,0,0,Allowed
FMOV_64VX_float2int,EL2,3,0,0,0,Allowed
FMOV_64VX_float2int,EL3,3,0,0,0,Allowed
FMOV_D64_float2int,EL0,6,0,0,0,Allowed
FMOV_D64_float2int,EL1,6,0,0,0,Allowed
FMOV_D64_float2int,EL2,6,0,0,0,Allowed
FMOV_D64_float2int,EL3,6,0,0,0,Allowed
FMOV_D_floatdp1,EL0,2,0,0,0,Allowed
FMOV_D_floatdp1,EL1,2,0,0,0,Allowed
FMOV_D_floatdp1,EL2,2,0,0,0,Allowed
FMOV_D_floatdp1,EL3,2,0,0,0,Allowed
FMOV_D_floatimm,EL0,8,0,0,0,Allowed
FMOV_D_floatimm,EL1,8,0,0,0,Allowed
FMOV_D_floatimm,EL2,8,0,0,0,Allowed
FMOV_D_floatimm,EL3,8,0,0,0,Allowed
FMOV_H32_float2int,EL0,6,0,0,0,Allowed
FMOV_H32_float2int,EL1,6,0,0,0,Allowed
FMOV_H32_float2int,EL2,6,0,0,0,Allowed
FMOV_H32_float2int,EL3,6,0,0,0,Allowed
FMOV_H64_float2int,EL0,6,0,0,0,Allowed
FMOV_H64_float2int,EL1,6,0,0,0,Allowed
FMOV_H64_float2int,EL2,6,0,0,0,Allowed
FMOV_H64_float2int,EL3,6,0,0,0,Allowed
FMOV_H_floatdp1,EL0,2,0,0,0,Allowed
FMOV_H_floatdp1,EL1,2,0,0,0,Allowed
FMOV_H_floatdp1,EL2,2,0,0,0,Allowed
FMOV_H_floatdp1,EL3,2,0,0,0,Allowed
FMOV_H_floatimm,EL0,8,0,0,0,Allowed
FMOV_H_floatimm,EL1,8,0,0,0,Allowed
FMOV_H_floatimm,EL2,8,0,0,0,Allowed
FMOV_H_floatimm,EL3,8,0,0,0,Allowed
FMOV_S32_float2int,EL0,6,0,0,0,Allowed
FMOV_S32_float2int,EL1,6,0,0,0,Allowed
FMOV_S32_float2int,EL2,6,0,0,0,Allowed
FMOV_S32_float2int,EL3,6,0,0,0,Allowed
FMOV_S_floatdp1,EL0,2,0,0,0,Allowed
FMOV_S_floatdp1,EL1,2,0,0,0,Allowed
FMOV_S_floatdp1,EL2,2,0,0,0,Allowed
FMOV_S_floatdp1,EL3,2,0,0,0,Allowed
FMOV_S_floatimm,EL0,8,0,0,0,Allowed
FMOV_S_floatimm,EL1,8,0,0,0,Allowed
FMOV_S_floatimm,EL2,8,0,0,0,Allowed
FMOV_S_floatimm,EL3,8,0,0,0,Allowed
FMOV_V64I_float2int,EL0,6,0,0,0,Allowed
FMOV_V64I_float2int,EL1,6,0,0,0,Allowed
FMOV_V64I_float2int,EL2,6,0,0,0,Allowed
FMOV_V64I_float2int,EL3,6,0,0,0,Allowed
FNEG_D_floatdp1,EL0,4,0,0,2,Conditional
FNEG_D_floatdp1,EL1,4,0,0,2,Conditional
FNEG_D_floatdp1,EL2,4,0,0,2,Conditional
FNEG_D_floatdp1,EL3,4,0,0,2,Conditional
FNEG_H_floatdp1,EL0,4,0,0,2,Conditional
FNEG_H_floatdp1,EL1,4,0,0,2,Conditional
FNEG_H_floatdp1,EL2,4,0,0,2,Conditional
FNEG_H_floatdp1,EL3,4,0,0,2,Conditional
FNEG_S_floatdp1,EL0,4,0,0,2,Conditional
FNEG_S_floatdp1,EL1,4,0,0,2,Conditional
FNEG_S_floatdp1,EL2,4,0,0,2,Conditional
FNEG_S_floatdp1,EL3,4,0,0,2,Conditional
ISB_BI_barriers,EL0,1,0,0,0,Allowed
ISB_BI_barriers,EL1,1,0,0,0,Allowed
ISB_BI_barriers,EL2,1,0,0,0,Allowed
ISB_BI_barriers,EL3,1,0,0,0,Allowed
LDADDAB_32_memop,EL0,102,213,0,33,Conditional
LDADDAB_32_memop,EL1,108,228,0,37,Conditional
LDADDAB_32_memop,EL2,39,130,0,18,Conditional
LDADDAB_32_memop,EL3,27,18,0,0,Conditional
LDADDAH_32_memop,EL0,102,209,0,34,Conditional
LDADDAH_32_memop,EL1,108,225,0,39,Conditional
LDADDAH_32_memop,EL2,39,127,0,20,Conditional
LDADDAH_32_memop,EL3,27,18,0,0,Conditional
LDADDALB_32_memop,EL0,102,212,0,33,Conditional
LDADDALB_32_memop,EL1,108,228,0,37,Conditional
LDADDALB_32_memop,EL2,39,129,0,19,Conditional
LDADDALB_32_memop,EL3,27,18,0,0,Conditional
LDADDALH_32_memop,EL0,102,211,0,34,Conditional
LDADDALH_32_memop,EL1,108,227,0,38,Conditional
LDADDALH_32_memop,EL2,39,126,0,21,Conditional
LDADDALH_32_memop,EL3,27,18,0,0,Conditional
LDADDAL_32_memop,EL0,102,212,0,34,Conditional
LDADDAL_32_memop,EL1,108,228,0,36,Conditional
LDADDAL_32_memop,EL2,39,128,0,19,Conditional
LDADDAL_32_memop,EL3,27,18,0,0,Conditional
LDADDAL_64_memop,EL0,104,226,0,42,Conditional
LDADDAL_64_memop,EL1,108,228,0,37,Conditional
LDADDAL_64_memop,EL2,39,128,0,19,Conditional
LDADDAL_64_memop,EL3,27,18,0,0,Conditional
LDADDA_32_memop,EL0,102,213,0,33,Conditional
LDADDA_32_memop,EL1,108,231,0,35,Conditional
LDADDA_32_memop,EL2,39,126,0,21,Conditional
LDADDA_32_memop,EL3,27,18,0,0,Conditional
LDADDA_64_memop,EL0,102,211,0,34,Conditional
LDADDA_64_memop,EL1,108,228,0,36,Conditional
LDADDA_64_memop,EL2,39,128,0,20,Conditional
LDADDA_64_memop,EL3,27,18,0,0,Conditional
LDADDB_32_memop,EL0,102,212,0,33,Conditional
LDADDB_32_memop,EL1,108,229,0,37,Conditional
LDADDB_32_memop,EL2,39,128,0,20,Conditional
LDADDB_32_memop,EL3,27,18,0,0,Conditional
LDADDH_32_memop,EL0,102,208,0,35,Conditional
LDADDH_32_memop,EL1,108,225,0,38,Conditional
LDADDH_32_memop,EL2,39,127,0,20,Conditional
LDADDH_32_memop,EL3,27,18,0,0,Conditional
LDADDLB_32_memop,EL0,102,211,0,34,Conditional
LDADDLB_32_memop,EL1,108,232,0,36,Conditional
LDADDLB_32_memop,EL2,39,130,0,18,Conditional
LDADDLB_32_memop,EL3,27,18,0,0,Conditional
LDADDLH_32_memop,EL0,102,212,0,33,Conditional
LDADDLH_32_memop,EL1,108,227,0,38,Conditional
LDADDLH_32_memop,EL2,39,126,0,20,Conditional
LDADDLH_32_memop,EL3,27,18,0,0,Conditional
LDADDL_32_memop,EL0,102,211,0,34,Conditional
LDADDL_32_memop,EL1,108,230,0,36,Conditional
LDADDL_32_memop,EL2,39,127,0,20,Conditional
LDADDL_32_memop,EL3,27,18,0,0,Conditional
LDADDL_64_memop,EL0,102,208,0,35,Conditional
LDADDL_64_memop,EL1,108,230,0,37,Conditional
LDADDL_64_memop,EL2,39,127,0,20,Conditional
LDADDL_64_memop,EL3,27,18,0,0,Conditional
LDADD_32_memop,EL0,102,213,0,33,Conditional
LDADD_32_memop,EL1,108,229,0,36,Conditional
LDADD_32_memop,EL2,39,127,0,20,Conditional
LDADD_32_memop,EL3,27,18,0,0,Conditional
LDADD_64_memop,EL0,102,209,0,34,Conditional
LDADD_64_memop,EL1,108,230,0,36,Conditional
LDADD_64_memop,EL2,39,127,0,20,Conditional
LDADD_64_memop,EL3,27,18,0,0,Conditional
LDAPRB_32L_memop,EL0,209,169,0,31,Conditional
LDAPRB_32L_memop,EL1,228,181,0,35,Conditional
LDAPRB_32L_memop,EL2,84,89,0,18,Conditional
LDAPRB_32L_memop,EL3,9,6,0,0,Conditional
LDAPRH_32L_memop,EL0,211,171,0,30,Conditional
LDAPRH_32L_memop,EL1,222,182,0,36,Conditional
LDAPRH_32L_memop,EL2,81,87,0,20,Conditional
LDAPRH_32L_memop,EL3,9,6,0,0,Conditional
LDAPR_32L_ldapstl_writeback,EL0,100,245,0,49,Conditional
LDAPR_32L_ldapstl_writeback,EL1,94,250,0,36,Conditional
LDAPR_32L_ldapstl_writeback,EL2,31,141,1,19,Conditional
LDAPR_32L_ldapstl_writeback,EL3,12,20,2,0,Conditional
LDAPR_32L_memop,EL0,214,172,0,29,Conditional
LDAPR_32L_memop,EL1,228,189,0,49,Conditional
LDAPR_32L_memop,EL2,84,88,0,18,Conditional
LDAPR_32L_memop,EL3,9,6,0,0,Conditional
LDAPR_64L_ldapstl_writeback,EL0,99,245,0,49,Conditional
LDAPR_64L_ldapstl_writeback,EL1,94,250,0,36,Conditional
LDAPR_64L_ldapstl_writeback,EL2,32,141,1,19,Conditional
LDAPR_64L_ldapstl_writeback,EL3,12,20,2,0,Conditional
LDAPR_64L_memop,EL0,222,182,0,36,Conditional
LDAPR_64L_memop,EL1,223,183,0,37,Conditional
LDAPR_64L_memop,EL2,81,87,0,20,Conditional
LDAPR_64L_memop,EL3,9,6,0,0,Conditional
LDAPURB_32_ldapstl_unscaled,EL0,222,179,0,39,Conditional
LDAPURB_32_ldapstl_unscaled,EL1,228,182,0,52,Conditional
LDAPURB_32_ldapstl_unscaled,EL2,84,88,0,18,Conditional
LDAPURB_32_ldapstl_unscaled,EL3,9,6,0,0,Conditional
LDAPURH_32_ldapstl_unscaled,EL0,222,180,0,56,Conditional
LDAPURH_32_ldapstl_unscaled,EL1,228,184,0,51,Conditional
LDAPURH_32_ldapstl_unscaled,EL2,84,88,0,18,Conditional
LDAPURH_32_ldapstl_unscaled,EL3,9,6,0,0,Conditional
LDAPURSB_32_ldapstl_unscaled,EL0,224,184,0,52,Conditional
LDAPURSB_32_ldapstl_unscaled,EL1,222,180,0,20,Conditional
LDAPURSB_32_ldapstl_unscaled,EL2,83,88,0,19,Conditional
LDAPURSB_32_ldapstl_unscaled,EL3,9,6,0,0,Conditional
LDAPURSB_64_ldapstl_unscaled,EL0,225,183,0,53,Conditional
LDAPURSB_64_ldapstl_unscaled,EL1,225,180,0,30,Conditional
LDAPURSB_64_ldapstl_unscaled,EL2,81,88,0,19,Conditional
LDAPURSB_64_ldapstl_unscaled,EL3,9,6,0,0,Conditional
LDAPURSH_32_ldapstl_unscaled,EL0,227,184,0,52,Conditional
LDAPURSH_32_ldapstl_unscaled,EL1,222,181,0,36,Conditional
LDAPURSH_32_ldapstl_unscaled,EL2,83,88,0,19,Conditional
LDAPURSH_32_ldapstl_unscaled,EL3,9,6,0,0,Conditional
LDAPURSH_64_ldapstl_unscaled,EL0,222,181,0,55,Conditional
LDAPURSH_64_ldapstl_unscaled,EL1,228,185,0,51,Conditional
LDAPURSH_64_ldapstl_unscaled,EL2,84,88,0,18,Conditional
LDAPURSH_64_ldapstl_unscaled,EL3,9,6,0,0,Conditional
LDAPURSW_64_ldapstl_unscaled,EL0,222,181,0,37,Conditional
LDAPURSW_64_ldapstl_unscaled,EL1,226,180,0,28,Conditional
LDAPURSW_64_ldapstl_unscaled,EL2,82,88,0,20,Conditional
LDAPURSW_64_ldapstl_unscaled,EL3,9,6,0,0,Conditional
LDAPUR_32_ldapstl_unscaled,EL0,222,183,0,53,Conditional
LDAPUR_32_ldapstl_unscaled,EL1,228,182,0,53,Conditional
LDAPUR_32_ldapstl_unscaled,EL2,84,89,0,18,Conditional
LDAPUR_32_ldapstl_unscaled,EL3,9,6,0,0,Conditional
LDAPUR_64_ldapstl_unscaled,EL0,225,180,0,38,Conditional
LDAPUR_64_ldapstl_unscaled,EL1,227,182,0,36,Conditional
LDAPUR_64_ldapstl_unscaled,EL2,84,89,0,18,Conditional
LDAPUR_64_ldapstl_unscaled,EL3,9,6,0,0,Conditional
LDAPUR_B_ldapstl_simd,EL0,148,178,0,22,Conditional
LDAPUR_B_ldapstl_simd,EL1,145,179,0,22,Conditional
LDAPUR_B_ldapstl_simd,EL2,54,87,0,20,Conditional
LDAPUR_B_ldapstl_simd,EL3,6,6,0,0,Conditional
LDAPUR_D_ldapstl_simd,EL0,148,179,0,37,Conditional
LDAPUR_D_ldapstl_simd,EL1,150,180,0,19,Conditional
LDAPUR_D_ldapstl_simd,EL2,54,86,0,12,Conditional
LDAPUR_D_ldapstl_simd,EL3,6,6,0,0,Conditional
LDAPUR_H_ldapstl_simd,EL0,146,178,0,40,Conditional
LDAPUR_H_ldapstl_simd,EL1,146,180,0,22,Conditional
LDAPUR_H_ldapstl_simd,EL2,54,87,0,20,Conditional
LDAPUR_H_ldapstl_simd,EL3,6,6,0,0,Conditional
LDAPUR_Q_ldapstl_simd,EL0,168,103,0,44,Conditional
LDAPUR_Q_ldapstl_simd,EL1,162,108,0,42,Conditional
LDAPUR_Q_ldapstl_simd,EL2,12,24,0,22,Conditional
LDAPUR_Q_ldapstl_simd,EL3,6,6,0,0,Conditional
LDAPUR_S_ldapstl_simd,EL0,148,176,0,24,Conditional
LDAPUR_S_ldapstl_simd,EL1,146,177,0,22,Conditional
LDAPUR_S_ldapstl_simd,EL2,54,86,0,21,Conditional
LDAPUR_S_ldapstl_simd,EL3,6,6,0,0,Conditional
LDARB_LR32_ldstord,EL0,222,181,0,55,Conditional
LDARB_LR32_ldstord,EL1,228,182,0,51,Conditional
LDARB_LR32_ldstord,EL2,88,92,0,16,Conditional
LDARB_LR32_ldstord,EL3,9,6,0,0,Conditional
LDARH_LR32_ldstord,EL0,225,182,0,54,Conditional
LDARH_LR32_ldstord,EL1,228,183,0,52,Conditional
LDARH_LR32_ldstord,EL2,84,88,0,19,Conditional
LDARH_LR32_ldstord,EL3,9,6,0,0,Conditional
LDAR_LR32_ldstord,EL0,228,186,0,50,Conditional
LDAR_LR32_ldstord,EL1,223,183,0,37,Conditional
LDAR_LR32_ldstord,EL2,84,88,0,18,Conditional
LDAR_LR32_ldstord,EL3,9,6,0,0,Conditional
LDAR_LR64_ldstord,EL0,223,183,0,54,Conditional
LDAR_LR64_ldstord,EL1,228,184,0,51,Conditional
LDAR_LR64_ldstord,EL2,84,89,0,18,Conditional
LDAR_LR64_ldstord,EL3,9,6,0,0,Conditional
LDAXP_LP32_ldstexclp,EL0,678,0,0,46,Conditional
LDAXP_LP32_ldstexclp,EL1,1278,37,1,106,Conditional
LDAXP_LP32_ldstexclp,EL2,302,25,1,16,Conditional
LDAXP_LP32_ldstexclp,EL3,36,8,2,0,Conditional
LDAXP_LP64_ldstexclp,EL0,0,0,0,924,Not allowed
LDAXP_LP64_ldstexclp,EL1,0,0,0,914,Not allowed
LDAXP_LP64_ldstexclp,EL2,0,25,1,382,Not allowed
LDAXP_LP64_ldstexclp,EL3,18,8,2,6,Conditional
LDAXRB_LR32_ldstexclr,EL0,148,111,0,38,Conditional
LDAXRB_LR32_ldstexclr,EL1,108,130,0,38,Conditional
LDAXRB_LR32_ldstexclr,EL2,12,32,0,19,Conditional
LDAXRB_LR32_ldstexclr,EL3,9,6,0,0,Conditional
LDAXRH_LR32_ldstexclr,EL0,147,111,0,37,Conditional
LDAXRH_LR32_ldstexclr,EL1,108,128,0,38,Conditional
LDAXRH_LR32_ldstexclr,EL2,12,32,0,18,Conditional
LDAXRH_LR32_ldstexclr,EL3,9,6,0,0,Conditional
LDAXR_LR32_ldstexclr,EL0,144,111,0,38,Conditional
LDAXR_LR32_ldstexclr,EL1,108,131,0,37,Conditional
LDAXR_LR32_ldstexclr,EL2,12,32,0,19,Conditional
LDAXR_LR32_ldstexclr,EL3,9,6,0,0,Conditional
LDAXR_LR64_ldstexclr,EL0,146,112,0,38,Conditional
LDAXR_LR64_ldstexclr,EL1,108,129,0,39,Conditional
LDAXR_LR64_ldstexclr,EL2,10,32,0,20,Conditional
LDAXR_LR64_ldstexclr,EL3,9,6,0,0,Conditional
LDCLRAB_32_memop,EL0,102,209,0,35,Conditional
LDCLRAB_32_memop,EL1,108,228,0,37,Conditional
LDCLRAB_32_memop,EL2,39,131,0,18,Conditional
LDCLRAB_32_memop,EL3,27,18,0,0,Conditional
LDCLRAH_32_memop,EL0,102,207,0,36,Conditional
LDCLRAH_32_memop,EL1,108,226,0,37,Conditional
LDCLRAH_32_memop,EL2,39,127,0,20,Conditional
LDCLRAH_32_memop,EL3,27,18,0,0,Conditional
LDCLRALB_32_memop,EL0,102,209,0,35,Conditional
LDCLRALB_32_memop,EL1,108,226,0,38,Conditional
LDCLRALB_32_memop,EL2,39,130,0,19,Conditional
LDCLRALB_32_memop,EL3,27,18,0,0,Conditional
LDCLRALH_32_memop,EL0,102,211,0,33,Conditional
LDCLRALH_32_memop,EL1,108,229,0,36,Conditional
LDCLRALH_32_memop,EL2,39,126,0,21,Conditional
LDCLRALH_32_memop,EL3,27,18,0,0,Conditional
LDCLRAL_32_memop,EL0,102,209,0,35,Conditional
LDCLRAL_32_memop,EL1,108,229,0,37,Conditional
LDCLRAL_32_memop,EL2,39,127,0,20,Conditional
LDCLRAL_32_memop,EL3,27,18,0,0,Conditional
LDCLRAL_64_memop,EL0,108,229,0,39,Conditional
LDCLRAL_64_memop,EL1,108,228,0,38,Conditional
LDCLRAL_64_memop,EL2,39,126,0,21,Conditional
LDCLRAL_64_memop,EL3,27,18,0,0,Conditional
LDCLRA_32_memop,EL0,102,210,0,35,Conditional
LDCLRA_32_memop,EL1,108,226,0,38,Conditional
LDCLRA_32_memop,EL2,39,127,0,20,Conditional
LDCLRA_32_memop,EL3,27,18,0,0,Conditional
LDCLRA_64_memop,EL0,102,212,0,33,Conditional
LDCLRA_64_memop,EL1,108,231,0,35,Conditional
LDCLRA_64_memop,EL2,39,127,0,20,Conditional
LDCLRA_64_memop,EL3,27,18,0,0,Conditional
LDCLRB_32_memop,EL0,102,210,0,35,Conditional
LDCLRB_32_memop,EL1,108,226,0,38,Conditional
LDCLRB_32_memop,EL2,39,130,0,18,Conditional
LDCLRB_32_memop,EL3,27,18,0,0,Conditional
LDCLRH_32_memop,EL0,102,213,0,33,Conditional
LDCLRH_32_memop,EL1,108,224,0,39,Conditional
LDCLRH_32_memop,EL2,39,126,0,21,Conditional
LDCLRH_32_memop,EL3,27,18,0,0,Conditional
LDCLRLB_32_memop,EL0,102,210,0,34,Conditional
LDCLRLB_32_memop,EL1,108,231,0,36,Conditional
LDCLRLB_32_memop,EL2,39,129,0,19,Conditional
LDCLRLB_32_memop,EL3,27,18,0,0,Conditional
LDCLRLH_32_memop,EL0,102,212,0,33,Conditional
LDCLRLH_32_memop,EL1,108,229,0,36,Conditional
LDCLRLH_32_memop,EL2,39,128,0,19,Conditional
LDCLRLH_32_memop,EL3,27,18,0,0,Conditional
LDCLRL_32_memop,EL0,102,212,0,33,Conditional
LDCLRL_32_memop,EL1,108,229,0,37,Conditional
LDCLRL_32_memop,EL2,39,127,0,20,Conditional
LDCLRL_32_memop,EL3,27,18,0,0,Conditional
LDCLRL_64_memop,EL0,102,213,0,33,Conditional
LDCLRL_64_memop,EL1,108,227,0,37,Conditional
LDCLRL_64_memop,EL2,39,127,0,20,Conditional
LDCLRL_64_memop,EL3,27,18,0,0,Conditional
LDCLR_32_memop,EL0,102,211,0,34,Conditional
LDCLR_32_memop,EL1,108,230,0,36,Conditional
LDCLR_32_memop,EL2,39,127,0,20,Conditional
LDCLR_32_memop,EL3,27,18,0,0,Conditional
LDCLR_64_memop,EL0,102,212,0,34,Conditional
LDCLR_64_memop,EL1,108,232,0,35,Conditional
LDCLR_64_memop,EL2,39,127,0,20,Conditional
LDCLR_64_memop,EL3,27,18,0,0,Conditional
LDEORAB_32_memop,EL0,102,211,0,33,Conditional
LDEORAB_32_memop,EL1,108,229,0,37,Conditional
LDEORAB_32_memop,EL2,39,130,0,19,Conditional
LDEORAB_32_memop,EL3,27,18,0,0,Conditional
LDEORAH_32_memop,EL0,102,212,0,33,Conditional
LDEORAH_32_memop,EL1,108,228,0,36,Conditional
LDEORAH_32_memop,EL2,39,127,0,20,Conditional
LDEORAH_32_memop,EL3,27,18,0,0,Conditional
LDEORALB_32_memop,EL0,102,211,0,34,Conditional
LDEORALB_32_memop,EL1,108,229,0,37,Conditional
LDEORALB_32_memop,EL2,39,126,0,20,Conditional
LDEORALB_32_memop,EL3,27,18,0,0,Conditional
LDEORALH_32_memop,EL0,102,210,0,34,Conditional
LDEORALH_32_memop,EL1,108,228,0,37,Conditional
LDEORALH_32_memop,EL2,39,127,0,20,Conditional
LDEORALH_32_memop,EL3,27,18,0,0,Conditional
LDEORAL_32_memop,EL0,102,214,0,32,Conditional
LDEORAL_32_memop,EL1,108,230,0,35,Conditional
LDEORAL_32_memop,EL2,39,126,0,21,Conditional
LDEORAL_32_memop,EL3,27,18,0,0,Conditional
LDEORAL_64_memop,EL0,108,228,0,40,Conditional
LDEORAL_64_memop,EL1,108,232,0,35,Conditional
LDEORAL_64_memop,EL2,39,126,0,20,Conditional
LDEORAL_64_memop,EL3,27,18,0,0,Conditional
LDEORA_32_memop,EL0,102,213,0,33,Conditional
LDEORA_32_memop,EL1,108,230,0,36,Conditional
LDEORA_32_memop,EL2,39,127,0,20,Conditional
LDEORA_32_memop,EL3,27,18,0,0,Conditional
LDEORA_64_memop,EL0,102,218,0,30,Conditional
LDEORA_64_memop,EL1,108,231,0,35,Conditional
LDEORA_64_memop,EL2,39,127,0,20,Conditional
LDEORA_64_memop,EL3,27,18,0,0,Conditional
LDEORB_32_memop,EL0,102,213,0,33,Conditional
LDEORB_32_memop,EL1,108,230,0,35,Conditional
LDEORB_32_memop,EL2,39,130,0,18,Conditional
LDEORB_32_memop,EL3,27,18,0,0,Conditional
LDEORH_32_memop,EL0,102,212,0,34,Conditional
LDEORH_32_memop,EL1,108,228,0,37,Conditional
LDEORH_32_memop,EL2,39,127,0,20,Conditional
LDEORH_32_memop,EL3,27,18,0,0,Conditional
LDEORLB_32_memop,EL0,102,213,0,33,Conditional
LDEORLB_32_memop,EL1,108,228,0,38,Conditional
LDEORLB_32_memop,EL2,39,130,0,18,Conditional
LDEORLB_32_memop,EL3,27,18,0,0,Conditional
LDEORLH_32_memop,EL0,102,209,0,35,Conditional
LDEORLH_32_memop,EL1,108,227,0,37,Conditional
LDEORLH_32_memop,EL2,39,127,0,20,Conditional
LDEORLH_32_memop,EL3,27,18,0,0,Conditional
LDEORL_32_memop,EL0,102,212,0,33,Conditional
LDEORL_32_memop,EL1,108,229,0,37,Conditional
LDEORL_32_memop,EL2,39,127,0,20,Conditional
LDEORL_32_memop,EL3,27,18,0,0,Conditional
LDEORL_64_memop,EL0,102,209,0,35,Conditional
LDEORL_64_memop,EL1,108,230,0,36,Conditional
LDEORL_64_memop,EL2,39,127,0,20,Conditional
LDEORL_64_memop,EL3,27,18,0,0,Conditional
LDEOR_32_memop,EL0,102,213,0,33,Conditional
LDEOR_32_memop,EL1,108,229,0,36,Conditional
LDEOR_32_memop,EL2,39,126,0,21,Conditional
LDEOR_32_memop,EL3,27,18,0,0,Conditional
LDEOR_64_memop,EL0,102,212,0,33,Conditional
LDEOR_64_memop,EL1,108,227,0,38,Conditional
LDEOR_64_memop,EL2,39,127,0,20,Conditional
LDEOR_64_memop,EL3,27,18,0,0,Conditional
LDLARB_LR32_ldstord,EL0,219,176,0,42,Conditional
LDLARB_LR32_ldstord,EL1,216,178,0,22,Conditional
LDLARB_LR32_ldstord,EL2,87,92,0,15,Conditional
LDLARB_LR32_ldstord,EL3,9,6,0,0,Conditional
LDLARH_LR32_ldstord,EL0,223,183,0,54,Conditional
LDLARH_LR32_ldstord,EL1,228,180,0,36,Conditional
LDLARH_LR32_ldstord,EL2,83,88,0,19,Conditional
LDLARH_LR32_ldstord,EL3,9,6,0,0,Conditional
LDLAR_LR32_ldstord,EL0,219,177,0,41,Conditional
LDLAR_LR32_ldstord,EL1,228,182,0,52,Conditional
LDLAR_LR32_ldstord,EL2,83,88,0,19,Conditional
LDLAR_LR32_ldstord,EL3,9,6,0,0,Conditional
LDLAR_LR64_ldstord,EL0,225,184,0,53,Conditional
LDLAR_LR64_ldstord,EL1,223,182,0,38,Conditional
LDLAR_LR64_ldstord,EL2,84,88,0,18,Conditional
LDLAR_LR64_ldstord,EL3,9,6,0,0,Conditional
LDNP_32_ldstnapair_offs,EL0,252,98,0,43,Conditional
LDNP_32_ldstnapair_offs,EL1,238,108,0,47,Conditional
LDNP_32_ldstnapair_offs,EL2,15,37,1,24,Conditional
LDNP_32_ldstnapair_offs,EL3,27,14,2,0,Conditional
LDNP_64_ldstnapair_offs,EL0,248,98,0,35,Conditional
LDNP_64_ldstnapair_offs,EL1,238,108,0,46,Conditional
LDNP_64_ldstnapair_offs,EL2,15,37,1,24,Conditional
LDNP_64_ldstnapair_offs,EL3,27,14,2,0,Conditional
LDNP_D_ldstnapair_offs,EL0,198,56,0,41,Conditional
LDNP_D_ldstnapair_offs,EL1,184,72,0,48,Conditional
LDNP_D_ldstnapair_offs,EL2,20,37,1,24,Conditional
LDNP_D_ldstnapair_offs,EL3,24,14,2,0,Conditional
LDNP_Q_ldstnapair_offs,EL0,145,8,0,59,Conditional
LDNP_Q_ldstnapair_offs,EL1,128,36,0,58,Conditional
LDNP_Q_ldstnapair_offs,EL2,7,29,1,23,Conditional
LDNP_Q_ldstnapair_offs,EL3,24,14,2,0,Conditional
LDNP_S_ldstnapair_offs,EL0,196,56,0,42,Conditional
LDNP_S_ldstnapair_offs,EL1,182,72,0,49,Conditional
LDNP_S_ldstnapair_offs,EL2,20,37,1,24,Conditional
LDNP_S_ldstnapair_offs,EL3,24,14,2,0,Conditional
LDPSW_64_ldstpair_off,EL0,231,91,0,41,Conditional
LDPSW_64_ldstpair_off,EL1,236,108,0,48,Conditional
LDPSW_64_ldstpair_off,EL2,15,37,1,24,Conditional
LDPSW_64_ldstpair_off,EL3,27,14,2,0,Conditional
LDPSW_64_ldstpair_post,EL0,132,156,0,33,Conditional
LDPSW_64_ldstpair_post,EL1,142,144,0,40,Conditional
LDPSW_64_ldstpair_post,EL2,6,115,5,25,Conditional
LDPSW_64_ldstpair_post,EL3,42,58,10,0,Conditional
LDPSW_64_ldstpair_pre,EL0,117,143,0,47,Conditional
LDPSW_64_ldstpair_pre,EL1,143,144,0,40,Conditional
LDPSW_64_ldstpair_pre,EL2,6,115,5,25,Conditional
LDPSW_64_ldstpair_pre,EL3,42,58,10,0,Conditional
LDP_32_ldstpair_off,EL0,231,90,0,41,Conditional
LDP_32_ldstpair_off,EL1,229,108,0,48,Conditional
LDP_32_ldstpair_off,EL2,15,37,1,24,Conditional
LDP_32_ldstpair_off,EL3,27,14,2,0,Conditional
LDP_32_ldstpair_post,EL0,129,155,0,35,Conditional
LDP_32_ldstpair_post,EL1,144,144,0,48,Conditional
LDP_32_ldstpair_post,EL2,6,115,5,25,Conditional
LDP_32_ldstpair_post,EL3,42,58,10,0,Conditional
LDP_32_ldstpair_pre,EL0,117,143,0,47,Conditional
LDP_32_ldstpair_pre,EL1,143,144,0,40,Conditional
LDP_32_ldstpair_pre,EL2,6,115,5,25,Conditional
LDP_32_ldstpair_pre,EL3,42,58,10,0,Conditional
LDP_64_ldstpair_off,EL0,235,92,0,41,Conditional
LDP_64_ldstpair_off,EL1,234,108,0,48,Conditional
LDP_64_ldstpair_off,EL2,15,37,1,24,Conditional
LDP_64_ldstpair_off,EL3,27,14,2,0,Conditional
LDP_64_ldstpair_post,EL0,119,146,0,45,Conditional
LDP_64_ldstpair_post,EL1,142,144,0,32,Conditional
LDP_64_ldstpair_post,EL2,6,115,5,25,Conditional
LDP_64_ldstpair_post,EL3,42,58,10,0,Conditional
LDP_64_ldstpair_pre,EL0,120,145,0,45,Conditional
LDP_64_ldstpair_pre,EL1,142,145,0,40,Conditional
LDP_64_ldstpair_pre,EL2,6,115,5,25,Conditional
LDP_64_ldstpair_pre,EL3,42,58,10,0,Conditional
LDP_D_ldstpair_off,EL0,184,52,0,44,Conditional
LDP_D_ldstpair_off,EL1,182,72,0,50,Conditional
LDP_D_ldstpair_off,EL2,20,37,1,24,Conditional
LDP_D_ldstpair_off,EL3,24,14,2,0,Conditional
LDP_D_ldstpair_post,EL0,152,46,0,54,Conditional
LDP_D_ldstpair_post,EL1,147,72,0,55,Conditional
LDP_D_ldstpair_post,EL2,20,36,1,24,Conditional
LDP_D_ldstpair_post,EL3,24,14,2,0,Conditional
LDP_D_ldstpair_pre,EL0,154,44,0,54,Conditional
LDP_D_ldstpair_pre,EL1,148,72,0,54,Conditional
LDP_D_ldstpair_pre,EL2,20,35,1,25,Conditional
LDP_D_ldstpair_pre,EL3,24,14,2,0,Conditional
LDP_Q_ldstpair_off,EL0,136,8,0,56,Conditional
LDP_Q_ldstpair_off,EL1,128,36,0,59,Conditional
LDP_Q_ldstpair_off,EL2,8,29,1,22,Conditional
LDP_Q_ldstpair_off,EL3,24,14,2,0,Conditional
LDP_Q_ldstpair_post,EL0,110,4,0,58,Conditional
LDP_Q_ldstpair_post,EL1,100,36,0,58,Conditional
LDP_Q_ldstpair_post,EL2,6,29,1,23,Conditional
LDP_Q_ldstpair_post,EL3,24,14,2,0,Conditional
LDP_Q_ldstpair_pre,EL0,108,4,0,60,Conditional
LDP_Q_ldstpair_pre,EL1,100,36,0,58,Conditional
LDP_Q_ldstpair_pre,EL2,6,29,1,23,Conditional
LDP_Q_ldstpair_pre,EL3,24,14,2,0,Conditional
LDP_S_ldstpair_off,EL0,184,52,0,44,Conditional
LDP_S_ldstpair_off,EL1,184,72,0,48,Conditional
LDP_S_ldstpair_off,EL2,20,37,1,24,Conditional
LDP_S_ldstpair_off,EL3,24,14,2,0,Conditional
LDP_S_ldstpair_post,EL0,168,48,0,48,Conditional
LDP_S_ldstpair_post,EL1,149,72,0,54,Conditional
LDP_S_ldstpair_post,EL2,20,36,1,24,Conditional
LDP_S_ldstpair_post,EL3,24,14,2,0,Conditional
LDP_S_ldstpair_pre,EL0,148,44,0,54,Conditional
LDP_S_ldstpair_pre,EL1,147,72,0,55,Conditional
LDP_S_ldstpair_pre,EL2,20,36,1,24,Conditional
LDP_S_ldstpair_pre,EL3,24,14,2,0,Conditional
LDRB_32BL_ldst_regoff,EL0,0,235,0,17,Not allowed
LDRB_32BL_ldst_regoff,EL1,0,234,0,18,Not allowed
LDRB_32BL_ldst_regoff,EL2,0,120,0,13,Not allowed
LDRB_32BL_ldst_regoff,EL3,54,36,0,0,Conditional
LDRB_32B_ldst_regoff,EL0,0,234,0,17,Not allowed
LDRB_32B_ldst_regoff,EL1,0,236,0,16,Not allowed
LDRB_32B_ldst_regoff,EL2,0,120,0,13,Not allowed
LDRB_32B_ldst_regoff,EL3,54,36,0,0,Conditional
LDRB_32_ldst_immpost,EL0,92,225,0,51,Conditional
LDRB_32_ldst_immpost,EL1,94,251,0,35,Conditional
LDRB_32_ldst_immpost,EL2,31,140,1,20,Conditional
LDRB_32_ldst_immpost,EL3,12,20,2,0,Conditional
LDRB_32_ldst_immpre,EL0,92,226,0,50,Conditional
LDRB_32_ldst_immpre,EL1,94,250,0,36,Conditional
LDRB_32_ldst_immpre,EL2,31,141,1,19,Conditional
LDRB_32_ldst_immpre,EL3,12,20,2,0,Conditional
LDRB_32_ldst_pos,EL0,222,181,0,37,Conditional
LDRB_32_ldst_pos,EL1,228,184,0,52,Conditional
LDRB_32_ldst_pos,EL2,82,88,0,20,Conditional
LDRB_32_ldst_pos,EL3,9,6,0,0,Conditional
LDRH_32_ldst_immpost,EL0,92,226,0,50,Conditional
LDRH_32_ldst_immpost,EL1,94,245,0,38,Conditional
LDRH_32_ldst_immpost,EL2,32,141,1,18,Conditional
LDRH_32_ldst_immpost,EL3,12,20,2,0,Conditional
LDRH_32_ldst_immpre,EL0,92,226,0,50,Conditional
LDRH_32_ldst_immpre,EL1,94,245,0,39,Conditional
LDRH_32_ldst_immpre,EL2,32,142,1,18,Conditional
LDRH_32_ldst_immpre,EL3,12,20,2,0,Conditional
LDRH_32_ldst_pos,EL0,222,179,0,39,Conditional
LDRH_32_ldst_pos,EL1,228,182,0,53,Conditional
LDRH_32_ldst_pos,EL2,81,86,0,21,Conditional
LDRH_32_ldst_pos,EL3,9,6,0,0,Conditional
LDRH_32_ldst_regoff,EL0,0,235,0,17,Not allowed
LDRH_32_ldst_regoff,EL1,0,236,0,17,Not allowed
LDRH_32_ldst_regoff,EL2,0,120,0,13,Not allowed
LDRH_32_ldst_regoff,EL3,54,36,0,0,Conditional
LDRSB_32BL_ldst_regoff,EL0,0,214,0,15,Not allowed
LDRSB_32BL_ldst_regoff,EL1,0,235,0,17,Not allowed
LDRSB_32BL_ldst_regoff,EL2,0,120,0,13,Not allowed
LDRSB_32BL_ldst_regoff,EL3,54,36,0,0,Conditional
LDRSB_32B_ldst_regoff,EL0,0,226,0,15,Not allowed
LDRSB_32B_ldst_regoff,EL1,0,234,0,18,Not allowed
LDRSB_32B_ldst_regoff,EL2,0,120,0,13,Not allowed
LDRSB_32B_ldst_regoff,EL3,54,36,0,0,Conditional
LDRSB_32_ldst_immpost,EL0,92,226,0,50,Conditional
LDRSB_32_ldst_immpost,EL1,94,249,0,37,Conditional
LDRSB_32_ldst_immpost,EL2,32,142,1,18,Conditional
LDRSB_32_ldst_immpost,EL3,12,20,2,0,Conditional
LDRSB_32_ldst_immpre,EL0,92,226,0,50,Conditional
LDRSB_32_ldst_immpre,EL1,94,250,0,36,Conditional
LDRSB_32_ldst_immpre,EL2,32,142,1,18,Conditional
LDRSB_32_ldst_immpre,EL3,12,20,2,0,Conditional
LDRSB_32_ldst_pos,EL0,225,184,0,51,Conditional
LDRSB_32_ldst_pos,EL1,223,180,0,21,Conditional
LDRSB_32_ldst_pos,EL2,84,88,0,18,Conditional
LDRSB_32_ldst_pos,EL3,9,6,0,0,Conditional
LDRSB_64BL_ldst_regoff,EL0,0,235,0,17,Not allowed
LDRSB_64BL_ldst_regoff,EL1,0,234,0,18,Not allowed
LDRSB_64BL_ldst_regoff,EL2,0,120,0,13,Not allowed
LDRSB_64BL_ldst_regoff,EL3,54,36,0,0,Conditional
LDRSB_64B_ldst_regoff,EL0,0,234,0,17,Not allowed
LDRSB_64B_ldst_regoff,EL1,0,234,0,17,Not allowed
LDRSB_64B_ldst_regoff,EL2,0,120,0,13,Not allowed
LDRSB_64B_ldst_regoff,EL3,54,36,0,0,Conditional
LDRSB_64_ldst_immpost,EL0,90,223,0,53,Conditional
LDRSB_64_ldst_immpost,EL1,94,243,0,40,Conditional
LDRSB_64_ldst_immpost,EL2,32,141,1,19,Conditional
LDRSB_64_ldst_immpost,EL3,12,20,2,0,Conditional
LDRSB_64_ldst_immpre,EL0,93,227,0,48,Conditional
LDRSB_64_ldst_immpre,EL1,94,247,0,37,Conditional
LDRSB_64_ldst_immpre,EL2,32,143,1,17,Conditional
LDRSB_64_ldst_immpre,EL3,12,20,2,0,Conditional
LDRSB_64_ldst_pos,EL0,226,184,0,53,Conditional
LDRSB_64_ldst_pos,EL1,228,182,0,35,Conditional
LDRSB_64_ldst_pos,EL2,81,86,0,21,Conditional
LDRSB_64_ldst_pos,EL3,9,6,0,0,Conditional
LDRSH_32_ldst_immpost,EL0,91,225,0,51,Conditional
LDRSH_32_ldst_immpost,EL1,94,244,0,39,Conditional
LDRSH_32_ldst_immpost,EL2,31,140,1,20,Conditional
LDRSH_32_ldst_immpost,EL3,12,20,2,0,Conditional
LDRSH_32_ldst_immpre,EL0,92,227,0,49,Conditional
LDRSH_32_ldst_immpre,EL1,94,250,0,36,Conditional
LDRSH_32_ldst_immpre,EL2,31,141,1,19,Conditional
LDRSH_32_ldst_immpre,EL3,12,20,2,0,Conditional
LDRSH_32_ldst_pos,EL0,226,184,0,52,Conditional
LDRSH_32_ldst_pos,EL1,228,184,0,51,Conditional
LDRSH_32_ldst_pos,EL2,81,86,0,21,Conditional
LDRSH_32_ldst_pos,EL3,9,6,0,0,Conditional
LDRSH_32_ldst_regoff,EL0,0,234,0,17,Not allowed
LDRSH_32_ldst_regoff,EL1,0,235,0,17,Not allowed
LDRSH_32_ldst_regoff,EL2,0,120,0,13,Not allowed
LDRSH_32_ldst_regoff,EL3,54,36,0,0,Conditional
LDRSH_64_ldst_immpost,EL0,92,226,0,50,Conditional
LDRSH_64_ldst_immpost,EL1,94,245,0,39,Conditional
LDRSH_64_ldst_immpost,EL2,32,142,1,18,Conditional
LDRSH_64_ldst_immpost,EL3,12,20,2,0,Conditional
LDRSH_64_ldst_immpre,EL0,91,226,0,50,Conditional
LDRSH_64_ldst_immpre,EL1,237,540,0,95,Conditional
LDRSH_64_ldst_immpre,EL2,31,141,1,19,Conditional
LDRSH_64_ldst_immpre,EL3,12,20,2,0,Conditional
LDRSH_64_ldst_pos,EL0,222,182,0,54,Conditional
LDRSH_64_ldst_pos,EL1,228,181,0,53,Conditional
LDRSH_64_ldst_pos,EL2,81,86,0,21,Conditional
LDRSH_64_ldst_pos,EL3,9,6,0,0,Conditional
LDRSH_64_ldst_regoff,EL0,0,235,0,17,Not allowed
LDRSH_64_ldst_regoff,EL1,0,236,0,18,Not allowed
LDRSH_64_ldst_regoff,EL2,0,120,0,13,Not allowed
LDRSH_64_ldst_regoff,EL3,54,36,0,0,Conditional
LDRSW_64_ldst_immpost,EL0,92,225,0,51,Conditional
LDRSW_64_ldst_immpost,EL1,94,244,0,39,Conditional
LDRSW_64_ldst_immpost,EL2,32,141,1,19,Conditional
LDRSW_64_ldst_immpost,EL3,12,20,2,0,Conditional
LDRSW_64_ldst_immpre,EL0,92,226,0,50,Conditional
LDRSW_64_ldst_immpre,EL1,94,247,0,38,Conditional
LDRSW_64_ldst_immpre,EL2,32,142,1,18,Conditional
LDRSW_64_ldst_immpre,EL3,12,20,2,0,Conditional
LDRSW_64_ldst_pos,EL0,321,258,0,38,Conditional
LDRSW_64_ldst_pos,EL1,222,180,0,37,Conditional
LDRSW_64_ldst_pos,EL2,84,88,0,18,Conditional
LDRSW_64_ldst_pos,EL3,9,6,0,0,Conditional
LDRSW_64_ldst_regoff,EL0,0,234,0,18,Not allowed
LDRSW_64_ldst_regoff,EL1,0,236,0,16,Not allowed
LDRSW_64_ldst_regoff,EL2,0,120,0,13,Not allowed
LDRSW_64_ldst_regoff,EL3,54,36,0,0,Conditional
LDRSW_64_loadlit,EL0,0,48,0,4,Not allowed
LDRSW_64_loadlit,EL1,0,48,0,4,Not allowed
LDRSW_64_loadlit,EL2,0,32,0,4,Not allowed
LDRSW_64_loadlit,EL3,0,0,0,2,Not allowed
LDR_32_ldst_immpost,EL0,92,226,0,50,Conditional
LDR_32_ldst_immpost,EL1,94,250,0,35,Conditional
LDR_32_ldst_immpost,EL2,32,141,1,18,Conditional
LDR_32_ldst_immpost,EL3,12,20,2,0,Conditional
LDR_32_ldst_immpre,EL0,92,226,0,50,Conditional
LDR_32_ldst_immpre,EL1,94,246,0,38,Conditional
LDR_32_ldst_immpre,EL2,31,141,1,19,Conditional
LDR_32_ldst_immpre,EL3,12,20,2,0,Conditional
LDR_32_ldst_pos,EL0,225,180,0,37,Conditional
LDR_32_ldst_pos,EL1,226,183,0,36,Conditional
LDR_32_ldst_pos,EL2,81,86,0,12,Conditional
LDR_32_ldst_pos,EL3,9,6,0,0,Conditional
LDR_32_ldst_regoff,EL0,0,235,0,17,Not allowed
LDR_32_ldst_regoff,EL1,0,236,0,18,Not allowed
LDR_32_ldst_regoff,EL2,0,120,0,13,Not allowed
LDR_32_ldst_regoff,EL3,54,36,0,0,Conditional
LDR_32_loadlit,EL0,0,48,0,4,Not allowed
LDR_32_loadlit,EL1,0,48,0,4,Not allowed
LDR_32_loadlit,EL2,0,32,0,4,Not allowed
LDR_32_loadlit,EL3,0,0,0,2,Not allowed
LDR_64_ldst_immpost,EL0,92,226,0,50,Conditional
LDR_64_ldst_immpost,EL1,94,245,0,39,Conditional
LDR_64_ldst_immpost,EL2,32,141,1,19,Conditional
LDR_64_ldst_immpost,EL3,12,20,2,0,Conditional
LDR_64_ldst_immpre,EL0,92,225,0,51,Conditional
LDR_64_ldst_immpre,EL1,94,251,0,35,Conditional
LDR_64_ldst_immpre,EL2,32,141,1,18,Conditional
LDR_64_ldst_immpre,EL3,12,20,2,0,Conditional
LDR_64_ldst_pos,EL0,222,180,0,38,Conditional
LDR_64_ldst_pos,EL1,228,186,0,49,Conditional
LDR_64_ldst_pos,EL2,81,87,0,20,Conditional
LDR_64_ldst_pos,EL3,9,6,0,0,Conditional
LDR_64_ldst_regoff,EL0,0,232,0,19,Not allowed
LDR_64_ldst_regoff,EL1,0,233,0,18,Not allowed
LDR_64_ldst_regoff,EL2,0,120,0,13,Not allowed
LDR_64_ldst_regoff,EL3,54,36,0,0,Conditional
LDR_64_loadlit,EL0,0,96,0,8,Not allowed
LDR_64_loadlit,EL1,0,96,0,8,Not allowed
LDR_64_loadlit,EL2,0,64,0,8,Not allowed
LDR_64_loadlit,EL3,0,4,0,2,Not allowed
LDR_BL_ldst_regoff,EL0,0,234,0,18,Not allowed
LDR_BL_ldst_regoff,EL1,0,237,0,17,Not allowed
LDR_BL_ldst_regoff,EL2,0,120,0,13,Not allowed
LDR_BL_ldst_regoff,EL3,36,36,0,0,Conditional
LDR_B_ldst_immpost,EL0,128,154,0,28,Conditional
LDR_B_ldst_immpost,EL1,144,159,0,32,Conditional
LDR_B_ldst_immpost,EL2,54,80,0,15,Conditional
LDR_B_ldst_immpost,EL3,6,6,0,0,Conditional
LDR_B_ldst_immpre,EL0,128,154,0,28,Conditional
LDR_B_ldst_immpre,EL1,144,157,0,33,Conditional
LDR_B_ldst_immpre,EL2,54,80,0,15,Conditional
LDR_B_ldst_immpre,EL3,6,6,0,0,Conditional
LDR_B_ldst_pos,EL0,146,175,0,25,Conditional
LDR_B_ldst_pos,EL1,149,180,0,20,Conditional
LDR_B_ldst_pos,EL2,54,84,0,14,Conditional
LDR_B_ldst_pos,EL3,6,6,0,0,Conditional
LDR_B_ldst_regoff,EL0,0,234,0,17,Not allowed
LDR_B_ldst_regoff,EL1,0,234,0,18,Not allowed
LDR_B_ldst_regoff,EL2,0,120,0,13,Not allowed
LDR_B_ldst_regoff,EL3,36,36,0,0,Conditional
LDR_D_ldst_immpost,EL0,128,155,0,27,Conditional
LDR_D_ldst_immpost,EL1,144,160,0,32,Conditional
LDR_D_ldst_immpost,EL2,54,80,0,16,Conditional
LDR_D_ldst_immpost,EL3,6,6,0,0,Conditional
LDR_D_ldst_immpre,EL0,128,154,0,28,Conditional
LDR_D_ldst_immpre,EL1,144,157,0,32,Conditional
LDR_D_ldst_immpre,EL2,54,78,0,16,Conditional
LDR_D_ldst_immpre,EL3,6,6,0,0,Conditional
LDR_D_ldst_pos,EL0,148,178,0,22,Conditional
LDR_D_ldst_pos,EL1,146,178,0,22,Conditional
LDR_D_ldst_pos,EL2,54,85,0,13,Conditional
LDR_D_ldst_pos,EL3,6,6,0,0,Conditional
LDR_D_ldst_regoff,EL0,0,234,0,17,Not allowed
LDR_D_ldst_regoff,EL1,0,236,0,16,Not allowed
LDR_D_ldst_regoff,EL2,0,120,0,13,Not allowed
LDR_D_ldst_regoff,EL3,36,36,0,0,Conditional
LDR_D_loadlit,EL0,0,96,0,8,Not allowed
LDR_D_loadlit,EL1,0,96,0,8,Not allowed
LDR_D_loadlit,EL2,0,64,0,8,Not allowed
LDR_D_loadlit,EL3,0,4,0,2,Not allowed
LDR_H_ldst_immpost,EL0,128,153,0,29,Conditional
LDR_H_ldst_immpost,EL1,144,162,0,30,Conditional
LDR_H_ldst_immpost,EL2,54,80,0,15,Conditional
LDR_H_ldst_immpost,EL3,6,6,0,0,Conditional
LDR_H_ldst_immpre,EL0,128,154,0,28,Conditional
LDR_H_ldst_immpre,EL1,144,157,0,33,Conditional
LDR_H_ldst_immpre,EL2,54,80,0,15,Conditional
LDR_H_ldst_immpre,EL3,6,6,0,0,Conditional
LDR_H_ldst_pos,EL0,148,177,0,23,Conditional
LDR_H_ldst_pos,EL1,150,180,0,19,Conditional
LDR_H_ldst_pos,EL2,54,84,0,13,Conditional
LDR_H_ldst_pos,EL3,6,6,0,0,Conditional
LDR_H_ldst_regoff,EL0,0,235,0,17,Not allowed
LDR_H_ldst_regoff,EL1,0,236,0,18,Not allowed
LDR_H_ldst_regoff,EL2,0,120,0,13,Not allowed
LDR_H_ldst_regoff,EL3,36,36,0,0,Conditional
LDR_Q_ldst_immpost,EL0,136,83,0,45,Conditional
LDR_Q_ldst_immpost,EL1,144,95,0,35,Conditional
LDR_Q_ldst_immpost,EL2,10,24,0,22,Conditional
LDR_Q_ldst_immpost,EL3,6,6,0,0,Conditional
LDR_Q_ldst_immpre,EL0,136,82,0,47,Conditional
LDR_Q_ldst_immpre,EL1,144,95,0,35,Conditional
LDR_Q_ldst_immpre,EL2,10,24,0,22,Conditional
LDR_Q_ldst_immpre,EL3,6,6,0,0,Conditional
LDR_Q_ldst_pos,EL0,168,101,0,36,Conditional
LDR_Q_ldst_pos,EL1,163,108,0,41,Conditional
LDR_Q_ldst_pos,EL2,10,24,0,22,Conditional
LDR_Q_ldst_pos,EL3,6,6,0,0,Conditional
LDR_Q_ldst_regoff,EL0,0,234,0,17,Not allowed
LDR_Q_ldst_regoff,EL1,0,236,0,18,Not allowed
LDR_Q_ldst_regoff,EL2,0,120,0,13,Not allowed
LDR_Q_ldst_regoff,EL3,36,36,0,0,Conditional
LDR_Q_loadlit,EL0,0,84,0,16,Not allowed
LDR_Q_loadlit,EL1,0,84,0,16,Not allowed
LDR_Q_loadlit,EL2,0,47,0,13,Not allowed
LDR_Q_loadlit,EL3,0,8,0,2,Not allowed
LDR_S_ldst_immpost,EL0,128,155,0,27,Conditional
LDR_S_ldst_immpost,EL1,144,159,0,31,Conditional
LDR_S_ldst_immpost,EL2,54,80,0,16,Conditional
LDR_S_ldst_immpost,EL3,6,6,0,0,Conditional
LDR_S_ldst_immpre,EL0,128,153,0,29,Conditional
LDR_S_ldst_immpre,EL1,144,160,0,31,Conditional
LDR_S_ldst_immpre,EL2,54,79,0,16,Conditional
LDR_S_ldst_immpre,EL3,6,6,0,0,Conditional
LDR_S_ldst_pos,EL0,146,175,0,25,Conditional
LDR_S_ldst_pos,EL1,149,180,0,20,Conditional
LDR_S_ldst_pos,EL2,54,84,0,14,Conditional
LDR_S_ldst_pos,EL3,6,6,0,0,Conditional
LDR_S_ldst_regoff,EL0,0,234,0,18,Not allowed
LDR_S_ldst_regoff,EL1,0,236,0,16,Not allowed
LDR_S_ldst_regoff,EL2,0,120,0,13,Not allowed
LDR_S_ldst_regoff,EL3,36,36,0,0,Conditional
LDR_S_loadlit,EL0,0,48,0,4,Not allowed
LDR_S_loadlit,EL1,0,48,0,4,Not allowed
LDR_S_loadlit,EL2,0,32,0,4,Not allowed
LDR_S_loadlit,EL3,0,0,0,2,Not allowed
LDSETAB_32_memop,EL0,102,210,0,34,Conditional
LDSETAB_32_memop,EL1,108,227,0,38,Conditional
LDSETAB_32_memop,EL2,39,128,0,20,Conditional
LDSETAB_32_memop,EL3,27,18,0,0,Conditional
LDSETAH_32_memop,EL0,102,210,0,34,Conditional
LDSETAH_32_memop,EL1,108,230,0,36,Conditional
LDSETAH_32_memop,EL2,39,127,0,20,Conditional
LDSETAH_32_memop,EL3,27,18,0,0,Conditional
LDSETALB_32_memop,EL0,102,212,0,33,Conditional
LDSETALB_32_memop,EL1,108,229,0,36,Conditional
LDSETALB_32_memop,EL2,39,127,0,20,Conditional
LDSETALB_32_memop,EL3,27,18,0,0,Conditional
LDSETALH_32_memop,EL0,102,211,0,33,Conditional
LDSETALH_32_memop,EL1,108,228,0,37,Conditional
LDSETALH_32_memop,EL2,39,126,0,21,Conditional
LDSETALH_32_memop,EL3,27,18,0,0,Conditional
LDSETAL_32_memop,EL0,102,210,0,34,Conditional
LDSETAL_32_memop,EL1,108,231,0,35,Conditional
LDSETAL_32_memop,EL2,39,127,0,20,Conditional
LDSETAL_32_memop,EL3,27,18,0,0,Conditional
LDSETAL_64_memop,EL0,105,228,0,42,Conditional
LDSETAL_64_memop,EL1,108,232,0,34,Conditional
LDSETAL_64_memop,EL2,39,127,0,20,Conditional
LDSETAL_64_memop,EL3,27,18,0,0,Conditional
LDSETA_32_memop,EL0,102,213,0,32,Conditional
LDSETA_32_memop,EL1,108,230,0,36,Conditional
LDSETA_32_memop,EL2,39,126,0,21,Conditional
LDSETA_32_memop,EL3,27,18,0,0,Conditional
LDSETA_64_memop,EL0,102,219,0,29,Conditional
LDSETA_64_memop,EL1,108,234,0,34,Conditional
LDSETA_64_memop,EL2,39,128,0,19,Conditional
LDSETA_64_memop,EL3,27,18,0,0,Conditional
LDSETB_32_memop,EL0,102,212,0,33,Conditional
LDSETB_32_memop,EL1,108,230,0,36,Conditional
LDSETB_32_memop,EL2,39,130,0,18,Conditional
LDSETB_32_memop,EL3,27,18,0,0,Conditional
LDSETH_32_memop,EL0,102,209,0,34,Conditional
LDSETH_32_memop,EL1,108,230,0,36,Conditional
LDSETH_32_memop,EL2,39,127,0,20,Conditional
LDSETH_32_memop,EL3,27,18,0,0,Conditional
LDSETLB_32_memop,EL0,102,211,0,34,Conditional
LDSETLB_32_memop,EL1,108,228,0,38,Conditional
LDSETLB_32_memop,EL2,39,131,0,18,Conditional
LDSETLB_32_memop,EL3,27,18,0,0,Conditional
LDSETLH_32_memop,EL0,102,213,0,32,Conditional
LDSETLH_32_memop,EL1,108,227,0,38,Conditional
LDSETLH_32_memop,EL2,39,127,0,20,Conditional
LDSETLH_32_memop,EL3,27,18,0,0,Conditional
LDSETL_32_memop,EL0,102,213,0,33,Conditional
LDSETL_32_memop,EL1,108,226,0,38,Conditional
LDSETL_32_memop,EL2,39,126,0,21,Conditional
LDSETL_32_memop,EL3,27,18,0,0,Conditional
LDSETL_64_memop,EL0,102,213,0,33,Conditional
LDSETL_64_memop,EL1,108,230,0,36,Conditional
LDSETL_64_memop,EL2,39,128,0,19,Conditional
LDSETL_64_memop,EL3,27,18,0,0,Conditional
LDSET_32_memop,EL0,102,211,0,34,Conditional
LDSET_32_memop,EL1,108,230,0,37,Conditional
LDSET_32_memop,EL2,39,127,0,20,Conditional
LDSET_32_memop,EL3,27,18,0,0,Conditional
LDSET_64_memop,EL0,102,213,0,33,Conditional
LDSET_64_memop,EL1,108,230,0,36,Conditional
LDSET_64_memop,EL2,39,126,0,21,Conditional
LDSET_64_memop,EL3,27,18,0,0,Conditional
LDSMAXAB_32_memop,EL0,102,208,0,36,Conditional
LDSMAXAB_32_memop,EL1,108,225,0,39,Conditional
LDSMAXAB_32_memop,EL2,39,129,0,19,Conditional
LDSMAXAB_32_memop,EL3,27,18,0,0,Conditional
LDSMAXAH_32_memop,EL0,102,209,0,34,Conditional
LDSMAXAH_32_memop,EL1,108,227,0,38,Conditional
LDSMAXAH_32_memop,EL2,39,127,0,20,Conditional
LDSMAXAH_32_memop,EL3,27,18,0,0,Conditional
LDSMAXALB_32_memop,EL0,102,212,0,33,Conditional
LDSMAXALB_32_memop,EL1,108,224,0,39,Conditional
LDSMAXALB_32_memop,EL2,39,127,0,20,Conditional
LDSMAXALB_32_memop,EL3,27,18,0,0,Conditional
LDSMAXALH_32_memop,EL0,102,207,0,36,Conditional
LDSMAXALH_32_memop,EL1,108,229,0,37,Conditional
LDSMAXALH_32_memop,EL2,39,128,0,19,Conditional
LDSMAXALH_32_memop,EL3,27,18,0,0,Conditional
LDSMAXAL_32_memop,EL0,102,211,0,34,Conditional
LDSMAXAL_32_memop,EL1,108,227,0,38,Conditional
LDSMAXAL_32_memop,EL2,39,126,0,21,Conditional
LDSMAXAL_32_memop,EL3,27,18,0,0,Conditional
LDSMAXAL_64_memop,EL0,108,228,0,40,Conditional
LDSMAXAL_64_memop,EL1,108,229,0,36,Conditional
LDSMAXAL_64_memop,EL2,39,128,0,19,Conditional
LDSMAXAL_64_memop,EL3,27,18,0,0,Conditional
LDSMAXA_32_memop,EL0,102,214,0,32,Conditional
LDSMAXA_32_memop,EL1,108,229,0,37,Conditional
LDSMAXA_32_memop,EL2,39,127,0,20,Conditional
LDSMAXA_32_memop,EL3,27,18,0,0,Conditional
LDSMAXA_64_memop,EL0,103,225,0,35,Conditional
LDSMAXA_64_memop,EL1,108,233,0,35,Conditional
LDSMAXA_64_memop,EL2,39,128,0,20,Conditional
LDSMAXA_64_memop,EL3,27,18,0,0,Conditional
LDSMAXB_32_memop,EL0,102,211,0,34,Conditional
LDSMAXB_32_memop,EL1,108,227,0,37,Conditional
LDSMAXB_32_memop,EL2,39,130,0,19,Conditional
LDSMAXB_32_memop,EL3,27,18,0,0,Conditional
LDSMAXH_32_memop,EL0,102,209,0,35,Conditional
LDSMAXH_32_memop,EL1,108,223,0,40,Conditional
LDSMAXH_32_memop,EL2,39,126,0,21,Conditional
LDSMAXH_32_memop,EL3,27,18,0,0,Conditional
LDSMAXLB_32_memop,EL0,102,211,0,33,Conditional
LDSMAXLB_32_memop,EL1,108,231,0,36,Conditional
LDSMAXLB_32_memop,EL2,39,129,0,19,Conditional
LDSMAXLB_32_memop,EL3,27,18,0,0,Conditional
LDSMAXLH_32_memop,EL0,102,208,0,35,Conditional
LDSMAXLH_32_memop,EL1,108,228,0,37,Conditional
LDSMAXLH_32_memop,EL2,39,127,0,20,Conditional
LDSMAXLH_32_memop,EL3,27,18,0,0,Conditional
LDSMAXL_32_memop,EL0,102,212,0,34,Conditional
LDSMAXL_32_memop,EL1,108,229,0,36,Conditional
LDSMAXL_32_memop,EL2,39,126,0,21,Conditional
LDSMAXL_32_memop,EL3,27,18,0,0,Conditional
LDSMAXL_64_memop,EL0,102,211,0,34,Conditional
LDSMAXL_64_memop,EL1,108,226,0,37,Conditional
LDSMAXL_64_memop,EL2,39,128,0,19,Conditional
LDSMAXL_64_memop,EL3,27,18,0,0,Conditional
LDSMAX_32_memop,EL0,102,213,0,32,Conditional
LDSMAX_32_memop,EL1,108,233,0,34,Conditional
LDSMAX_32_memop,EL2,39,127,0,20,Conditional
LDSMAX_32_memop,EL3,27,18,0,0,Conditional
LDSMAX_64_memop,EL0,102,212,0,33,Conditional
LDSMAX_64_memop,EL1,108,231,0,36,Conditional
LDSMAX_64_memop,EL2,39,128,0,19,Conditional
LDSMAX_64_memop,EL3,27,18,0,0,Conditional
LDSMINAB_32_memop,EL0,102,209,0,35,Conditional
LDSMINAB_32_memop,EL1,108,226,0,38,Conditional
LDSMINAB_32_memop,EL2,39,129,0,19,Conditional
LDSMINAB_32_memop,EL3,27,18,0,0,Conditional
LDSMINAH_32_memop,EL0,102,210,0,34,Conditional
LDSMINAH_32_memop,EL1,108,226,0,38,Conditional
LDSMINAH_32_memop,EL2,39,126,0,21,Conditional
LDSMINAH_32_memop,EL3,27,18,0,0,Conditional
LDSMINALB_32_memop,EL0,102,208,0,35,Conditional
LDSMINALB_32_memop,EL1,108,229,0,36,Conditional
LDSMINALB_32_memop,EL2,39,126,0,21,Conditional
LDSMINALB_32_memop,EL3,27,18,0,0,Conditional
LDSMINALH_32_memop,EL0,102,212,0,33,Conditional
LDSMINALH_32_memop,EL1,108,230,0,36,Conditional
LDSMINALH_32_memop,EL2,39,127,0,20,Conditional
LDSMINALH_32_memop,EL3,27,18,0,0,Conditional
LDSMINAL_32_memop,EL0,102,210,0,35,Conditional
LDSMINAL_32_memop,EL1,108,230,0,35,Conditional
LDSMINAL_32_memop,EL2,39,127,0,20,Conditional
LDSMINAL_32_memop,EL3,27,18,0,0,Conditional
LDSMINAL_64_memop,EL0,108,230,0,38,Conditional
LDSMINAL_64_memop,EL1,108,230,0,36,Conditional
LDSMINAL_64_memop,EL2,39,126,0,21,Conditional
LDSMINAL_64_memop,EL3,27,18,0,0,Conditional
LDSMINA_32_memop,EL0,102,212,0,33,Conditional
LDSMINA_32_memop,EL1,108,229,0,37,Conditional
LDSMINA_32_memop,EL2,39,127,0,20,Conditional
LDSMINA_32_memop,EL3,27,18,0,0,Conditional
LDSMINA_64_memop,EL0,108,229,0,38,Conditional
LDSMINA_64_memop,EL1,108,233,0,35,Conditional
LDSMINA_64_memop,EL2,39,127,0,20,Conditional
LDSMINA_64_memop,EL3,27,18,0,0,Conditional
LDSMINB_32_memop,EL0,102,211,0,33,Conditional
LDSMINB_32_memop,EL1,108,227,0,37,Conditional
LDSMINB_32_memop,EL2,39,129,0,19,Conditional
LDSMINB_32_memop,EL3,27,18,0,0,Conditional
LDSMINH_32_memop,EL0,102,211,0,34,Conditional
LDSMINH_32_memop,EL1,108,227,0,38,Conditional
LDSMINH_32_memop,EL2,39,126,0,21,Conditional
LDSMINH_32_memop,EL3,27,18,0,0,Conditional
LDSMINLB_32_memop,EL0,102,211,0,33,Conditional
LDSMINLB_32_memop,EL1,108,229,0,37,Conditional
LDSMINLB_32_memop,EL2,39,130,0,18,Conditional
LDSMINLB_32_memop,EL3,27,18,0,0,Conditional
LDSMINLH_32_memop,EL0,102,209,0,35,Conditional
LDSMINLH_32_memop,EL1,108,229,0,37,Conditional
LDSMINLH_32_memop,EL2,39,126,0,20,Conditional
LDSMINLH_32_memop,EL3,27,18,0,0,Conditional
LDSMINL_32_memop,EL0,102,210,0,33,Conditional
LDSMINL_32_memop,EL1,108,230,0,36,Conditional
LDSMINL_32_memop,EL2,39,126,0,21,Conditional
LDSMINL_32_memop,EL3,27,18,0,0,Conditional
LDSMINL_64_memop,EL0,102,214,0,32,Conditional
LDSMINL_64_memop,EL1,108,229,0,37,Conditional
LDSMINL_64_memop,EL2,39,127,0,20,Conditional
LDSMINL_64_memop,EL3,27,18,0,0,Conditional
LDSMIN_32_memop,EL0,102,209,0,34,Conditional
LDSMIN_32_memop,EL1,108,226,0,39,Conditional
LDSMIN_32_memop,EL2,39,126,0,21,Conditional
LDSMIN_32_memop,EL3,27,18,0,0,Conditional
LDSMIN_64_memop,EL0,102,209,0,34,Conditional
LDSMIN_64_memop,EL1,108,231,0,36,Conditional
LDSMIN_64_memop,EL2,39,127,0,20,Conditional
LDSMIN_64_memop,EL3,27,18,0,0,Conditional
LDUMAXAB_32_memop,EL0,102,210,0,35,Conditional
LDUMAXAB_32_memop,EL1,108,227,0,37,Conditional
LDUMAXAB_32_memop,EL2,39,128,0,20,Conditional
LDUMAXAB_32_memop,EL3,27,18,0,0,Conditional
LDUMAXAH_32_memop,EL0,102,210,0,34,Conditional
LDUMAXAH_32_memop,EL1,108,227,0,38,Conditional
LDUMAXAH_32_memop,EL2,39,127,0,20,Conditional
LDUMAXAH_32_memop,EL3,27,18,0,0,Conditional
LDUMAXALB_32_memop,EL0,102,212,0,33,Conditional
LDUMAXALB_32_memop,EL1,108,227,0,38,Conditional
LDUMAXALB_32_memop,EL2,39,126,0,20,Conditional
LDUMAXALB_32_memop,EL3,27,18,0,0,Conditional
LDUMAXALH_32_memop,EL0,102,211,0,34,Conditional
LDUMAXALH_32_memop,EL1,108,228,0,37,Conditional
LDUMAXALH_32_memop,EL2,39,128,0,19,Conditional
LDUMAXALH_32_memop,EL3,27,18,0,0,Conditional
LDUMAXAL_32_memop,EL0,102,211,0,33,Conditional
LDUMAXAL_32_memop,EL1,108,231,0,35,Conditional
LDUMAXAL_32_memop,EL2,39,127,0,20,Conditional
LDUMAXAL_32_memop,EL3,27,18,0,0,Conditional
LDUMAXAL_64_memop,EL0,108,228,0,39,Conditional
LDUMAXAL_64_memop,EL1,108,230,0,36,Conditional
LDUMAXAL_64_memop,EL2,39,128,0,19,Conditional
LDUMAXAL_64_memop,EL3,27,18,0,0,Conditional
LDUMAXA_32_memop,EL0,102,215,0,31,Conditional
LDUMAXA_32_memop,EL1,108,226,0,38,Conditional
LDUMAXA_32_memop,EL2,39,127,0,20,Conditional
LDUMAXA_32_memop,EL3,27,18,0,0,Conditional
LDUMAXA_64_memop,EL0,106,229,0,40,Conditional
LDUMAXA_64_memop,EL1,108,232,0,36,Conditional
LDUMAXA_64_memop,EL2,39,126,0,21,Conditional
LDUMAXA_64_memop,EL3,27,18,0,0,Conditional
LDUMAXB_32_memop,EL0,102,212,0,33,Conditional
LDUMAXB_32_memop,EL1,108,230,0,36,Conditional
LDUMAXB_32_memop,EL2,39,129,0,19,Conditional
LDUMAXB_32_memop,EL3,27,18,0,0,Conditional
LDUMAXH_32_memop,EL0,102,211,0,34,Conditional
LDUMAXH_32_memop,EL1,108,229,0,37,Conditional
LDUMAXH_32_memop,EL2,39,125,0,21,Conditional
LDUMAXH_32_memop,EL3,27,18,0,0,Conditional
LDUMAXLB_32_memop,EL0,102,209,0,35,Conditional
LDUMAXLB_32_memop,EL1,108,231,0,35,Conditional
LDUMAXLB_32_memop,EL2,39,128,0,20,Conditional
LDUMAXLB_32_memop,EL3,27,18,0,0,Conditional
LDUMAXLH_32_memop,EL0,102,209,0,34,Conditional
LDUMAXLH_32_memop,EL1,108,225,0,38,Conditional
LDUMAXLH_32_memop,EL2,39,126,0,21,Conditional
LDUMAXLH_32_memop,EL3,27,18,0,0,Conditional
LDUMAXL_32_memop,EL0,102,213,0,33,Conditional
LDUMAXL_32_memop,EL1,108,229,0,36,Conditional
LDUMAXL_32_memop,EL2,39,127,0,20,Conditional
LDUMAXL_32_memop,EL3,27,18,0,0,Conditional
LDUMAXL_64_memop,EL0,102,212,0,32,Conditional
LDUMAXL_64_memop,EL1,108,229,0,37,Conditional
LDUMAXL_64_memop,EL2,39,127,0,20,Conditional
LDUMAXL_64_memop,EL3,27,18,0,0,Conditional
LDUMAX_32_memop,EL0,102,213,0,32,Conditional
LDUMAX_32_memop,EL1,108,232,0,34,Conditional
LDUMAX_32_memop,EL2,39,128,0,20,Conditional
LDUMAX_32_memop,EL3,27,18,0,0,Conditional
LDUMAX_64_memop,EL0,102,211,0,34,Conditional
LDUMAX_64_memop,EL1,108,226,0,38,Conditional
LDUMAX_64_memop,EL2,39,127,0,20,Conditional
LDUMAX_64_memop,EL3,27,18,0,0,Conditional
LDUMINAB_32_memop,EL0,102,212,0,33,Conditional
LDUMINAB_32_memop,EL1,108,228,0,37,Conditional
LDUMINAB_32_memop,EL2,39,130,0,19,Conditional
LDUMINAB_32_memop,EL3,27,18,0,0,Conditional
LDUMINAH_32_memop,EL0,102,210,0,34,Conditional
LDUMINAH_32_memop,EL1,108,231,0,35,Conditional
LDUMINAH_32_memop,EL2,39,126,0,21,Conditional
LDUMINAH_32_memop,EL3,27,18,0,0,Conditional
LDUMINALB_32_memop,EL0,102,212,0,32,Conditional
LDUMINALB_32_memop,EL1,108,225,0,39,Conditional
LDUMINALB_32_memop,EL2,39,126,0,20,Conditional
LDUMINALB_32_memop,EL3,27,18,0,0,Conditional
LDUMINALH_32_memop,EL0,102,211,0,33,Conditional
LDUMINALH_32_memop,EL1,108,225,0,39,Conditional
LDUMINALH_32_memop,EL2,39,127,0,20,Conditional
LDUMINALH_32_memop,EL3,27,18,0,0,Conditional
LDUMINAL_32_memop,EL0,102,208,0,35,Conditional
LDUMINAL_32_memop,EL1,108,228,0,38,Conditional
LDUMINAL_32_memop,EL2,39,127,0,20,Conditional
LDUMINAL_32_memop,EL3,27,18,0,0,Conditional
LDUMINAL_64_memop,EL0,108,228,0,40,Conditional
LDUMINAL_64_memop,EL1,108,227,0,37,Conditional
LDUMINAL_64_memop,EL2,39,128,0,19,Conditional
LDUMINAL_64_memop,EL3,27,18,0,0,Conditional
LDUMINA_32_memop,EL0,102,213,0,33,Conditional
LDUMINA_32_memop,EL1,108,230,0,36,Conditional
LDUMINA_32_memop,EL2,39,127,0,20,Conditional
LDUMINA_32_memop,EL3,27,18,0,0,Conditional
LDUMINA_64_memop,EL0,104,227,0,41,Conditional
LDUMINA_64_memop,EL1,108,227,0,38,Conditional
LDUMINA_64_memop,EL2,39,127,0,20,Conditional
LDUMINA_64_memop,EL3,27,18,0,0,Conditional
LDUMINB_32_memop,EL0,102,212,0,34,Conditional
LDUMINB_32_memop,EL1,108,229,0,37,Conditional
LDUMINB_32_memop,EL2,39,130,0,18,Conditional
LDUMINB_32_memop,EL3,27,18,0,0,Conditional
LDUMINH_32_memop,EL0,102,211,0,33,Conditional
LDUMINH_32_memop,EL1,108,227,0,37,Conditional
LDUMINH_32_memop,EL2,39,127,0,20,Conditional
LDUMINH_32_memop,EL3,27,18,0,0,Conditional
LDUMINLB_32_memop,EL0,102,209,0,35,Conditional
LDUMINLB_32_memop,EL1,108,228,0,37,Conditional
LDUMINLB_32_memop,EL2,39,131,0,18,Conditional
LDUMINLB_32_memop,EL3,27,18,0,0,Conditional
LDUMINLH_32_memop,EL0,102,212,0,33,Conditional
LDUMINLH_32_memop,EL1,108,228,0,37,Conditional
LDUMINLH_32_memop,EL2,39,127,0,20,Conditional
LDUMINLH_32_memop,EL3,27,18,0,0,Conditional
LDUMINL_32_memop,EL0,102,211,0,34,Conditional
LDUMINL_32_memop,EL1,108,227,0,38,Conditional
LDUMINL_32_memop,EL2,39,126,0,21,Conditional
LDUMINL_32_memop,EL3,27,18,0,0,Conditional
LDUMINL_64_memop,EL0,102,211,0,33,Conditional
LDUMINL_64_memop,EL1,162,324,0,46,Conditional
LDUMINL_64_memop,EL2,39,127,0,20,Conditional
LDUMINL_64_memop,EL3,27,18,0,0,Conditional
LDUMIN_32_memop,EL0,102,211,0,33,Conditional
LDUMIN_32_memop,EL1,108,230,0,36,Conditional
LDUMIN_32_memop,EL2,39,127,0,20,Conditional
LDUMIN_32_memop,EL3,27,18,0,0,Conditional
LDUMIN_64_memop,EL0,102,213,0,33,Conditional
LDUMIN_64_memop,EL1,108,230,0,36,Conditional
LDUMIN_64_memop,EL2,39,127,0,20,Conditional
LDUMIN_64_memop,EL3,27,18,0,0,Conditional
LDURB_32_ldst_unscaled,EL0,210,168,0,32,Conditional
LDURB_32_ldst_unscaled,EL1,222,183,0,35,Conditional
LDURB_32_ldst_unscaled,EL2,84,89,0,18,Conditional
LDURB_32_ldst_unscaled,EL3,9,6,0,0,Conditional
LDURH_32_ldst_unscaled,EL0,210,171,0,29,Conditional
LDURH_32_ldst_unscaled,EL1,228,183,0,52,Conditional
LDURH_32_ldst_unscaled,EL2,83,88,0,19,Conditional
LDURH_32_ldst_unscaled,EL3,9,6,0,0,Conditional
LDURSB_32_ldst_unscaled,EL0,210,171,0,29,Conditional
LDURSB_32_ldst_unscaled,EL1,225,180,0,21,Conditional
LDURSB_32_ldst_unscaled,EL2,84,90,0,17,Conditional
LDURSB_32_ldst_unscaled,EL3,9,6,0,0,Conditional
LDURSB_64_ldst_unscaled,EL0,211,171,0,30,Conditional
LDURSB_64_ldst_unscaled,EL1,487,384,0,95,Conditional
LDURSB_64_ldst_unscaled,EL2,84,89,0,18,Conditional
LDURSB_64_ldst_unscaled,EL3,9,6,0,0,Conditional
LDURSH_32_ldst_unscaled,EL0,213,172,0,29,Conditional
LDURSH_32_ldst_unscaled,EL1,227,180,0,36,Conditional
LDURSH_32_ldst_unscaled,EL2,83,88,0,19,Conditional
LDURSH_32_ldst_unscaled,EL3,9,6,0,0,Conditional
LDURSH_64_ldst_unscaled,EL0,301,242,0,37,Conditional
LDURSH_64_ldst_unscaled,EL1,225,182,0,36,Conditional
LDURSH_64_ldst_unscaled,EL2,84,89,0,18,Conditional
LDURSH_64_ldst_unscaled,EL3,9,6,0,0,Conditional
LDURSW_64_ldst_unscaled,EL0,207,167,0,33,Conditional
LDURSW_64_ldst_unscaled,EL1,219,180,0,21,Conditional
LDURSW_64_ldst_unscaled,EL2,84,88,0,19,Conditional
LDURSW_64_ldst_unscaled,EL3,9,6,0,0,Conditional
LDUR_32_ldst_unscaled,EL0,208,170,0,31,Conditional
LDUR_32_ldst_unscaled,EL1,228,181,0,53,Conditional
LDUR_32_ldst_unscaled,EL2,83,88,0,19,Conditional
LDUR_32_ldst_unscaled,EL3,9,6,0,0,Conditional
LDUR_64_ldst_unscaled,EL0,211,171,0,30,Conditional
LDUR_64_ldst_unscaled,EL1,228,184,0,51,Conditional
LDUR_64_ldst_unscaled,EL2,83,88,0,19,Conditional
LDUR_64_ldst_unscaled,EL3,9,6,0,0,Conditional
LDUR_B_ldst_unscaled,EL0,134,165,0,36,Conditional
LDUR_B_ldst_unscaled,EL1,144,178,0,23,Conditional
LDUR_B_ldst_unscaled,EL2,54,88,0,19,Conditional
LDUR_B_ldst_unscaled,EL3,6,6,0,0,Conditional
LDUR_D_ldst_unscaled,EL0,136,166,0,34,Conditional
LDUR_D_ldst_unscaled,EL1,147,179,0,21,Conditional
LDUR_D_ldst_unscaled,EL2,54,85,0,13,Conditional
LDUR_D_ldst_unscaled,EL3,6,6,0,0,Conditional
LDUR_H_ldst_unscaled,EL0,136,167,0,33,Conditional
LDUR_H_ldst_unscaled,EL1,148,180,0,20,Conditional
LDUR_H_ldst_unscaled,EL2,54,87,0,20,Conditional
LDUR_H_ldst_unscaled,EL3,6,6,0,0,Conditional
LDUR_Q_ldst_unscaled,EL0,158,92,0,35,Conditional
LDUR_Q_ldst_unscaled,EL1,161,108,0,42,Conditional
LDUR_Q_ldst_unscaled,EL2,12,24,0,22,Conditional
LDUR_Q_ldst_unscaled,EL3,6,6,0,0,Conditional
LDUR_S_ldst_unscaled,EL0,135,164,0,36,Conditional
LDUR_S_ldst_unscaled,EL1,146,180,0,21,Conditional
LDUR_S_ldst_unscaled,EL2,54,86,0,20,Conditional
LDUR_S_ldst_unscaled,EL3,6,6,0,0,Conditional
LDXP_LP32_ldstexclp,EL0,672,0,0,48,Conditional
LDXP_LP32_ldstexclp,EL1,682,0,0,44,Conditional
LDXP_LP32_ldstexclp,EL2,307,25,1,15,Conditional
LDXP_LP32_ldstexclp,EL3,36,8,2,0,Conditional
LDXP_LP64_ldstexclp,EL0,0,0,0,924,Not allowed
LDXP_LP64_ldstexclp,EL1,0,0,0,914,Not allowed
LDXP_LP64_ldstexclp,EL2,0,25,1,390,Not allowed
LDXP_LP64_ldstexclp,EL3,18,8,2,6,Conditional
LDXRB_LR32_ldstexclr,EL0,147,110,0,37,Conditional
LDXRB_LR32_ldstexclr,EL1,108,130,0,38,Conditional
LDXRB_LR32_ldstexclr,EL2,11,32,0,19,Conditional
LDXRB_LR32_ldstexclr,EL3,9,6,0,0,Conditional
LDXRH_LR32_ldstexclr,EL0,144,110,0,38,Conditional
LDXRH_LR32_ldstexclr,EL1,108,128,0,38,Conditional
LDXRH_LR32_ldstexclr,EL2,12,32,0,18,Conditional
LDXRH_LR32_ldstexclr,EL3,9,6,0,0,Conditional
LDXR_LR32_ldstexclr,EL0,150,112,0,36,Conditional
LDXR_LR32_ldstexclr,EL1,108,130,0,38,Conditional
LDXR_LR32_ldstexclr,EL2,12,32,0,19,Conditional
LDXR_LR32_ldstexclr,EL3,9,6,0,0,Conditional
LDXR_LR64_ldstexclr,EL0,144,110,0,39,Conditional
LDXR_LR64_ldstexclr,EL1,108,130,0,38,Conditional
LDXR_LR64_ldstexclr,EL2,12,32,0,18,Conditional
LDXR_LR64_ldstexclr,EL3,9,6,0,0,Conditional
LSLV_32_dp_2src,EL0,27,0,0,0,Allowed
LSLV_32_dp_2src,EL1,27,0,0,0,Allowed
LSLV_32_dp_2src,EL2,27,0,0,0,Allowed
LSLV_32_dp_2src,EL3,27,0,0,0,Allowed
LSLV_64_dp_2src,EL0,27,0,0,0,Allowed
LSLV_64_dp_2src,EL1,27,0,0,0,Allowed
LSLV_64_dp_2src,EL2,27,0,0,0,Allowed
LSLV_64_dp_2src,EL3,27,0,0,0,Allowed
LSRV_32_dp_2src,EL0,27,0,0,0,Allowed
LSRV_32_dp_2src,EL1,27,0,0,0,Allowed
LSRV_32_dp_2src,EL2,27,0,0,0,Allowed
LSRV_32_dp_2src,EL3,27,0,0,0,Allowed
LSRV_64_dp_2src,EL0,27,0,0,0,Allowed
LSRV_64_dp_2src,EL1,27,0,0,0,Allowed
LSRV_64_dp_2src,EL2,27,0,0,0,Allowed
LSRV_64_dp_2src,EL3,27,0,0,0,Allowed
MADD_32A_dp_3src,EL0,81,0,0,0,Allowed
MADD_32A_dp_3src,EL1,81,0,0,0,Allowed
MADD_32A_dp_3src,EL2,81,0,0,0,Allowed
MADD_32A_dp_3src,EL3,81,0,0,0,Allowed
MADD_64A_dp_3src,EL0,81,0,0,0,Allowed
MADD_64A_dp_3src,EL1,81,0,0,0,Allowed
MADD_64A_dp_3src,EL2,81,0,0,0,Allowed
MADD_64A_dp_3src,EL3,81,0,0,0,Allowed
MOVK_32_movewide,EL0,3,0,1,0,Conditional
MOVK_32_movewide,EL1,3,0,1,0,Conditional
MOVK_32_movewide,EL2,3,0,1,0,Conditional
MOVK_32_movewide,EL3,3,0,1,0,Conditional
MOVK_64_movewide,EL0,3,0,0,0,Allowed
MOVK_64_movewide,EL1,3,0,0,0,Allowed
MOVK_64_movewide,EL2,3,0,0,0,Allowed
MOVK_64_movewide,EL3,3,0,0,0,Allowed
MOVN_32_movewide,EL0,3,0,1,0,Conditional
MOVN_32_movewide,EL1,3,0,1,0,Conditional
MOVN_32_movewide,EL2,3,0,1,0,Conditional
MOVN_32_movewide,EL3,3,0,1,0,Conditional
MOVN_64_movewide,EL0,3,0,0,0,Allowed
MOVN_64_movewide,EL1,3,0,0,0,Allowed
MOVN_64_movewide,EL2,3,0,0,0,Allowed
MOVN_64_movewide,EL3,3,0,0,0,Allowed
MOVZ_32_movewide,EL0,3,0,1,0,Conditional
MOVZ_32_movewide,EL1,3,0,1,0,Conditional
MOVZ_32_movewide,EL2,3,0,1,0,Conditional
MOVZ_32_movewide,EL3,3,0,1,0,Conditional
MOVZ_64_movewide,EL0,3,0,0,0,Allowed
MOVZ_64_movewide,EL1,3,0,0,0,Allowed
MOVZ_64_movewide,EL2,3,0,0,0,Allowed
MOVZ_64_movewide,EL3,3,0,0,0,Allowed
MRS_RS_systemmove@ACCDATA_EL1,EL0,0,0,3,0,Not allowed
MRS_RS_systemmove@ACCDATA_EL1,EL1,0,6,0,0,Not allowed
MRS_RS_systemmove@ACCDATA_EL1,EL2,0,6,0,0,Not allowed
MRS_RS_systemmove@ACCDATA_EL1,EL3,3,0,0,0,Allowed
MRS_RS_systemmove@ACTLR_EL1,EL0,0,0,3,0,Not allowed
MRS_RS_systemmove@ACTLR_EL1,EL1,3,0,0,0,Allowed
MRS_RS_systemmove@ACTLR_EL1,EL2,3,0,0,0,Allowed
MRS_RS_systemmove@ACTLR_EL1,EL3,3,0,0,0,Allowed
MRS_RS_systemmove@ACTLR_EL2,EL0,0,0,3,0,Not allowed
MRS_RS_systemmove@ACTLR_EL2,EL1,0,0,3,0,Not allowed
MRS_RS_systemmove@ACTLR_EL2,EL2,3,0,0,0,Allowed
MRS_RS_systemmove@ACTLR_EL2,EL3,3,0,0,0,Allowed
MRS_RS_systemmove@ACTLR_EL3,EL0,0,0,3,0,Not allowed
MRS_RS_systemmove@ACTLR_EL3,EL1,0,0,3,0,Not allowed
MRS_RS_systemmove@ACTLR_EL3,EL2,0,0,3,0,Not allowed
MRS_RS_systemmove@ACTLR_EL3,EL3,3,0,0,0,Allowed
MRS_RS_systemmove@AFSR0_EL1,EL0,0,0,3,0,Not allowed
MRS_RS_systemmove@AFSR0_EL1,EL1,3,0,0,0,Allowed
MRS_RS_systemmove@AFSR0_EL1,EL2,3,0,0,0,Allowed
MRS_RS_systemmove@AFSR0_EL1,EL3,3,0,0,0,Allowed
MRS_RS_systemmove@AFSR0_EL2,EL0,0,0,3,0,Not allowed
MRS_RS_systemmove@AFSR0_EL2,EL1,0,0,3,0,Not allowed
MRS_RS_systemmove@AFSR0_EL2,EL2,3,0,0,0,Allowed
MRS_RS_systemmove@AFSR0_EL2,EL3,3,0,0,0,Allowed
MRS_RS_systemmove@AFSR0_EL3,EL0,0,0,3,0,Not allowed
MRS_RS_systemmove@AFSR0_EL3,EL1,0,0,3,0,Not allowed
MRS_RS_systemmove@AFSR0_EL3,EL2,0,0,3,0,Not allowed
MRS_RS_systemmove@AFSR0_EL3,EL3,3,0,0,0,Allowed
MRS_RS_systemmove@AFSR1_EL1,EL0,0,0,3,0,Not allowed
MRS_RS_systemmove@AFSR1_EL1,EL1,3,0,0,0,Allowed
MRS_RS_systemmove@AFSR1_EL1,EL2,3,0,0,0,Allowed
MRS_RS_systemmove@AFSR1_EL1,EL3,3,0,0,0,Allowed
MRS_RS_systemmove@AFSR1_EL2,EL0,0,0,3,0,Not allowed
MRS_RS_systemmove@AFSR1_EL2,EL1,0,0,3,0,Not allowed
MRS_RS_systemmove@AFSR1_EL2,EL2,3,0,0,0,Allowed
MRS_RS_systemmove@AFSR1_EL2,EL3,3,0,0,0,Allowed
MRS_RS_systemmove@AFSR1_EL3,EL0,0,0,3,0,Not allowed
MRS_RS_systemmove@AFSR1_EL3,EL1,0,0,3,0,Not allowed
MRS_RS_systemmove@AFSR1_EL3,EL2,0,0,3,0,Not allowed
MRS_RS_systemmove@AFSR1_EL3,EL3,3,0,0,0,Allowed
MRS_RS_systemmove@AMAIR2_EL1,EL0,0,0,3,0,Not allowed
MRS_RS_systemmove@AMAIR2_EL1,EL1,3,0,0,0,Allowed
MRS_RS_systemmove@AMAIR2_EL1,EL2,3,0,0,0,Allowed
MRS_RS_systemmove@AMAIR2_EL1,EL3,3,0,0,0,Allowed
MRS_RS_systemmove@AMAIR2_EL2,EL0,0,0,3,0,Not allowed
MRS_RS_systemmove@AMAIR2_EL2,EL1,0,0,3,0,Not allowed
MRS_RS_systemmove@AMAIR2_EL2,EL2,3,0,0,0,Allowed
MRS_RS_systemmove@AMAIR2_EL2,EL3,3,0,0,0,Allowed
MRS_RS_systemmove@AMAIR2_EL3,EL0,0,0,3,0,Not allowed
MRS_RS_systemmove@AMAIR2_EL3,EL1,0,0,3,0,Not allowed
MRS_RS_systemmove@AMAIR2_EL3,EL2,0,0,3,0,Not allowed
MRS_RS_systemmove@AMAIR2_EL3,EL3,3,0,0,0,Allowed
MRS_RS_systemmove@AMAIR_EL1,EL0,0,0,3,0,Not allowed
MRS_RS_systemmove@AMAIR_EL1,EL1,3,0,0,0,Allowed
MRS_RS_systemmove@AMAIR_EL1,EL2,3,0,0,0,Allowed
MRS_RS_systemmove@AMAIR_EL1,EL3,3,0,0,0,Allowed
MRS_RS_systemmove@AMAIR_EL2,EL0,0,0,3,0,Not allowed
MRS_RS_systemmove@AMAIR_EL2,EL1,0,0,3,0,Not allowed
MRS_RS_systemmove@AMAIR_EL2,EL2,3,0,0,0,Allowed
MRS_RS_systemmove@AMAIR_EL2,EL3,3,0,0,0,Allowed
MRS_RS_systemmove@AMAIR_EL3,EL0,0,0,3,0,Not allowed
MRS_RS_systemmove@AMAIR_EL3,EL1,0,0,3,0,Not allowed
MRS_RS_systemmove@AMAIR_EL3,EL2,0,0,3,0,Not allowed
MRS_RS_systemmove@AMAIR_EL3,EL3,3,0,0,0,Allowed
MRS_RS_systemmove@APDAKeyHi_EL1,EL0,0,0,3,0,Not allowed
MRS_RS_systemmove@APDAKeyHi_EL1,EL1,3,0,0,0,Allowed
MRS_RS_systemmove@APDAKeyHi_EL1,EL2,3,0,0,0,Allowed
MRS_RS_systemmove@APDAKeyHi_EL1,EL3,3,0,0,0,Allowed
MRS_RS_systemmove@APDAKeyLo_EL1,EL0,0,0,3,0,Not allowed
MRS_RS_systemmove@APDAKeyLo_EL1,EL1,3,0,0,0,Allowed
MRS_RS_systemmove@APDAKeyLo_EL1,EL2,3,0,0,0,Allowed
MRS_RS_systemmove@APDAKeyLo_EL1,EL3,3,0,0,0,Allowed
MRS_RS_systemmove@APDBKeyHi_EL1,EL0,0,0,3,0,Not allowed
MRS_RS_systemmove@APDBKeyHi_EL1,EL1,3,0,0,0,Allowed
MRS_RS_systemmove@APDBKeyHi_EL1,EL2,3,0,0,0,Allowed
MRS_RS_systemmove@APDBKeyHi_EL1,EL3,3,0,0,0,Allowed
MRS_RS_systemmove@APDBKeyLo_EL1,EL0,0,0,3,0,Not allowed
MRS_RS_systemmove@APDBKeyLo_EL1,EL1,3,0,0,0,Allowed
MRS_RS_systemmove@APDBKeyLo_EL1,EL2,3,0,0,0,Allowed
MRS_RS_systemmove@APDBKeyLo_EL1,EL3,3,0,0,0,Allowed
MRS_RS_systemmove@APGAKeyHi_EL1,EL0,0,0,3,0,Not allowed
MRS_RS_systemmove@APGAKeyHi_EL1,EL1,3,0,0,0,Allowed
MRS_RS_systemmove@APGAKeyHi_EL1,EL2,3,0,0,0,Allowed
MRS_RS_systemmove@APGAKeyHi_EL1,EL3,3,0,0,0,Allowed
MRS_RS_systemmove@APGAKeyLo_EL1,EL0,0,0,3,0,Not allowed
MRS_RS_systemmove@APGAKeyLo_EL1,EL1,3,0,0,0,Allowed
MRS_RS_systemmove@APGAKeyLo_EL1,EL2,3,0,0,0,Allowed
MRS_RS_systemmove@APGAKeyLo_EL1,EL3,3,0,0,0,Allowed
MRS_RS_systemmove@APIAKeyHi_EL1,EL0,0,0,3,0,Not allowed
MRS_RS_systemmove@APIAKeyHi_EL1,EL1,3,0,0,0,Allowed
MRS_RS_systemmove@APIAKeyHi_EL1,EL2,3,0,0,0,Allowed
MRS_RS_systemmove@APIAKeyHi_EL1,EL3,3,0,0,0,Allowed
MRS_RS_systemmove@APIAKeyLo_EL1,EL0,0,0,3,0,Not allowed
MRS_RS_systemmove@APIAKeyLo_EL1,EL1,3,0,0,0,Allowed
MRS_RS_systemmove@APIAKeyLo_EL1,EL2,3,0,0,0,Allowed
MRS_RS_systemmove@APIAKeyLo_EL1,EL3,3,0,0,0,Allowed
MRS_RS_systemmove@APIBKeyHi_EL1,EL0,0,0,3,0,Not allowed
MRS_RS_systemmove@APIBKeyHi_EL1,EL1,3,0,0,0,Allowed
MRS_RS_systemmove@APIBKeyHi_EL1,EL2,3,0,0,0,Allowed
MRS_RS_systemmove@APIBKeyHi_EL1,EL3,3,0,0,0,Allowed
MRS_RS_systemmove@APIBKeyLo_EL1,EL0,0,0,3,0,Not allowed
MRS_RS_systemmove@APIBKeyLo_EL1,EL1,3,0,0,0,Allowed
MRS_RS_systemmove@APIBKeyLo_EL1,EL2,3,0,0,0,Allowed
MRS_RS_systemmove@APIBKeyLo_EL1,EL3,3,0,0,0,Allowed
MRS_RS_systemmove@CONTEXTIDR_EL1,EL0,0,0,3,0,Not allowed
MRS_RS_systemmove@CONTEXTIDR_EL1,EL1,3,0,0,0,Allowed
MRS_RS_systemmove@CONTEXTIDR_EL1,EL2,3,0,0,0,Allowed
MRS_RS_systemmove@CONTEXTIDR_EL1,EL3,3,0,0,0,Allowed
MRS_RS_systemmove@CONTEXTIDR_EL2,EL0,0,0,3,0,Not allowed
MRS_RS_systemmove@CONTEXTIDR_EL2,EL1,0,0,3,0,Not allowed
MRS_RS_systemmove@CONTEXTIDR_EL2,EL2,3,0,0,0,Allowed
MRS_RS_systemmove@CONTEXTIDR_EL2,EL3,3,0,0,0,Allowed
MRS_RS_systemmove@CPACR_EL1,EL0,0,0,3,0,Not allowed
MRS_RS_systemmove@CPACR_EL1,EL1,3,0,0,0,Allowed
MRS_RS_systemmove@CPACR_EL1,EL2,3,0,0,0,Allowed
MRS_RS_systemmove@CPACR_EL1,EL3,3,0,0,0,Allowed
MRS_RS_systemmove@CPTR_EL2,EL0,0,0,3,0,Not allowed
MRS_RS_systemmove@CPTR_EL2,EL1,0,0,3,0,Not allowed
MRS_RS_systemmove@CPTR_EL2,EL2,3,0,0,0,Allowed
MRS_RS_systemmove@CPTR_EL2,EL3,3,0,0,0,Allowed
MRS_RS_systemmove@CPTR_EL3,EL0,0,0,3,0,Not allowed
MRS_RS_systemmove@CPTR_EL3,EL1,0,0,3,0,Not allowed
MRS_RS_systemmove@CPTR_EL3,EL2,0,0,3,0,Not allowed
MRS_RS_systemmove@CPTR_EL3,EL3,3,0,0,0,Allowed
MRS_RS_systemmove@CSSELR_EL1,EL0,0,0,3,0,Not allowed
MRS_RS_systemmove@CSSELR_EL1,EL1,3,0,0,0,Allowed
MRS_RS_systemmove@CSSELR_EL1,EL2,3,0,0,0,Allowed
MRS_RS_systemmove@CSSELR_EL1,EL3,3,0,0,0,Allowed
MRS_RS_systemmove@DBGAUTHSTATUS_EL1,EL0,0,0,3,0,Not allowed
MRS_RS_systemmove@DBGAUTHSTATUS_EL1,EL1,3,0,0,0,Allowed
MRS_RS_systemmove@DBGAUTHSTATUS_EL1,EL2,3,0,0,0,Allowed
MRS_RS_systemmove@DBGAUTHSTATUS_EL1,EL3,3,0,0,0,Allowed
MRS_RS_systemmove@DBGCLAIMCLR_EL1,EL0,0,0,3,0,Not allowed
MRS_RS_systemmove@DBGCLAIMCLR_EL1,EL1,3,0,0,0,Allowed
MRS_RS_systemmove@DBGCLAIMCLR_EL1,EL2,3,0,0,0,Allowed
MRS_RS_systemmove@DBGCLAIMCLR_EL1,EL3,3,0,0,0,Allowed
MRS_RS_systemmove@DBGCLAIMSET_EL1,EL0,0,0,3,0,Not allowed
MRS_RS_systemmove@DBGCLAIMSET_EL1,EL1,3,0,0,0,Allowed
MRS_RS_systemmove@DBGCLAIMSET_EL1,EL2,3,0,0,0,Allowed
MRS_RS_systemmove@DBGCLAIMSET_EL1,EL3,3,0,0,0,Allowed
MRS_RS_systemmove@DBGDTRRX_EL0,EL0,3,0,0,0,Allowed
MRS_RS_systemmove@DBGDTRRX_EL0,EL1,3,0,0,0,Allowed
MRS_RS_systemmove@DBGDTRRX_EL0,EL2,3,0,0,0,Allowed
MRS_RS_systemmove@DBGDTRRX_EL0,EL3,3,0,0,0,Allowed
MRS_RS_systemmove@DBGDTRTX_EL0,EL0,3,0,0,0,Allowed
MRS_RS_systemmove@DBGDTRTX_EL0,EL1,3,0,0,0,Allowed
MRS_RS_systemmove@DBGDTRTX_EL0,EL2,3,0,0,0,Allowed
MRS_RS_systemmove@DBGDTRTX_EL0,EL3,3,0,0,0,Allowed
MRS_RS_systemmove@DBGDTR_EL0,EL0,3,0,0,0,Allowed
MRS_RS_systemmove@DBGDTR_EL0,EL1,3,0,0,0,Allowed
MRS_RS_systemmove@DBGDTR_EL0,EL2,3,0,0,0,Allowed
MRS_RS_systemmove@DBGDTR_EL0,EL3,3,0,0,0,Allowed
MRS_RS_systemmove@DBGPRCR_EL1,EL0,0,0,3,0,Not allowed
MRS_RS_systemmove@DBGPRCR_EL1,EL1,3,0,0,0,Allowed
MRS_RS_systemmove@DBGPRCR_EL1,EL2,3,0,0,0,Allowed
MRS_RS_systemmove@DBGPRCR_EL1,EL3,3,0,0,0,Allowed
MRS_RS_systemmove@DISR_EL1,EL0,0,0,3,0,Not allowed
MRS_RS_systemmove@DISR_EL1,EL1,3,0,0,0,Allowed
MRS_RS_systemmove@DISR_EL1,EL2,3,0,0,0,Allowed
MRS_RS_systemmove@DISR_EL1,EL3,3,0,0,0,Allowed
MRS_RS_systemmove@ELR_EL1,EL0,0,0,3,0,Not allowed
MRS_RS_systemmove@ELR_EL1,EL1,3,0,0,0,Allowed
MRS_RS_systemmove@ELR_EL1,EL2,3,0,0,0,Allowed
MRS_RS_systemmove@ELR_EL1,EL3,3,0,0,0,Allowed
MRS_RS_systemmove@ELR_EL2,EL0,0,0,3,0,Not allowed
MRS_RS_systemmove@ELR_EL2,EL1,0,0,3,0,Not allowed
MRS_RS_systemmove@ELR_EL2,EL2,3,0,0,0,Allowed
MRS_RS_systemmove@ELR_EL2,EL3,3,0,0,0,Allowed
MRS_RS_systemmove@ELR_EL3,EL0,0,0,3,0,Not allowed
MRS_RS_systemmove@ELR_EL3,EL1,0,0,3,0,Not allowed
MRS_RS_systemmove@ELR_EL3,EL2,0,0,3,0,Not allowed
MRS_RS_systemmove@ELR_EL3,EL3,3,0,0,0,Allowed
MRS_RS_systemmove@ERRIDR_EL1,EL0,0,0,3,0,Not allowed
MRS_RS_systemmove@ERRIDR_EL1,EL1,3,0,0,0,Allowed
MRS_RS_systemmove@ERRIDR_EL1,EL2,3,0,0,0,Allowed
MRS_RS_systemmove@ERRIDR_EL1,EL3,3,0,0,0,Allowed
MRS_RS_systemmove@ERRSELR_EL1,EL0,0,0,3,0,Not allowed
MRS_RS_systemmove@ERRSELR_EL1,EL1,3,0,0,0,Allowed
MRS_RS_systemmove@ERRSELR_EL1,EL2,3,0,0,0,Allowed
MRS_RS_systemmove@ERRSELR_EL1,EL3,3,0,0,0,Allowed
MRS_RS_systemmove@ERXADDR_EL1,EL0,0,0,3,0,Not allowed
MRS_RS_systemmove@ERXADDR_EL1,EL1,3,0,0,0,Allowed
MRS_RS_systemmove@ERXADDR_EL1,EL2,3,0,0,0,Allowed
MRS_RS_systemmove@ERXADDR_EL1,EL3,3,0,0,0,Allowed
MRS_RS_systemmove@ERXCTLR_EL1,EL0,0,0,3,0,Not allowed
MRS_RS_systemmove@ERXCTLR_EL1,EL1,3,0,0,0,Allowed
MRS_RS_systemmove@ERXCTLR_EL1,EL2,3,0,0,0,Allowed
MRS_RS_systemmove@ERXCTLR_EL1,EL3,3,0,0,0,Allowed
MRS_RS_systemmove@ERXFR_EL1,EL0,0,0,3,0,Not allowed
MRS_RS_systemmove@ERXFR_EL1,EL1,3,0,0,3,Conditional
MRS_RS_systemmove@ERXFR_EL1,EL2,3,0,0,3,Conditional
MRS_RS_systemmove@ERXFR_EL1,EL3,3,0,0,3,Conditional
MRS_RS_systemmove@ERXGSR_EL1,EL0,0,0,3,0,Not allowed
MRS_RS_systemmove@ERXGSR_EL1,EL1,3,0,0,0,Allowed
MRS_RS_systemmove@ERXGSR_EL1,EL2,3,0,0,0,Allowed
MRS_RS_systemmove@ERXGSR_EL1,EL3,3,0,0,0,Allowed
MRS_RS_systemmove@ERXMISC0_EL1,EL0,0,0,3,0,Not allowed
MRS_RS_systemmove@ERXMISC0_EL1,EL1,3,0,0,0,Allowed
MRS_RS_systemmove@ERXMISC0_EL1,EL2,3,0,0,0,Allowed
MRS_RS_systemmove@ERXMISC0_EL1,EL3,3,0,0,0,Allowed
MRS_RS_systemmove@ERXMISC1_EL1,EL0,0,0,3,0,Not allowed
MRS_RS_systemmove@ERXMISC1_EL1,EL1,3,0,0,0,Allowed
MRS_RS_systemmove@ERXMISC1_EL1,EL2,3,0,0,0,Allowed
MRS_RS_systemmove@ERXMISC1_EL1,EL3,3,0,0,0,Allowed
MRS_RS_systemmove@ERXMISC2_EL1,EL0,0,0,3,0,Not allowed
MRS_RS_systemmove@ERXMISC2_EL1,EL1,3,0,0,0,Allowed
MRS_RS_systemmove@ERXMISC2_EL1,EL2,3,0,0,0,Allowed
MRS_RS_systemmove@ERXMISC2_EL1,EL3,3,0,0,0,Allowed
MRS_RS_systemmove@ERXMISC3_EL1,EL0,0,0,3,0,Not allowed
MRS_RS_systemmove@ERXMISC3_EL1,EL1,3,0,0,0,Allowed
MRS_RS_systemmove@ERXMISC3_EL1,EL2,3,0,0,0,Allowed
MRS_RS_systemmove@ERXMISC3_EL1,EL3,3,0,0,0,Allowed
MRS_RS_systemmove@ERXPFGCDN_EL1,EL0,0,0,3,0,Not allowed
MRS_RS_systemmove@ERXPFGCDN_EL1,EL1,0,6,0,0,Not allowed
MRS_RS_systemmove@ERXPFGCDN_EL1,EL2,0,6,0,0,Not allowed
MRS_RS_systemmove@ERXPFGCDN_EL1,EL3,3,0,0,0,Allowed
MRS_RS_systemmove@ERXPFGCTL_EL1,EL0,0,0,3,0,Not allowed
MRS_RS_systemmove@ERXPFGCTL_EL1,EL1,0,6,0,0,Not allowed
MRS_RS_systemmove@ERXPFGCTL_EL1,EL2,0,6,0,0,Not allowed
MRS_RS_systemmove@ERXPFGCTL_EL1,EL3,3,0,0,0,Allowed
MRS_RS_systemmove@ERXPFGF_EL1,EL0,0,0,3,0,Not allowed
MRS_RS_systemmove@ERXPFGF_EL1,EL1,0,6,0,0,Not allowed
MRS_RS_systemmove@ERXPFGF_EL1,EL2,0,6,0,0,Not allowed
MRS_RS_systemmove@ERXPFGF_EL1,EL3,3,0,0,0,Allowed
MRS_RS_systemmove@ERXSTATUS_EL1,EL0,0,0,3,0,Not allowed
MRS_RS_systemmove@ERXSTATUS_EL1,EL1,3,0,0,0,Allowed
MRS_RS_systemmove@ERXSTATUS_EL1,EL2,3,0,0,0,Allowed
MRS_RS_systemmove@ERXSTATUS_EL1,EL3,3,0,0,0,Allowed
MRS_RS_systemmove@ESR_EL1,EL0,0,0,3,0,Not allowed
MRS_RS_systemmove@ESR_EL1,EL1,3,0,0,0,Allowed
MRS_RS_systemmove@ESR_EL1,EL2,3,0,0,0,Allowed
MRS_RS_systemmove@ESR_EL1,EL3,3,0,0,0,Allowed
MRS_RS_systemmove@ESR_EL2,EL0,0,0,3,0,Not allowed
MRS_RS_systemmove@ESR_EL2,EL1,0,0,3,0,Not allowed
MRS_RS_systemmove@ESR_EL2,EL2,3,0,0,0,Allowed
MRS_RS_systemmove@ESR_EL2,EL3,3,0,0,0,Allowed
MRS_RS_systemmove@ESR_EL3,EL0,0,0,3,0,Not allowed
MRS_RS_systemmove@ESR_EL3,EL1,0,0,3,0,Not allowed
MRS_RS_systemmove@ESR_EL3,EL2,0,0,3,0,Not allowed
MRS_RS_systemmove@ESR_EL3,EL3,3,0,0,0,Allowed
MRS_RS_systemmove@FAR_EL1,EL0,0,0,3,0,Not allowed
MRS_RS_systemmove@FAR_EL1,EL1,3,0,0,0,Allowed
MRS_RS_systemmove@FAR_EL1,EL2,3,0,0,0,Allowed
MRS_RS_systemmove@FAR_EL1,EL3,3,0,0,0,Allowed
MRS_RS_systemmove@FAR_EL2,EL0,0,0,3,0,Not allowed
MRS_RS_systemmove@FAR_EL2,EL1,0,0,3,0,Not allowed
MRS_RS_systemmove@FAR_EL2,EL2,3,0,0,0,Allowed
MRS_RS_systemmove@FAR_EL2,EL3,3,0,0,0,Allowed
MRS_RS_systemmove@FAR_EL3,EL0,0,0,3,0,Not allowed
MRS_RS_systemmove@FAR_EL3,EL1,0,0,3,0,Not allowed
MRS_RS_systemmove@FAR_EL3,EL2,0,0,3,0,Not allowed
MRS_RS_systemmove@FAR_EL3,EL3,3,0,0,0,Allowed
MRS_RS_systemmove@FPCR,EL0,3,0,0,0,Allowed
MRS_RS_systemmove@FPCR,EL1,3,0,0,0,Allowed
MRS_RS_systemmove@FPCR,EL2,3,0,0,0,Allowed
MRS_RS_systemmove@FPCR,EL3,3,0,0,0,Allowed
MRS_RS_systemmove@FPSR,EL0,3,0,0,0,Allowed
MRS_RS_systemmove@FPSR,EL1,3,0,0,0,Allowed
MRS_RS_systemmove@FPSR,EL2,3,0,0,0,Allowed
MRS_RS_systemmove@FPSR,EL3,3,0,0,0,Allowed
MRS_RS_systemmove@GCR_EL1,EL0,0,0,3,0,Not allowed
MRS_RS_systemmove@GCR_EL1,EL1,0,6,0,0,Not allowed
MRS_RS_systemmove@GCR_EL1,EL2,0,6,0,0,Not allowed
MRS_RS_systemmove@GCR_EL1,EL3,3,0,0,0,Allowed
MRS_RS_systemmove@GCSCRE0_EL1,EL0,0,0,3,0,Not allowed
MRS_RS_systemmove@GCSCRE0_EL1,EL1,3,0,0,0,Allowed
MRS_RS_systemmove@GCSCRE0_EL1,EL2,3,0,0,0,Allowed
MRS_RS_systemmove@GCSCRE0_EL1,EL3,3,0,0,0,Allowed
MRS_RS_systemmove@GCSCR_EL1,EL0,0,0,3,0,Not allowed
MRS_RS_systemmove@GCSCR_EL1,EL1,3,0,0,0,Allowed
MRS_RS_systemmove@GCSCR_EL1,EL2,3,0,0,0,Allowed
MRS_RS_systemmove@GCSCR_EL1,EL3,3,0,0,0,Allowed
MRS_RS_systemmove@GCSCR_EL2,EL0,0,0,3,0,Not allowed
MRS_RS_systemmove@GCSCR_EL2,EL1,0,0,3,0,Not allowed
MRS_RS_systemmove@GCSCR_EL2,EL2,3,0,0,0,Allowed
MRS_RS_systemmove@GCSCR_EL2,EL3,3,0,0,0,Allowed
MRS_RS_systemmove@GCSCR_EL3,EL0,0,0,3,0,Not allowed
MRS_RS_systemmove@GCSCR_EL3,EL1,0,0,3,0,Not allowed
MRS_RS_systemmove@GCSCR_EL3,EL2,0,0,3,0,Not allowed
MRS_RS_systemmove@GCSCR_EL3,EL3,3,0,0,0,Allowed
MRS_RS_systemmove@GCSPR_EL0,EL0,0,6,0,0,Not allowed
MRS_RS_systemmove@GCSPR_EL0,EL1,3,0,0,0,Allowed
MRS_RS_systemmove@GCSPR_EL0,EL2,3,0,0,0,Allowed
MRS_RS_systemmove@GCSPR_EL0,EL3,3,0,0,0,Allowed
MRS_RS_systemmove@GCSPR_EL1,EL0,0,0,3,0,Not allowed
MRS_RS_systemmove@GCSPR_EL1,EL1,3,0,0,0,Allowed
MRS_RS_systemmove@GCSPR_EL1,EL2,3,0,0,0,Allowed
MRS_RS_systemmove@GCSPR_EL1,EL3,3,0,0,0,Allowed
MRS_RS_systemmove@GCSPR_EL2,EL0,0,0,3,0,Not allowed
MRS_RS_systemmove@GCSPR_EL2,EL1,0,0,3,0,Not allowed
MRS_RS_systemmove@GCSPR_EL2,EL2,3,0,0,0,Allowed
MRS_RS_systemmove@GCSPR_EL2,EL3,3,0,0,0,Allowed
MRS_RS_systemmove@GCSPR_EL3,EL0,0,0,3,0,Not allowed
MRS_RS_systemmove@GCSPR_EL3,EL1,0,0,3,0,Not allowed
MRS_RS_systemmove@GCSPR_EL3,EL2,0,0,3,0,Not allowed
MRS_RS_systemmove@GCSPR_EL3,EL3,3,0,0,0,Allowed
MRS_RS_systemmove@GPCCR_EL3,EL0,0,0,3,0,Not allowed
MRS_RS_systemmove@GPCCR_EL3,EL1,0,0,3,0,Not allowed
MRS_RS_systemmove@GPCCR_EL3,EL2,0,0,3,0,Not allowed
MRS_RS_systemmove@GPCCR_EL3,EL3,3,0,0,0,Allowed
MRS_RS_systemmove@GPTBR_EL3,EL0,0,0,3,0,Not allowed
MRS_RS_systemmove@GPTBR_EL3,EL1,0,0,3,0,Not allowed
MRS_RS_systemmove@GPTBR_EL3,EL2,0,0,3,0,Not allowed
MRS_RS_systemmove@GPTBR_EL3,EL3,3,0,0,0,Allowed
MRS_RS_systemmove@HACR_EL2,EL0,0,0,3,0,Not allowed
MRS_RS_systemmove@HACR_EL2,EL1,0,0,3,0,Not allowed
MRS_RS_systemmove@HACR_EL2,EL2,3,0,0,0,Allowed
MRS_RS_systemmove@HACR_EL2,EL3,3,0,0,0,Allowed
MRS_RS_systemmove@HAFGRTR_EL2,EL0,0,0,3,0,Not allowed
MRS_RS_systemmove@HAFGRTR_EL2,EL1,0,0,3,0,Not allowed
MRS_RS_systemmove@HAFGRTR_EL2,EL2,3,0,0,0,Allowed
MRS_RS_systemmove@HAFGRTR_EL2,EL3,3,0,0,0,Allowed
MRS_RS_systemmove@HCRX_EL2,EL0,0,0,3,0,Not allowed
MRS_RS_systemmove@HCRX_EL2,EL1,0,0,3,0,Not allowed
MRS_RS_systemmove@HCRX_EL2,EL2,3,0,0,0,Allowed
MRS_RS_systemmove@HCRX_EL2,EL3,3,0,0,0,Allowed
MRS_RS_systemmove@HCR_EL2,EL0,0,0,3,0,Not allowed
MRS_RS_systemmove@HCR_EL2,EL1,0,0,3,0,Not allowed
MRS_RS_systemmove@HCR_EL2,EL2,3,0,0,0,Allowed
MRS_RS_systemmove@HCR_EL2,EL3,3,0,0,0,Allowed
MRS_RS_systemmove@HDFGRTR2_EL2,EL0,0,0,3,0,Not allowed
MRS_RS_systemmove@HDFGRTR2_EL2,EL1,0,0,3,0,Not allowed
MRS_RS_systemmove@HDFGRTR2_EL2,EL2,3,0,0,0,Allowed
MRS_RS_systemmove@HDFGRTR2_EL2,EL3,3,0,0,0,Allowed
MRS_RS_systemmove@HDFGRTR_EL2,EL0,0,0,3,0,Not allowed
MRS_RS_systemmove@HDFGRTR_EL2,EL1,0,0,3,0,Not allowed
MRS_RS_systemmove@HDFGRTR_EL2,EL2,3,0,0,0,Allowed
MRS_RS_systemmove@HDFGRTR_EL2,EL3,3,0,0,0,Allowed
MRS_RS_systemmove@HDFGWTR2_EL2,EL0,0,0,3,0,Not allowed
MRS_RS_systemmove@HDFGWTR2_EL2,EL1,0,0,3,0,Not allowed
MRS_RS_systemmove@HDFGWTR2_EL2,EL2,3,0,0,0,Allowed
MRS_RS_systemmove@HDFGWTR2_EL2,EL3,3,0,0,0,Allowed
MRS_RS_systemmove@HDFGWTR_EL2,EL0,0,0,3,0,Not allowed
MRS_RS_systemmove@HDFGWTR_EL2,EL1,0,0,3,0,Not allowed
MRS_RS_systemmove@HDFGWTR_EL2,EL2,3,0,0,0,Allowed
MRS_RS_systemmove@HDFGWTR_EL2,EL3,3,0,0,0,Allowed
MRS_RS_systemmove@HFGITR2_EL2,EL0,0,0,3,0,Not allowed
MRS_RS_systemmove@HFGITR2_EL2,EL1,0,0,3,0,Not allowed
MRS_RS_systemmove@HFGITR2_EL2,EL2,3,0,0,0,Allowed
MRS_RS_systemmove@HFGITR2_EL2,EL3,3,0,0,0,Allowed
MRS_RS_systemmove@HFGITR_EL2,EL0,0,0,3,0,Not allowed
MRS_RS_systemmove@HFGITR_EL2,EL1,0,0,3,0,Not allowed
MRS_RS_systemmove@HFGITR_EL2,EL2,3,0,0,0,Allowed
MRS_RS_systemmove@HFGITR_EL2,EL3,3,0,0,0,Allowed
MRS_RS_systemmove@HFGRTR2_EL2,EL0,0,0,3,0,Not allowed
MRS_RS_systemmove@HFGRTR2_EL2,EL1,0,0,3,0,Not allowed
MRS_RS_systemmove@HFGRTR2_EL2,EL2,3,0,0,0,Allowed
MRS_RS_systemmove@HFGRTR2_EL2,EL3,3,0,0,0,Allowed
MRS_RS_systemmove@HFGRTR_EL2,EL0,0,0,3,0,Not allowed
MRS_RS_systemmove@HFGRTR_EL2,EL1,0,0,3,0,Not allowed
MRS_RS_systemmove@HFGRTR_EL2,EL2,3,0,0,0,Allowed
MRS_RS_systemmove@HFGRTR_EL2,EL3,3,0,0,0,Allowed
MRS_RS_systemmove@HFGWTR2_EL2,EL0,0,0,3,0,Not allowed
MRS_RS_systemmove@HFGWTR2_EL2,EL1,0,0,3,0,Not allowed
MRS_RS_systemmove@HFGWTR2_EL2,EL2,3,0,0,0,Allowed
MRS_RS_systemmove@HFGWTR2_EL2,EL3,3,0,0,0,Allowed
MRS_RS_systemmove@HFGWTR_EL2,EL0,0,0,3,0,Not allowed
MRS_RS_systemmove@HFGWTR_EL2,EL1,0,0,3,0,Not allowed
MRS_RS_systemmove@HFGWTR_EL2,EL2,3,0,0,0,Allowed
MRS_RS_systemmove@HFGWTR_EL2,EL3,3,0,0,0,Allowed
MRS_RS_systemmove@HPFAR_EL2,EL0,0,0,3,0,Not allowed
MRS_RS_systemmove@HPFAR_EL2,EL1,0,0,3,0,Not allowed
MRS_RS_systemmove@HPFAR_EL2,EL2,3,0,0,0,Allowed
MRS_RS_systemmove@HPFAR_EL2,EL3,3,0,0,0,Allowed
MRS_RS_systemmove@HSTR_EL2,EL0,0,0,3,0,Not allowed
MRS_RS_systemmove@HSTR_EL2,EL1,0,0,3,0,Not allowed
MRS_RS_systemmove@HSTR_EL2,EL2,3,0,0,0,Allowed
MRS_RS_systemmove@HSTR_EL2,EL3,3,0,0,0,Allowed
MRS_RS_systemmove@ISR_EL1,EL0,0,0,3,0,Not allowed
MRS_RS_systemmove@ISR_EL1,EL1,3,0,0,0,Allowed
MRS_RS_systemmove@ISR_EL1,EL2,3,0,0,0,Allowed
MRS_RS_systemmove@ISR_EL1,EL3,3,0,0,0,Allowed
MRS_RS_systemmove@LORC_EL1,EL0,0,0,3,0,Not allowed
MRS_RS_systemmove@LORC_EL1,EL1,3,0,0,0,Allowed
MRS_RS_systemmove@LORC_EL1,EL2,3,0,0,0,Allowed
MRS_RS_systemmove@LORC_EL1,EL3,3,0,0,0,Allowed
MRS_RS_systemmove@LOREA_EL1,EL0,0,0,3,0,Not allowed
MRS_RS_systemmove@LOREA_EL1,EL1,3,0,0,0,Allowed
MRS_RS_systemmove@LOREA_EL1,EL2,3,0,0,0,Allowed
MRS_RS_systemmove@LOREA_EL1,EL3,3,0,0,0,Allowed
MRS_RS_systemmove@LORID_EL1,EL0,0,0,3,0,Not allowed
MRS_RS_systemmove@LORID_EL1,EL1,3,0,0,0,Allowed
MRS_RS_systemmove@LORID_EL1,EL2,3,0,0,0,Allowed
MRS_RS_systemmove@LORID_EL1,EL3,3,0,0,0,Allowed
MRS_RS_systemmove@LORN_EL1,EL0,0,0,3,0,Not allowed
MRS_RS_systemmove@LORN_EL1,EL1,3,0,0,0,Allowed
MRS_RS_systemmove@LORN_EL1,EL2,3,0,0,0,Allowed
MRS_RS_systemmove@LORN_EL1,EL3,3,0,0,0,Allowed
MRS_RS_systemmove@LORSA_EL1,EL0,0,0,3,0,Not allowed
MRS_RS_systemmove@LORSA_EL1,EL1,3,0,0,0,Allowed
MRS_RS_systemmove@LORSA_EL1,EL2,3,0,0,0,Allowed
MRS_RS_systemmove@LORSA_EL1,EL3,3,0,0,0,Allowed
MRS_RS_systemmove@MAIR2_EL1,EL0,0,0,3,0,Not allowed
MRS_RS_systemmove@MAIR2_EL1,EL1,3,0,0,0,Allowed
MRS_RS_systemmove@MAIR2_EL1,EL2,3,0,0,0,Allowed
MRS_RS_systemmove@MAIR2_EL1,EL3,3,0,0,0,Allowed
MRS_RS_systemmove@MAIR2_EL2,EL0,0,0,3,0,Not allowed
MRS_RS_systemmove@MAIR2_EL2,EL1,0,0,3,0,Not allowed
MRS_RS_systemmove@MAIR2_EL2,EL2,3,0,0,0,Allowed
MRS_RS_systemmove@MAIR2_EL2,EL3,3,0,0,0,Allowed
MRS_RS_systemmove@MAIR2_EL3,EL0,0,0,3,0,Not allowed
MRS_RS_systemmove@MAIR2_EL3,EL1,0,0,3,0,Not allowed
MRS_RS_systemmove@MAIR2_EL3,EL2,0,0,3,0,Not allowed
MRS_RS_systemmove@MAIR2_EL3,EL3,3,0,0,0,Allowed
MRS_RS_systemmove@MAIR_EL1,EL0,0,0,3,0,Not allowed
MRS_RS_systemmove@MAIR_EL1,EL1,3,0,0,0,Allowed
MRS_RS_systemmove@MAIR_EL1,EL2,3,0,0,0,Allowed
MRS_RS_systemmove@MAIR_EL1,EL3,3,0,0,0,Allowed
MRS_RS_systemmove@MAIR_EL2,EL0,0,0,3,0,Not allowed
MRS_RS_systemmove@MAIR_EL2,EL1,0,0,3,0,Not allowed
MRS_RS_systemmove@MAIR_EL2,EL2,3,0,0,0,Allowed
MRS_RS_systemmove@MAIR_EL2,EL3,3,0,0,0,Allowed
MRS_RS_systemmove@MAIR_EL3,EL0,0,0,3,0,Not allowed
MRS_RS_systemmove@MAIR_EL3,EL1,0,0,3,0,Not allowed
MRS_RS_systemmove@MAIR_EL3,EL2,0,0,3,0,Not allowed
MRS_RS_systemmove@MAIR_EL3,EL3,3,0,0,0,Allowed
MRS_RS_systemmove@MDCCINT_EL1,EL0,0,0,3,0,Not allowed
MRS_RS_systemmove@MDCCINT_EL1,EL1,6,0,0,0,Allowed
MRS_RS_systemmove@MDCCINT_EL1,EL2,6,0,0,0,Allowed
MRS_RS_systemmove@MDCCINT_EL1,EL3,6,0,0,0,Allowed
MRS_RS_systemmove@MDCCSR_EL0,EL0,6,0,0,0,Allowed
MRS_RS_systemmove@MDCCSR_EL0,EL1,6,0,0,0,Allowed
MRS_RS_systemmove@MDCCSR_EL0,EL2,6,0,0,0,Allowed
MRS_RS_systemmove@MDCCSR_EL0,EL3,6,0,0,0,Allowed
MRS_RS_systemmove@MDCR_EL2,EL0,0,0,3,0,Not allowed
MRS_RS_systemmove@MDCR_EL2,EL1,0,0,3,0,Not allowed
MRS_RS_systemmove@MDCR_EL2,EL2,3,0,0,0,Allowed
MRS_RS_systemmove@MDCR_EL2,EL3,3,0,0,0,Allowed
MRS_RS_systemmove@MDCR_EL3,EL0,0,0,3,0,Not allowed
MRS_RS_systemmove@MDCR_EL3,EL1,0,0,3,0,Not allowed
MRS_RS_systemmove@MDCR_EL3,EL2,0,0,3,0,Not allowed
MRS_RS_systemmove@MDCR_EL3,EL3,3,0,0,0,Allowed
MRS_RS_systemmove@MDRAR_EL1,EL0,0,0,3,0,Not allowed
MRS_RS_systemmove@MDRAR_EL1,EL1,3,0,0,0,Allowed
MRS_RS_systemmove@MDRAR_EL1,EL2,3,0,0,0,Allowed
MRS_RS_systemmove@MDRAR_EL1,EL3,3,0,0,0,Allowed
MRS_RS_systemmove@MDSCR_EL1,EL0,0,0,3,0,Not allowed
MRS_RS_systemmove@MDSCR_EL1,EL1,3,0,0,0,Allowed
MRS_RS_systemmove@MDSCR_EL1,EL2,3,0,0,0,Allowed
MRS_RS_systemmove@MDSCR_EL1,EL3,3,0,0,0,Allowed
MRS_RS_systemmove@MDSELR_EL1,EL0,0,0,3,0,Not allowed
MRS_RS_systemmove@MDSELR_EL1,EL1,0,6,0,0,Not allowed
MRS_RS_systemmove@MDSELR_EL1,EL2,0,6,0,0,Not allowed
MRS_RS_systemmove@MDSELR_EL1,EL3,3,0,0,0,Allowed
MRS_RS_systemmove@MFAR_EL3,EL0,0,0,3,0,Not allowed
MRS_RS_systemmove@MFAR_EL3,EL1,0,0,3,0,Not allowed
MRS_RS_systemmove@MFAR_EL3,EL2,0,0,3,0,Not allowed
MRS_RS_systemmove@MFAR_EL3,EL3,3,0,0,0,Allowed
MRS_RS_systemmove@MPAMHCR_EL2,EL0,0,0,3,0,Not allowed
MRS_RS_systemmove@MPAMHCR_EL2,EL1,0,0,3,0,Not allowed
MRS_RS_systemmove@MPAMHCR_EL2,EL2,0,6,0,0,Not allowed
MRS_RS_systemmove@MPAMHCR_EL2,EL3,3,0,0,0,Allowed
MRS_RS_systemmove@MPAMSM_EL1,EL0,0,0,3,0,Not allowed
MRS_RS_systemmove@MPAMSM_EL1,EL1,0,6,0,0,Not allowed
MRS_RS_systemmove@MPAMSM_EL1,EL2,0,6,0,0,Not allowed
MRS_RS_systemmove@MPAMSM_EL1,EL3,3,0,0,0,Allowed
MRS_RS_systemmove@OSDLR_EL1,EL0,0,0,3,0,Not allowed
MRS_RS_systemmove@OSDLR_EL1,EL1,3,0,0,0,Allowed
MRS_RS_systemmove@OSDLR_EL1,EL2,3,0,0,0,Allowed
MRS_RS_systemmove@OSDLR_EL1,EL3,3,0,0,0,Allowed
MRS_RS_systemmove@OSDTRRX_EL1,EL0,0,0,3,0,Not allowed
MRS_RS_systemmove@OSDTRRX_EL1,EL1,6,0,0,0,Allowed
MRS_RS_systemmove@OSDTRRX_EL1,EL2,6,0,0,0,Allowed
MRS_RS_systemmove@OSDTRRX_EL1,EL3,6,0,0,0,Allowed
MRS_RS_systemmove@OSDTRTX_EL1,EL0,0,0,3,0,Not allowed
MRS_RS_systemmove@OSDTRTX_EL1,EL1,6,0,0,0,Allowed
MRS_RS_systemmove@OSDTRTX_EL1,EL2,6,0,0,0,Allowed
MRS_RS_systemmove@OSDTRTX_EL1,EL3,6,0,0,0,Allowed
MRS_RS_systemmove@OSECCR_EL1,EL0,0,0,3,0,Not allowed
MRS_RS_systemmove@OSECCR_EL1,EL1,3,0,0,0,Allowed
MRS_RS_systemmove@OSECCR_EL1,EL2,3,0,0,0,Allowed
MRS_RS_systemmove@OSECCR_EL1,EL3,3,0,0,0,Allowed
MRS_RS_systemmove@OSLAR_EL1,EL0,0,0,3,0,Not allowed
MRS_RS_systemmove@OSLAR_EL1,EL1,0,0,3,0,Not allowed
MRS_RS_systemmove@OSLAR_EL1,EL2,0,0,3,0,Not allowed
MRS_RS_systemmove@OSLAR_EL1,EL3,0,0,3,0,Not allowed
MRS_RS_systemmove@OSLSR_EL1,EL0,0,0,3,0,Not allowed
MRS_RS_systemmove@OSLSR_EL1,EL1,3,0,0,0,Allowed
MRS_RS_systemmove@OSLSR_EL1,EL2,3,0,0,0,Allowed
MRS_RS_systemmove@OSLSR_EL1,EL3,3,0,0,0,Allowed
MRS_RS_systemmove@PAR_EL1,EL0,0,0,3,0,Not allowed
MRS_RS_systemmove@PAR_EL1,EL1,3,0,0,0,Allowed
MRS_RS_systemmove@PAR_EL1,EL2,3,0,0,0,Allowed
MRS_RS_systemmove@PAR_EL1,EL3,3,0,0,0,Allowed
MRS_RS_systemmove@PFAR_EL1,EL0,0,0,3,0,Not allowed
MRS_RS_systemmove@PFAR_EL1,EL1,3,0,0,0,Allowed
MRS_RS_systemmove@PFAR_EL1,EL2,3,0,0,0,Allowed
MRS_RS_systemmove@PFAR_EL1,EL3,3,0,0,0,Allowed
MRS_RS_systemmove@PFAR_EL2,EL0,0,0,3,0,Not allowed
MRS_RS_systemmove@PFAR_EL2,EL1,0,0,3,0,Not allowed
MRS_RS_systemmove@PFAR_EL2,EL2,3,0,0,0,Allowed
MRS_RS_systemmove@PFAR_EL2,EL3,3,0,0,0,Allowed
MRS_RS_systemmove@PIRE0_EL1,EL0,0,0,3,0,Not allowed
MRS_RS_systemmove@PIRE0_EL1,EL1,3,0,0,0,Allowed
MRS_RS_systemmove@PIRE0_EL1,EL2,3,0,0,0,Allowed
MRS_RS_systemmove@PIRE0_EL1,EL3,3,0,0,0,Allowed
MRS_RS_systemmove@PIRE0_EL2,EL0,0,0,3,0,Not allowed
MRS_RS_systemmove@PIRE0_EL2,EL1,0,0,3,0,Not allowed
MRS_RS_systemmove@PIRE0_EL2,EL2,3,0,0,0,Allowed
MRS_RS_systemmove@PIRE0_EL2,EL3,3,0,0,0,Allowed
MRS_RS_systemmove@PIR_EL1,EL0,0,0,3,0,Not allowed
MRS_RS_systemmove@PIR_EL1,EL1,3,0,0,0,Allowed
MRS_RS_systemmove@PIR_EL1,EL2,3,0,0,0,Allowed
MRS_RS_systemmove@PIR_EL1,EL3,3,0,0,0,Allowed
MRS_RS_systemmove@PIR_EL2,EL0,0,0,3,0,Not allowed
MRS_RS_systemmove@PIR_EL2,EL1,0,0,3,0,Not allowed
MRS_RS_systemmove@PIR_EL2,EL2,3,0,0,0,Allowed
MRS_RS_systemmove@PIR_EL2,EL3,3,0,0,0,Allowed
MRS_RS_systemmove@PIR_EL3,EL0,0,0,3,0,Not allowed
MRS_RS_systemmove@PIR_EL3,EL1,0,0,3,0,Not allowed
MRS_RS_systemmove@PIR_EL3,EL2,0,0,3,0,Not allowed
MRS_RS_systemmove@PIR_EL3,EL3,3,0,0,0,Allowed
MRS_RS_systemmove@POR_EL0,EL0,0,6,0,0,Not allowed
MRS_RS_systemmove@POR_EL0,EL1,3,0,0,0,Allowed
MRS_RS_systemmove@POR_EL0,EL2,3,0,0,0,Allowed
MRS_RS_systemmove@POR_EL0,EL3,3,0,0,0,Allowed
MRS_RS_systemmove@POR_EL1,EL0,0,0,3,0,Not allowed
MRS_RS_systemmove@POR_EL1,EL1,3,0,0,0,Allowed
MRS_RS_systemmove@POR_EL1,EL2,3,0,0,0,Allowed
MRS_RS_systemmove@POR_EL1,EL3,3,0,0,0,Allowed
MRS_RS_systemmove@POR_EL2,EL0,0,0,3,0,Not allowed
MRS_RS_systemmove@POR_EL2,EL1,0,0,3,0,Not allowed
MRS_RS_systemmove@POR_EL2,EL2,3,0,0,0,Allowed
MRS_RS_systemmove@POR_EL2,EL3,3,0,0,0,Allowed
MRS_RS_systemmove@POR_EL3,EL0,0,0,3,0,Not allowed
MRS_RS_systemmove@POR_EL3,EL1,0,0,3,0,Not allowed
MRS_RS_systemmove@POR_EL3,EL2,0,0,3,0,Not allowed
MRS_RS_systemmove@POR_EL3,EL3,3,0,0,0,Allowed
MRS_RS_systemmove@RCWMASK_EL1,EL0,0,0,3,0,Not allowed
MRS_RS_systemmove@RCWMASK_EL1,EL1,0,6,0,0,Not allowed
MRS_RS_systemmove@RCWMASK_EL1,EL2,0,6,0,0,Not allowed
MRS_RS_systemmove@RCWMASK_EL1,EL3,3,0,0,0,Allowed
MRS_RS_systemmove@RCWSMASK_EL1,EL0,0,0,3,0,Not allowed
MRS_RS_systemmove@RCWSMASK_EL1,EL1,0,6,0,0,Not allowed
MRS_RS_systemmove@RCWSMASK_EL1,EL2,0,6,0,0,Not allowed
MRS_RS_systemmove@RCWSMASK_EL1,EL3,3,0,0,0,Allowed
MRS_RS_systemmove@RGSR_EL1,EL0,0,0,3,0,Not allowed
MRS_RS_systemmove@RGSR_EL1,EL1,0,6,0,0,Not allowed
MRS_RS_systemmove@RGSR_EL1,EL2,0,6,0,0,Not allowed
MRS_RS_systemmove@RGSR_EL1,EL3,3,0,0,0,Allowed
MRS_RS_systemmove@RMR_EL3,EL0,0,0,3,0,Not allowed
MRS_RS_systemmove@RMR_EL3,EL1,0,0,3,0,Not allowed
MRS_RS_systemmove@RMR_EL3,EL2,0,0,3,0,Not allowed
MRS_RS_systemmove@RMR_EL3,EL3,3,0,0,0,Allowed
MRS_RS_systemmove@RNDR,EL0,3,0,0,0,Allowed
MRS_RS_systemmove@RNDR,EL1,3,0,0,0,Allowed
MRS_RS_systemmove@RNDR,EL2,3,0,0,0,Allowed
MRS_RS_systemmove@RNDR,EL3,3,0,0,0,Allowed
MRS_RS_systemmove@RNDRRS,EL0,3,0,0,0,Allowed
MRS_RS_systemmove@RNDRRS,EL1,3,0,0,0,Allowed
MRS_RS_systemmove@RNDRRS,EL2,3,0,0,0,Allowed
MRS_RS_systemmove@RNDRRS,EL3,3,0,0,0,Allowed
MRS_RS_systemmove@RVBAR_EL3,EL0,0,0,3,0,Not allowed
MRS_RS_systemmove@RVBAR_EL3,EL1,0,0,3,0,Not allowed
MRS_RS_systemmove@RVBAR_EL3,EL2,0,0,3,0,Not allowed
MRS_RS_systemmove@RVBAR_EL3,EL3,3,0,0,0,Allowed
MRS_RS_systemmove@S2PIR_EL2,EL0,0,0,3,0,Not allowed
MRS_RS_systemmove@S2PIR_EL2,EL1,0,0,3,0,Not allowed
MRS_RS_systemmove@S2PIR_EL2,EL2,3,0,0,0,Allowed
MRS_RS_systemmove@S2PIR_EL2,EL3,3,0,0,0,Allowed
MRS_RS_systemmove@S2POR_EL1,EL0,0,0,3,0,Not allowed
MRS_RS_systemmove@S2POR_EL1,EL1,3,0,0,0,Allowed
MRS_RS_systemmove@S2POR_EL1,EL2,3,0,0,0,Allowed
MRS_RS_systemmove@S2POR_EL1,EL3,3,0,0,0,Allowed
MRS_RS_systemmove@SCR_EL3,EL0,0,0,3,0,Not allowed
MRS_RS_systemmove@SCR_EL3,EL1,0,0,3,0,Not allowed
MRS_RS_systemmove@SCR_EL3,EL2,0,0,3,0,Not allowed
MRS_RS_systemmove@SCR_EL3,EL3,3,0,0,0,Allowed
MRS_RS_systemmove@SCTLR2_EL1,EL0,0,0,3,0,Not allowed
MRS_RS_systemmove@SCTLR2_EL1,EL1,3,0,0,0,Allowed
MRS_RS_systemmove@SCTLR2_EL1,EL2,3,0,0,0,Allowed
MRS_RS_systemmove@SCTLR2_EL1,EL3,3,0,0,0,Allowed
MRS_RS_systemmove@SCTLR2_EL2,EL0,0,0,3,0,Not allowed
MRS_RS_systemmove@SCTLR2_EL2,EL1,0,0,3,0,Not allowed
MRS_RS_systemmove@SCTLR2_EL2,EL2,3,0,0,0,Allowed
MRS_RS_systemmove@SCTLR2_EL2,EL3,3,0,0,0,Allowed
MRS_RS_systemmove@SCTLR2_EL3,EL0,0,0,3,0,Not allowed
MRS_RS_systemmove@SCTLR2_EL3,EL1,0,0,3,0,Not allowed
MRS_RS_systemmove@SCTLR2_EL3,EL2,0,0,3,0,Not allowed
MRS_RS_systemmove@SCTLR2_EL3,EL3,3,0,0,0,Allowed
MRS_RS_systemmove@SCTLR_EL1,EL0,0,0,3,0,Not allowed
MRS_RS_systemmove@SCTLR_EL1,EL1,3,0,0,0,Allowed
MRS_RS_systemmove@SCTLR_EL1,EL2,3,0,0,0,Allowed
MRS_RS_systemmove@SCTLR_EL1,EL3,3,0,0,0,Allowed
MRS_RS_systemmove@SCTLR_EL2,EL0,0,0,3,0,Not allowed
MRS_RS_systemmove@SCTLR_EL2,EL1,0,0,3,0,Not allowed
MRS_RS_systemmove@SCTLR_EL2,EL2,3,0,0,0,Allowed
MRS_RS_systemmove@SCTLR_EL2,EL3,3,0,0,0,Allowed
MRS_RS_systemmove@SCTLR_EL3,EL0,0,0,3,0,Not allowed
MRS_RS_systemmove@SCTLR_EL3,EL1,0,0,3,0,Not allowed
MRS_RS_systemmove@SCTLR_EL3,EL2,0,0,3,0,Not allowed
MRS_RS_systemmove@SCTLR_EL3,EL3,3,0,0,0,Allowed
MRS_RS_systemmove@SCXTNUM_EL0,EL0,3,0,0,0,Allowed
MRS_RS_systemmove@SCXTNUM_EL0,EL1,3,0,0,0,Allowed
MRS_RS_systemmove@SCXTNUM_EL0,EL2,3,0,0,0,Allowed
MRS_RS_systemmove@SCXTNUM_EL0,EL3,3,0,0,0,Allowed
MRS_RS_systemmove@SCXTNUM_EL1,EL0,0,0,3,0,Not allowed
MRS_RS_systemmove@SCXTNUM_EL1,EL1,3,0,0,0,Allowed
MRS_RS_systemmove@SCXTNUM_EL1,EL2,3,0,0,0,Allowed
MRS_RS_systemmove@SCXTNUM_EL1,EL3,3,0,0,0,Allowed
MRS_RS_systemmove@SCXTNUM_EL2,EL0,0,0,3,0,Not allowed
MRS_RS_systemmove@SCXTNUM_EL2,EL1,0,0,3,0,Not allowed
MRS_RS_systemmove@SCXTNUM_EL2,EL2,3,0,0,0,Allowed
MRS_RS_systemmove@SCXTNUM_EL2,EL3,3,0,0,0,Allowed
MRS_RS_systemmove@SCXTNUM_EL3,EL0,0,0,3,0,Not allowed
MRS_RS_systemmove@SCXTNUM_EL3,EL1,0,0,3,0,Not allowed
MRS_RS_systemmove@SCXTNUM_EL3,EL2,0,0,3,0,Not allowed
MRS_RS_systemmove@SCXTNUM_EL3,EL3,3,0,0,0,Allowed
MRS_RS_systemmove@SMCR_EL3,EL0,0,0,3,0,Not allowed
MRS_RS_systemmove@SMCR_EL3,EL1,0,0,3,0,Not allowed
MRS_RS_systemmove@SMCR_EL3,EL2,0,0,3,0,Not allowed
MRS_RS_systemmove@SMCR_EL3,EL3,0,6,0,0,Not allowed
MRS_RS_systemmove@SMIDR_EL1,EL0,0,6,0,0,Not allowed
MRS_RS_systemmove@SMIDR_EL1,EL1,3,0,0,0,Allowed
MRS_RS_systemmove@SMIDR_EL1,EL2,3,0,0,0,Allowed
MRS_RS_systemmove@SMIDR_EL1,EL3,3,0,0,0,Allowed
MRS_RS_systemmove@SPSR_EL1,EL0,0,0,3,0,Not allowed
MRS_RS_systemmove@SPSR_EL1,EL1,3,0,0,0,Allowed
MRS_RS_systemmove@SPSR_EL1,EL2,3,0,0,0,Allowed
MRS_RS_systemmove@SPSR_EL1,EL3,3,0,0,0,Allowed
MRS_RS_systemmove@SPSR_EL2,EL0,0,0,3,0,Not allowed
MRS_RS_systemmove@SPSR_EL2,EL1,0,0,3,0,Not allowed
MRS_RS_systemmove@SPSR_EL2,EL2,3,0,0,0,Allowed
MRS_RS_systemmove@SPSR_EL2,EL3,3,0,0,0,Allowed
MRS_RS_systemmove@SPSR_EL3,EL0,0,0,3,0,Not allowed
MRS_RS_systemmove@SPSR_EL3,EL1,0,0,3,0,Not allowed
MRS_RS_systemmove@SPSR_EL3,EL2,0,0,3,0,Not allowed
MRS_RS_systemmove@SPSR_EL3,EL3,3,0,0,0,Allowed
MRS_RS_systemmove@SPSR_abt,EL0,0,0,3,0,Not allowed
MRS_RS_systemmove@SPSR_abt,EL1,0,0,3,0,Not allowed
MRS_RS_systemmove@SPSR_abt,EL2,3,0,0,0,Allowed
MRS_RS_systemmove@SPSR_abt,EL3,3,0,0,0,Allowed
MRS_RS_systemmove@SPSR_fiq,EL0,0,0,3,0,Not allowed
MRS_RS_systemmove@SPSR_fiq,EL1,0,0,3,0,Not allowed
MRS_RS_systemmove@SPSR_fiq,EL2,3,0,0,0,Allowed
MRS_RS_systemmove@SPSR_fiq,EL3,3,0,0,0,Allowed
MRS_RS_systemmove@SPSR_irq,EL0,0,0,3,0,Not allowed
MRS_RS_systemmove@SPSR_irq,EL1,0,0,3,0,Not allowed
MRS_RS_systemmove@SPSR_irq,EL2,3,0,0,0,Allowed
MRS_RS_systemmove@SPSR_irq,EL3,3,0,0,0,Allowed
MRS_RS_systemmove@SPSR_und,EL0,0,0,3,0,Not allowed
MRS_RS_systemmove@SPSR_und,EL1,0,0,3,0,Not allowed
MRS_RS_systemmove@SPSR_und,EL2,3,0,0,0,Allowed
MRS_RS_systemmove@SPSR_und,EL3,3,0,0,0,Allowed
MRS_RS_systemmove@SP_EL0,EL0,0,0,3,0,Not allowed
MRS_RS_systemmove@SP_EL0,EL1,0,0,3,0,Not allowed
MRS_RS_systemmove@SP_EL0,EL2,0,0,3,0,Not allowed
MRS_RS_systemmove@SP_EL0,EL3,0,0,3,0,Not allowed
MRS_RS_systemmove@SP_EL1,EL0,0,0,3,0,Not allowed
MRS_RS_systemmove@SP_EL1,EL1,0,0,3,0,Not allowed
MRS_RS_systemmove@SP_EL1,EL2,3,0,0,0,Allowed
MRS_RS_systemmove@SP_EL1,EL3,3,0,0,0,Allowed
MRS_RS_systemmove@SP_EL2,EL0,0,0,3,0,Not allowed
MRS_RS_systemmove@SP_EL2,EL1,0,0,3,0,Not allowed
MRS_RS_systemmove@SP_EL2,EL2,0,0,3,0,Not allowed
MRS_RS_systemmove@SP_EL2,EL3,3,0,0,0,Allowed
MRS_RS_systemmove@TCR2_EL1,EL0,0,0,3,0,Not allowed
MRS_RS_systemmove@TCR2_EL1,EL1,3,0,0,0,Allowed
MRS_RS_systemmove@TCR2_EL1,EL2,3,0,0,0,Allowed
MRS_RS_systemmove@TCR2_EL1,EL3,3,0,0,0,Allowed
MRS_RS_systemmove@TCR2_EL2,EL0,0,0,3,0,Not allowed
MRS_RS_systemmove@TCR2_EL2,EL1,0,0,3,0,Not allowed
MRS_RS_systemmove@TCR2_EL2,EL2,3,0,0,0,Allowed
MRS_RS_systemmove@TCR2_EL2,EL3,3,0,0,0,Allowed
MRS_RS_systemmove@TCR_EL1,EL0,0,0,3,0,Not allowed
MRS_RS_systemmove@TCR_EL1,EL1,3,0,0,0,Allowed
MRS_RS_systemmove@TCR_EL1,EL2,3,0,0,0,Allowed
MRS_RS_systemmove@TCR_EL1,EL3,3,0,0,0,Allowed
MRS_RS_systemmove@TCR_EL2,EL0,0,0,3,0,Not allowed
MRS_RS_systemmove@TCR_EL2,EL1,0,0,3,0,Not allowed
MRS_RS_systemmove@TCR_EL2,EL2,3,0,0,0,Allowed
MRS_RS_systemmove@TCR_EL2,EL3,3,0,0,0,Allowed
MRS_RS_systemmove@TCR_EL3,EL0,0,0,3,0,Not allowed
MRS_RS_systemmove@TCR_EL3,EL1,0,0,3,0,Not allowed
MRS_RS_systemmove@TCR_EL3,EL2,0,0,3,0,Not allowed
MRS_RS_systemmove@TCR_EL3,EL3,3,0,0,0,Allowed
MRS_RS_systemmove@TPIDR2_EL0,EL0,0,6,0,0,Not allowed
MRS_RS_systemmove@TPIDR2_EL0,EL1,3,0,0,0,Allowed
MRS_RS_systemmove@TPIDR2_EL0,EL2,3,0,0,0,Allowed
MRS_RS_systemmove@TPIDR2_EL0,EL3,3,0,0,0,Allowed
MRS_RS_systemmove@TPIDRRO_EL0,EL0,3,0,0,0,Allowed
MRS_RS_systemmove@TPIDRRO_EL0,EL1,3,0,0,0,Allowed
MRS_RS_systemmove@TPIDRRO_EL0,EL2,3,0,0,0,Allowed
MRS_RS_systemmove@TPIDRRO_EL0,EL3,3,0,0,0,Allowed
MRS_RS_systemmove@TPIDR_EL0,EL0,3,0,0,0,Allowed
MRS_RS_systemmove@TPIDR_EL0,EL1,3,0,0,0,Allowed
MRS_RS_systemmove@TPIDR_EL0,EL2,3,0,0,0,Allowed
MRS_RS_systemmove@TPIDR_EL0,EL3,3,0,0,0,Allowed
MRS_RS_systemmove@TPIDR_EL1,EL0,0,0,3,0,Not allowed
MRS_RS_systemmove@TPIDR_EL1,EL1,3,0,0,0,Allowed
MRS_RS_systemmove@TPIDR_EL1,EL2,3,0,0,0,Allowed
MRS_RS_systemmove@TPIDR_EL1,EL3,3,0,0,0,Allowed
MRS_RS_systemmove@TPIDR_EL2,EL0,0,0,3,0,Not allowed
MRS_RS_systemmove@TPIDR_EL2,EL1,0,0,3,0,Not allowed
MRS_RS_systemmove@TPIDR_EL2,EL2,3,0,0,0,Allowed
MRS_RS_systemmove@TPIDR_EL2,EL3,3,0,0,0,Allowed
MRS_RS_systemmove@TPIDR_EL3,EL0,0,0,3,0,Not allowed
MRS_RS_systemmove@TPIDR_EL3,EL1,0,0,3,0,Not allowed
MRS_RS_systemmove@TPIDR_EL3,EL2,0,0,3,0,Not allowed
MRS_RS_systemmove@TPIDR_EL3,EL3,3,0,0,0,Allowed
MRS_RS_systemmove@TTBR0_EL1,EL0,0,0,3,0,Not allowed
MRS_RS_systemmove@TTBR0_EL1,EL1,3,0,0,0,Allowed
MRS_RS_systemmove@TTBR0_EL1,EL2,3,0,0,0,Allowed
MRS_RS_systemmove@TTBR0_EL1,EL3,3,0,0,0,Allowed
MRS_RS_systemmove@TTBR0_EL2,EL0,0,0,3,0,Not allowed
MRS_RS_systemmove@TTBR0_EL2,EL1,0,0,3,0,Not allowed
MRS_RS_systemmove@TTBR0_EL2,EL2,3,0,0,0,Allowed
MRS_RS_systemmove@TTBR0_EL2,EL3,3,0,0,0,Allowed
MRS_RS_systemmove@TTBR0_EL3,EL0,0,0,3,0,Not allowed
MRS_RS_systemmove@TTBR0_EL3,EL1,0,0,3,0,Not allowed
MRS_RS_systemmove@TTBR0_EL3,EL2,0,0,3,0,Not allowed
MRS_RS_systemmove@TTBR0_EL3,EL3,3,0,0,0,Allowed
MRS_RS_systemmove@TTBR1_EL1,EL0,0,0,3,0,Not allowed
MRS_RS_systemmove@TTBR1_EL1,EL1,3,0,0,0,Allowed
MRS_RS_systemmove@TTBR1_EL1,EL2,3,0,0,0,Allowed
MRS_RS_systemmove@TTBR1_EL1,EL3,3,0,0,0,Allowed
MRS_RS_systemmove@TTBR1_EL2,EL0,0,0,3,0,Not allowed
MRS_RS_systemmove@TTBR1_EL2,EL1,0,0,3,0,Not allowed
MRS_RS_systemmove@TTBR1_EL2,EL2,3,0,0,0,Allowed
MRS_RS_systemmove@TTBR1_EL2,EL3,3,0,0,0,Allowed
MRS_RS_systemmove@VBAR_EL1,EL0,0,0,3,0,Not allowed
MRS_RS_systemmove@VBAR_EL1,EL1,3,0,0,0,Allowed
MRS_RS_systemmove@VBAR_EL1,EL2,3,0,0,0,Allowed
MRS_RS_systemmove@VBAR_EL1,EL3,3,0,0,0,Allowed
MRS_RS_systemmove@VBAR_EL2,EL0,0,0,3,0,Not allowed
MRS_RS_systemmove@VBAR_EL2,EL1,0,0,3,0,Not allowed
MRS_RS_systemmove@VBAR_EL2,EL2,3,0,0,0,Allowed
MRS_RS_systemmove@VBAR_EL2,EL3,3,0,0,0,Allowed
MRS_RS_systemmove@VBAR_EL3,EL0,0,0,3,0,Not allowed
MRS_RS_systemmove@VBAR_EL3,EL1,0,0,3,0,Not allowed
MRS_RS_systemmove@VBAR_EL3,EL2,0,0,3,0,Not allowed
MRS_RS_systemmove@VBAR_EL3,EL3,3,0,0,0,Allowed
MRS_RS_systemmove@VDISR_EL2,EL0,0,0,3,0,Not allowed
MRS_RS_systemmove@VDISR_EL2,EL1,0,0,3,0,Not allowed
MRS_RS_systemmove@VDISR_EL2,EL2,3,0,0,0,Allowed
MRS_RS_systemmove@VDISR_EL2,EL3,3,0,0,0,Allowed
MRS_RS_systemmove@VNCR_EL2,EL0,0,0,3,0,Not allowed
MRS_RS_systemmove@VNCR_EL2,EL1,0,0,3,0,Not allowed
MRS_RS_systemmove@VNCR_EL2,EL2,3,0,0,0,Allowed
MRS_RS_systemmove@VNCR_EL2,EL3,3,0,0,0,Allowed
MRS_RS_systemmove@VSESR_EL2,EL0,0,0,3,0,Not allowed
MRS_RS_systemmove@VSESR_EL2,EL1,0,0,3,0,Not allowed
MRS_RS_systemmove@VSESR_EL2,EL2,3,0,0,0,Allowed
MRS_RS_systemmove@VSESR_EL2,EL3,3,0,0,0,Allowed
MRS_RS_systemmove@VTCR_EL2,EL0,0,0,3,0,Not allowed
MRS_RS_systemmove@VTCR_EL2,EL1,0,0,3,0,Not allowed
MRS_RS_systemmove@VTCR_EL2,EL2,3,0,0,0,Allowed
MRS_RS_systemmove@VTCR_EL2,EL3,3,0,0,0,Allowed
MRS_RS_systemmove@VTTBR_EL2,EL0,0,0,3,0,Not allowed
MRS_RS_systemmove@VTTBR_EL2,EL1,0,0,3,0,Not allowed
MRS_RS_systemmove@VTTBR_EL2,EL2,3,0,0,0,Allowed
MRS_RS_systemmove@VTTBR_EL2,EL3,3,0,0,0,Allowed
MSR_SI_pstate,EL0,1,0,0,0,Allowed
MSR_SI_pstate,EL1,1,0,0,0,Allowed
MSR_SI_pstate,EL2,1,0,0,0,Allowed
MSR_SI_pstate,EL3,1,0,0,0,Allowed
MSR_SR_systemmove@ACCDATA_EL1,EL0,0,0,3,0,Not allowed
MSR_SR_systemmove@ACCDATA_EL1,EL1,0,6,0,0,Not allowed
MSR_SR_systemmove@ACCDATA_EL1,EL2,0,6,0,0,Not allowed
MSR_SR_systemmove@ACCDATA_EL1,EL3,3,0,0,0,Allowed
MSR_SR_systemmove@ACTLR_EL1,EL0,0,0,3,0,Not allowed
MSR_SR_systemmove@ACTLR_EL1,EL1,3,0,0,0,Allowed
MSR_SR_systemmove@ACTLR_EL1,EL2,3,0,0,0,Allowed
MSR_SR_systemmove@ACTLR_EL1,EL3,3,0,0,0,Allowed
MSR_SR_systemmove@ACTLR_EL2,EL0,0,0,3,0,Not allowed
MSR_SR_systemmove@ACTLR_EL2,EL1,0,0,3,0,Not allowed
MSR_SR_systemmove@ACTLR_EL2,EL2,3,0,0,0,Allowed
MSR_SR_systemmove@ACTLR_EL2,EL3,3,0,0,0,Allowed
MSR_SR_systemmove@ACTLR_EL3,EL0,0,0,3,0,Not allowed
MSR_SR_systemmove@ACTLR_EL3,EL1,0,0,3,0,Not allowed
MSR_SR_systemmove@ACTLR_EL3,EL2,0,0,3,0,Not allowed
MSR_SR_systemmove@ACTLR_EL3,EL3,3,0,0,0,Allowed
MSR_SR_systemmove@AFSR0_EL1,EL0,0,0,3,0,Not allowed
MSR_SR_systemmove@AFSR0_EL1,EL1,3,0,0,0,Allowed
MSR_SR_systemmove@AFSR0_EL1,EL2,3,0,0,0,Allowed
MSR_SR_systemmove@AFSR0_EL1,EL3,3,0,0,0,Allowed
MSR_SR_systemmove@AFSR0_EL2,EL0,0,0,3,0,Not allowed
MSR_SR_systemmove@AFSR0_EL2,EL1,0,0,3,0,Not allowed
MSR_SR_systemmove@AFSR0_EL2,EL2,3,0,0,0,Allowed
MSR_SR_systemmove@AFSR0_EL2,EL3,3,0,0,0,Allowed
MSR_SR_systemmove@AFSR0_EL3,EL0,0,0,3,0,Not allowed
MSR_SR_systemmove@AFSR0_EL3,EL1,0,0,3,0,Not allowed
MSR_SR_systemmove@AFSR0_EL3,EL2,0,0,3,0,Not allowed
MSR_SR_systemmove@AFSR0_EL3,EL3,3,0,0,0,Allowed
MSR_SR_systemmove@AFSR1_EL1,EL0,0,0,3,0,Not allowed
MSR_SR_systemmove@AFSR1_EL1,EL1,3,0,0,0,Allowed
MSR_SR_systemmove@AFSR1_EL1,EL2,3,0,0,0,Allowed
MSR_SR_systemmove@AFSR1_EL1,EL3,3,0,0,0,Allowed
MSR_SR_systemmove@AFSR1_EL2,EL0,0,0,3,0,Not allowed
MSR_SR_systemmove@AFSR1_EL2,EL1,0,0,3,0,Not allowed
MSR_SR_systemmove@AFSR1_EL2,EL2,3,0,0,0,Allowed
MSR_SR_systemmove@AFSR1_EL2,EL3,3,0,0,0,Allowed
MSR_SR_systemmove@AFSR1_EL3,EL0,0,0,3,0,Not allowed
MSR_SR_systemmove@AFSR1_EL3,EL1,0,0,3,0,Not allowed
MSR_SR_systemmove@AFSR1_EL3,EL2,0,0,3,0,Not allowed
MSR_SR_systemmove@AFSR1_EL3,EL3,3,0,0,0,Allowed
MSR_SR_systemmove@AMAIR2_EL1,EL0,0,0,3,0,Not allowed
MSR_SR_systemmove@AMAIR2_EL1,EL1,3,0,0,0,Allowed
MSR_SR_systemmove@AMAIR2_EL1,EL2,3,0,0,0,Allowed
MSR_SR_systemmove@AMAIR2_EL1,EL3,3,0,0,0,Allowed
MSR_SR_systemmove@AMAIR2_EL2,EL0,0,0,3,0,Not allowed
MSR_SR_systemmove@AMAIR2_EL2,EL1,0,0,3,0,Not allowed
MSR_SR_systemmove@AMAIR2_EL2,EL2,3,0,0,0,Allowed
MSR_SR_systemmove@AMAIR2_EL2,EL3,3,0,0,0,Allowed
MSR_SR_systemmove@AMAIR2_EL3,EL0,0,0,3,0,Not allowed
MSR_SR_systemmove@AMAIR2_EL3,EL1,0,0,3,0,Not allowed
MSR_SR_systemmove@AMAIR2_EL3,EL2,0,0,3,0,Not allowed
MSR_SR_systemmove@AMAIR2_EL3,EL3,3,0,0,0,Allowed
MSR_SR_systemmove@AMAIR_EL1,EL0,0,0,3,0,Not allowed
MSR_SR_systemmove@AMAIR_EL1,EL1,3,0,0,0,Allowed
MSR_SR_systemmove@AMAIR_EL1,EL2,3,0,0,0,Allowed
MSR_SR_systemmove@AMAIR_EL1,EL3,3,0,0,0,Allowed
MSR_SR_systemmove@AMAIR_EL2,EL0,0,0,3,0,Not allowed
MSR_SR_systemmove@AMAIR_EL2,EL1,0,0,3,0,Not allowed
MSR_SR_systemmove@AMAIR_EL2,EL2,3,0,0,0,Allowed
MSR_SR_systemmove@AMAIR_EL2,EL3,3,0,0,0,Allowed
MSR_SR_systemmove@AMAIR_EL3,EL0,0,0,3,0,Not allowed
MSR_SR_systemmove@AMAIR_EL3,EL1,0,0,3,0,Not allowed
MSR_SR_systemmove@AMAIR_EL3,EL2,0,0,3,0,Not allowed
MSR_SR_systemmove@AMAIR_EL3,EL3,3,0,0,0,Allowed
MSR_SR_systemmove@APDAKeyHi_EL1,EL0,0,0,3,0,Not allowed
MSR_SR_systemmove@APDAKeyHi_EL1,EL1,3,0,0,0,Allowed
MSR_SR_systemmove@APDAKeyHi_EL1,EL2,3,0,0,0,Allowed
MSR_SR_systemmove@APDAKeyHi_EL1,EL3,3,0,0,0,Allowed
MSR_SR_systemmove@APDAKeyLo_EL1,EL0,0,0,3,0,Not allowed
MSR_SR_systemmove@APDAKeyLo_EL1,EL1,3,0,0,0,Allowed
MSR_SR_systemmove@APDAKeyLo_EL1,EL2,3,0,0,0,Allowed
MSR_SR_systemmove@APDAKeyLo_EL1,EL3,3,0,0,0,Allowed
MSR_SR_systemmove@APDBKeyHi_EL1,EL0,0,0,3,0,Not allowed
MSR_SR_systemmove@APDBKeyHi_EL1,EL1,3,0,0,0,Allowed
MSR_SR_systemmove@APDBKeyHi_EL1,EL2,3,0,0,0,Allowed
MSR_SR_systemmove@APDBKeyHi_EL1,EL3,3,0,0,0,Allowed
MSR_SR_systemmove@APDBKeyLo_EL1,EL0,0,0,3,0,Not allowed
MSR_SR_systemmove@APDBKeyLo_EL1,EL1,3,0,0,0,Allowed
MSR_SR_systemmove@APDBKeyLo_EL1,EL2,3,0,0,0,Allowed
MSR_SR_systemmove@APDBKeyLo_EL1,EL3,3,0,0,0,Allowed
MSR_SR_systemmove@APGAKeyHi_EL1,EL0,0,0,3,0,Not allowed
MSR_SR_systemmove@APGAKeyHi_EL1,EL1,3,0,0,0,Allowed
MSR_SR_systemmove@APGAKeyHi_EL1,EL2,3,0,0,0,Allowed
MSR_SR_systemmove@APGAKeyHi_EL1,EL3,3,0,0,0,Allowed
MSR_SR_systemmove@APGAKeyLo_EL1,EL0,0,0,3,0,Not allowed
MSR_SR_systemmove@APGAKeyLo_EL1,EL1,3,0,0,0,Allowed
MSR_SR_systemmove@APGAKeyLo_EL1,EL2,3,0,0,0,Allowed
MSR_SR_systemmove@APGAKeyLo_EL1,EL3,3,0,0,0,Allowed
MSR_SR_systemmove@APIAKeyHi_EL1,EL0,0,0,3,0,Not allowed
MSR_SR_systemmove@APIAKeyHi_EL1,EL1,3,0,0,0,Allowed
MSR_SR_systemmove@APIAKeyHi_EL1,EL2,3,0,0,0,Allowed
MSR_SR_systemmove@APIAKeyHi_EL1,EL3,3,0,0,0,Allowed
MSR_SR_systemmove@APIAKeyLo_EL1,EL0,0,0,3,0,Not allowed
MSR_SR_systemmove@APIAKeyLo_EL1,EL1,3,0,0,0,Allowed
MSR_SR_systemmove@APIAKeyLo_EL1,EL2,3,0,0,0,Allowed
MSR_SR_systemmove@APIAKeyLo_EL1,EL3,3,0,0,0,Allowed
MSR_SR_systemmove@APIBKeyHi_EL1,EL0,0,0,3,0,Not allowed
MSR_SR_systemmove@APIBKeyHi_EL1,EL1,3,0,0,0,Allowed
MSR_SR_systemmove@APIBKeyHi_EL1,EL2,3,0,0,0,Allowed
MSR_SR_systemmove@APIBKeyHi_EL1,EL3,3,0,0,0,Allowed
MSR_SR_systemmove@APIBKeyLo_EL1,EL0,0,0,3,0,Not allowed
MSR_SR_systemmove@APIBKeyLo_EL1,EL1,3,0,0,0,Allowed
MSR_SR_systemmove@APIBKeyLo_EL1,EL2,3,0,0,0,Allowed
MSR_SR_systemmove@APIBKeyLo_EL1,EL3,3,0,0,0,Allowed
MSR_SR_systemmove@CONTEXTIDR_EL1,EL0,0,0,3,0,Not allowed
MSR_SR_systemmove@CONTEXTIDR_EL1,EL1,3,0,0,0,Allowed
MSR_SR_systemmove@CONTEXTIDR_EL1,EL2,3,0,0,0,Allowed
MSR_SR_systemmove@CONTEXTIDR_EL1,EL3,3,0,0,0,Allowed
MSR_SR_systemmove@CONTEXTIDR_EL2,EL0,0,0,3,0,Not allowed
MSR_SR_systemmove@CONTEXTIDR_EL2,EL1,0,0,3,0,Not allowed
MSR_SR_systemmove@CONTEXTIDR_EL2,EL2,3,0,0,0,Allowed
MSR_SR_systemmove@CONTEXTIDR_EL2,EL3,3,0,0,0,Allowed
MSR_SR_systemmove@CPACR_EL1,EL0,0,0,3,0,Not allowed
MSR_SR_systemmove@CPACR_EL1,EL1,3,0,0,0,Allowed
MSR_SR_systemmove@CPACR_EL1,EL2,3,0,0,0,Allowed
MSR_SR_systemmove@CPACR_EL1,EL3,3,0,0,0,Allowed
MSR_SR_systemmove@CPTR_EL2,EL0,0,0,3,0,Not allowed
MSR_SR_systemmove@CPTR_EL2,EL1,0,0,3,0,Not allowed
MSR_SR_systemmove@CPTR_EL2,EL2,3,0,0,0,Allowed
MSR_SR_systemmove@CPTR_EL2,EL3,3,0,0,0,Allowed
MSR_SR_systemmove@CPTR_EL3,EL0,0,0,3,0,Not allowed
MSR_SR_systemmove@CPTR_EL3,EL1,0,0,3,0,Not allowed
MSR_SR_systemmove@CPTR_EL3,EL2,0,0,3,0,Not allowed
MSR_SR_systemmove@CPTR_EL3,EL3,3,0,0,0,Allowed
MSR_SR_systemmove@CSSELR_EL1,EL0,0,0,3,0,Not allowed
MSR_SR_systemmove@CSSELR_EL1,EL1,3,0,0,0,Allowed
MSR_SR_systemmove@CSSELR_EL1,EL2,3,0,0,0,Allowed
MSR_SR_systemmove@CSSELR_EL1,EL3,3,0,0,0,Allowed
MSR_SR_systemmove@DBGAUTHSTATUS_EL1,EL0,0,0,3,0,Not allowed
MSR_SR_systemmove@DBGAUTHSTATUS_EL1,EL1,0,0,3,0,Not allowed
MSR_SR_systemmove@DBGAUTHSTATUS_EL1,EL2,0,0,3,0,Not allowed
MSR_SR_systemmove@DBGAUTHSTATUS_EL1,EL3,0,0,3,0,Not allowed
MSR_SR_systemmove@DBGCLAIMCLR_EL1,EL0,0,0,3,0,Not allowed
MSR_SR_systemmove@DBGCLAIMCLR_EL1,EL1,3,0,0,0,Allowed
MSR_SR_systemmove@DBGCLAIMCLR_EL1,EL2,3,0,0,0,Allowed
MSR_SR_systemmove@DBGCLAIMCLR_EL1,EL3,3,0,0,0,Allowed
MSR_SR_systemmove@DBGCLAIMSET_EL1,EL0,0,0,3,0,Not allowed
MSR_SR_systemmove@DBGCLAIMSET_EL1,EL1,3,0,0,0,Allowed
MSR_SR_systemmove@DBGCLAIMSET_EL1,EL2,3,0,0,0,Allowed
MSR_SR_systemmove@DBGCLAIMSET_EL1,EL3,3,0,0,0,Allowed
MSR_SR_systemmove@DBGDTRRX_EL0,EL0,3,0,0,0,Allowed
MSR_SR_systemmove@DBGDTRRX_EL0,EL1,3,0,0,0,Allowed
MSR_SR_systemmove@DBGDTRRX_EL0,EL2,3,0,0,0,Allowed
MSR_SR_systemmove@DBGDTRRX_EL0,EL3,3,0,0,0,Allowed
MSR_SR_systemmove@DBGDTRTX_EL0,EL0,3,0,0,0,Allowed
MSR_SR_systemmove@DBGDTRTX_EL0,EL1,3,0,0,0,Allowed
MSR_SR_systemmove@DBGDTRTX_EL0,EL2,3,0,0,0,Allowed
MSR_SR_systemmove@DBGDTRTX_EL0,EL3,3,0,0,0,Allowed
MSR_SR_systemmove@DBGDTR_EL0,EL0,3,0,0,0,Allowed
MSR_SR_systemmove@DBGDTR_EL0,EL1,3,0,0,0,Allowed
MSR_SR_systemmove@DBGDTR_EL0,EL2,3,0,0,0,Allowed
MSR_SR_systemmove@DBGDTR_EL0,EL3,3,0,0,0,Allowed
MSR_SR_systemmove@DBGPRCR_EL1,EL0,0,0,3,0,Not allowed
MSR_SR_systemmove@DBGPRCR_EL1,EL1,3,0,0,0,Allowed
MSR_SR_systemmove@DBGPRCR_EL1,EL2,3,0,0,0,Allowed
MSR_SR_systemmove@DBGPRCR_EL1,EL3,3,0,0,0,Allowed
MSR_SR_systemmove@DISR_EL1,EL0,0,0,3,0,Not allowed
MSR_SR_systemmove@DISR_EL1,EL1,3,0,0,0,Allowed
MSR_SR_systemmove@DISR_EL1,EL2,3,0,0,0,Allowed
MSR_SR_systemmove@DISR_EL1,EL3,3,0,0,0,Allowed
MSR_SR_systemmove@ELR_EL1,EL0,0,0,3,0,Not allowed
MSR_SR_systemmove@ELR_EL1,EL1,3,0,0,0,Allowed
MSR_SR_systemmove@ELR_EL1,EL2,3,0,0,0,Allowed
MSR_SR_systemmove@ELR_EL1,EL3,3,0,0,0,Allowed
MSR_SR_systemmove@ELR_EL2,EL0,0,0,3,0,Not allowed
MSR_SR_systemmove@ELR_EL2,EL1,0,0,3,0,Not allowed
MSR_SR_systemmove@ELR_EL2,EL2,3,0,0,0,Allowed
MSR_SR_systemmove@ELR_EL2,EL3,3,0,0,0,Allowed
MSR_SR_systemmove@ELR_EL3,EL0,0,0,3,0,Not allowed
MSR_SR_systemmove@ELR_EL3,EL1,0,0,3,0,Not allowed
MSR_SR_systemmove@ELR_EL3,EL2,0,0,3,0,Not allowed
MSR_SR_systemmove@ELR_EL3,EL3,3,0,0,0,Allowed
MSR_SR_systemmove@ERRIDR_EL1,EL0,0,0,3,0,Not allowed
MSR_SR_systemmove@ERRIDR_EL1,EL1,0,0,3,0,Not allowed
MSR_SR_systemmove@ERRIDR_EL1,EL2,0,0,3,0,Not allowed
MSR_SR_systemmove@ERRIDR_EL1,EL3,0,0,3,0,Not allowed
MSR_SR_systemmove@ERRSELR_EL1,EL0,0,0,3,0,Not allowed
MSR_SR_systemmove@ERRSELR_EL1,EL1,3,0,0,0,Allowed
MSR_SR_systemmove@ERRSELR_EL1,EL2,3,0,0,0,Allowed
MSR_SR_systemmove@ERRSELR_EL1,EL3,3,0,0,0,Allowed
MSR_SR_systemmove@ERXADDR_EL1,EL0,0,0,3,0,Not allowed
MSR_SR_systemmove@ERXADDR_EL1,EL1,3,0,0,0,Allowed
MSR_SR_systemmove@ERXADDR_EL1,EL2,3,0,0,0,Allowed
MSR_SR_systemmove@ERXADDR_EL1,EL3,3,0,0,0,Allowed
MSR_SR_systemmove@ERXCTLR_EL1,EL0,0,0,3,0,Not allowed
MSR_SR_systemmove@ERXCTLR_EL1,EL1,3,0,0,0,Allowed
MSR_SR_systemmove@ERXCTLR_EL1,EL2,3,0,0,0,Allowed
MSR_SR_systemmove@ERXCTLR_EL1,EL3,3,0,0,0,Allowed
MSR_SR_systemmove@ERXFR_EL1,EL0,0,0,3,0,Not allowed
MSR_SR_systemmove@ERXFR_EL1,EL1,0,0,3,0,Not allowed
MSR_SR_systemmove@ERXFR_EL1,EL2,0,0,3,0,Not allowed
MSR_SR_systemmove@ERXFR_EL1,EL3,0,0,3,0,Not allowed
MSR_SR_systemmove@ERXGSR_EL1,EL0,0,0,3,0,Not allowed
MSR_SR_systemmove@ERXGSR_EL1,EL1,0,0,3,0,Not allowed
MSR_SR_systemmove@ERXGSR_EL1,EL2,0,0,3,0,Not allowed
MSR_SR_systemmove@ERXGSR_EL1,EL3,0,0,3,0,Not allowed
MSR_SR_systemmove@ERXMISC0_EL1,EL0,0,0,3,0,Not allowed
MSR_SR_systemmove@ERXMISC0_EL1,EL1,3,0,0,0,Allowed
MSR_SR_systemmove@ERXMISC0_EL1,EL2,3,0,0,0,Allowed
MSR_SR_systemmove@ERXMISC0_EL1,EL3,3,0,0,0,Allowed
MSR_SR_systemmove@ERXMISC1_EL1,EL0,0,0,3,0,Not allowed
MSR_SR_systemmove@ERXMISC1_EL1,EL1,3,0,0,0,Allowed
MSR_SR_systemmove@ERXMISC1_EL1,EL2,3,0,0,0,Allowed
MSR_SR_systemmove@ERXMISC1_EL1,EL3,3,0,0,0,Allowed
MSR_SR_systemmove@ERXMISC2_EL1,EL0,0,0,3,0,Not allowed
MSR_SR_systemmove@ERXMISC2_EL1,EL1,3,0,0,0,Allowed
MSR_SR_systemmove@ERXMISC2_EL1,EL2,3,0,0,0,Allowed
MSR_SR_systemmove@ERXMISC2_EL1,EL3,3,0,0,0,Allowed
MSR_SR_systemmove@ERXMISC3_EL1,EL0,0,0,3,0,Not allowed
MSR_SR_systemmove@ERXMISC3_EL1,EL1,3,0,0,0,Allowed
MSR_SR_systemmove@ERXMISC3_EL1,EL2,3,0,0,0,Allowed
MSR_SR_systemmove@ERXMISC3_EL1,EL3,3,0,0,0,Allowed
MSR_SR_systemmove@ERXPFGCDN_EL1,EL0,0,0,3,0,Not allowed
MSR_SR_systemmove@ERXPFGCDN_EL1,EL1,0,6,0,0,Not allowed
MSR_SR_systemmove@ERXPFGCDN_EL1,EL2,0,6,0,0,Not allowed
MSR_SR_systemmove@ERXPFGCDN_EL1,EL3,3,0,0,0,Allowed
MSR_SR_systemmove@ERXPFGCTL_EL1,EL0,0,0,3,0,Not allowed
MSR_SR_systemmove@ERXPFGCTL_EL1,EL1,0,6,0,0,Not allowed
MSR_SR_systemmove@ERXPFGCTL_EL1,EL2,0,6,0,0,Not allowed
MSR_SR_systemmove@ERXPFGCTL_EL1,EL3,3,0,0,0,Allowed
MSR_SR_systemmove@ERXPFGF_EL1,EL0,0,0,3,0,Not allowed
MSR_SR_systemmove@ERXPFGF_EL1,EL1,0,0,3,0,Not allowed
MSR_SR_systemmove@ERXPFGF_EL1,EL2,0,0,3,0,Not allowed
MSR_SR_systemmove@ERXPFGF_EL1,EL3,0,0,3,0,Not allowed
MSR_SR_systemmove@ERXSTATUS_EL1,EL0,0,0,3,0,Not allowed
MSR_SR_systemmove@ERXSTATUS_EL1,EL1,3,0,0,0,Allowed
MSR_SR_systemmove@ERXSTATUS_EL1,EL2,3,0,0,0,Allowed
MSR_SR_systemmove@ERXSTATUS_EL1,EL3,3,0,0,0,Allowed
MSR_SR_systemmove@ESR_EL1,EL0,0,0,3,0,Not allowed
MSR_SR_systemmove@ESR_EL1,EL1,3,0,0,0,Allowed
MSR_SR_systemmove@ESR_EL1,EL2,3,0,0,0,Allowed
MSR_SR_systemmove@ESR_EL1,EL3,3,0,0,0,Allowed
MSR_SR_systemmove@ESR_EL2,EL0,0,0,3,0,Not allowed
MSR_SR_systemmove@ESR_EL2,EL1,0,0,3,0,Not allowed
MSR_SR_systemmove@ESR_EL2,EL2,3,0,0,0,Allowed
MSR_SR_systemmove@ESR_EL2,EL3,3,0,0,0,Allowed
MSR_SR_systemmove@ESR_EL3,EL0,0,0,3,0,Not allowed
MSR_SR_systemmove@ESR_EL3,EL1,0,0,3,0,Not allowed
MSR_SR_systemmove@ESR_EL3,EL2,0,0,3,0,Not allowed
MSR_SR_systemmove@ESR_EL3,EL3,3,0,0,0,Allowed
MSR_SR_systemmove@FAR_EL1,EL0,0,0,3,0,Not allowed
MSR_SR_systemmove@FAR_EL1,EL1,3,0,0,0,Allowed
MSR_SR_systemmove@FAR_EL1,EL2,3,0,0,0,Allowed
MSR_SR_systemmove@FAR_EL1,EL3,3,0,0,0,Allowed
MSR_SR_systemmove@FAR_EL2,EL0,0,0,3,0,Not allowed
MSR_SR_systemmove@FAR_EL2,EL1,0,0,3,0,Not allowed
MSR_SR_systemmove@FAR_EL2,EL2,3,0,0,0,Allowed
MSR_SR_systemmove@FAR_EL2,EL3,3,0,0,0,Allowed
MSR_SR_systemmove@FAR_EL3,EL0,0,0,3,0,Not allowed
MSR_SR_systemmove@FAR_EL3,EL1,0,0,3,0,Not allowed
MSR_SR_systemmove@FAR_EL3,EL2,0,0,3,0,Not allowed
MSR_SR_systemmove@FAR_EL3,EL3,3,0,0,0,Allowed
MSR_SR_systemmove@FPCR,EL0,3,0,0,0,Allowed
MSR_SR_systemmove@FPCR,EL1,3,0,0,0,Allowed
MSR_SR_systemmove@FPCR,EL2,3,0,0,0,Allowed
MSR_SR_systemmove@FPCR,EL3,3,0,0,0,Allowed
MSR_SR_systemmove@FPSR,EL0,3,0,0,0,Allowed
MSR_SR_systemmove@FPSR,EL1,3,0,0,0,Allowed
MSR_SR_systemmove@FPSR,EL2,3,0,0,0,Allowed
MSR_SR_systemmove@FPSR,EL3,3,0,0,0,Allowed
MSR_SR_systemmove@GCR_EL1,EL0,0,0,3,0,Not allowed
MSR_SR_systemmove@GCR_EL1,EL1,0,6,0,0,Not allowed
MSR_SR_systemmove@GCR_EL1,EL2,0,6,0,0,Not allowed
MSR_SR_systemmove@GCR_EL1,EL3,3,0,0,0,Allowed
MSR_SR_systemmove@GCSCRE0_EL1,EL0,0,0,3,0,Not allowed
MSR_SR_systemmove@GCSCRE0_EL1,EL1,3,0,0,0,Allowed
MSR_SR_systemmove@GCSCRE0_EL1,EL2,3,0,0,0,Allowed
MSR_SR_systemmove@GCSCRE0_EL1,EL3,3,0,0,0,Allowed
MSR_SR_systemmove@GCSCR_EL1,EL0,0,0,3,0,Not allowed
MSR_SR_systemmove@GCSCR_EL1,EL1,3,0,0,0,Allowed
MSR_SR_systemmove@GCSCR_EL1,EL2,3,0,0,0,Allowed
MSR_SR_systemmove@GCSCR_EL1,EL3,3,0,0,0,Allowed
MSR_SR_systemmove@GCSCR_EL2,EL0,0,0,3,0,Not allowed
MSR_SR_systemmove@GCSCR_EL2,EL1,0,0,3,0,Not allowed
MSR_SR_systemmove@GCSCR_EL2,EL2,3,0,0,0,Allowed
MSR_SR_systemmove@GCSCR_EL2,EL3,3,0,0,0,Allowed
MSR_SR_systemmove@GCSCR_EL3,EL0,0,0,3,0,Not allowed
MSR_SR_systemmove@GCSCR_EL3,EL1,0,0,3,0,Not allowed
MSR_SR_systemmove@GCSCR_EL3,EL2,0,0,3,0,Not allowed
MSR_SR_systemmove@GCSCR_EL3,EL3,3,0,0,0,Allowed
MSR_SR_systemmove@GCSPR_EL0,EL0,0,0,3,0,Not allowed
MSR_SR_systemmove@GCSPR_EL0,EL1,3,0,0,0,Allowed
MSR_SR_systemmove@GCSPR_EL0,EL2,3,0,0,0,Allowed
MSR_SR_systemmove@GCSPR_EL0,EL3,3,0,0,0,Allowed
MSR_SR_systemmove@GCSPR_EL1,EL0,0,0,3,0,Not allowed
MSR_SR_systemmove@GCSPR_EL1,EL1,3,0,0,0,Allowed
MSR_SR_systemmove@GCSPR_EL1,EL2,3,0,0,0,Allowed
MSR_SR_systemmove@GCSPR_EL1,EL3,3,0,0,0,Allowed
MSR_SR_systemmove@GCSPR_EL2,EL0,0,0,3,0,Not allowed
MSR_SR_systemmove@GCSPR_EL2,EL1,0,0,3,0,Not allowed
MSR_SR_systemmove@GCSPR_EL2,EL2,3,0,0,0,Allowed
MSR_SR_systemmove@GCSPR_EL2,EL3,3,0,0,0,Allowed
MSR_SR_systemmove@GCSPR_EL3,EL0,0,0,3,0,Not allowed
MSR_SR_systemmove@GCSPR_EL3,EL1,0,0,3,0,Not allowed
MSR_SR_systemmove@GCSPR_EL3,EL2,0,0,3,0,Not allowed
MSR_SR_systemmove@GCSPR_EL3,EL3,3,0,0,0,Allowed
MSR_SR_systemmove@GPCCR_EL3,EL0,0,0,3,0,Not allowed
MSR_SR_systemmove@GPCCR_EL3,EL1,0,0,3,0,Not allowed
MSR_SR_systemmove@GPCCR_EL3,EL2,0,0,3,0,Not allowed
MSR_SR_systemmove@GPCCR_EL3,EL3,3,0,0,0,Allowed
MSR_SR_systemmove@GPTBR_EL3,EL0,0,0,3,0,Not allowed
MSR_SR_systemmove@GPTBR_EL3,EL1,0,0,3,0,Not allowed
MSR_SR_systemmove@GPTBR_EL3,EL2,0,0,3,0,Not allowed
MSR_SR_systemmove@GPTBR_EL3,EL3,3,0,0,0,Allowed
MSR_SR_systemmove@HACR_EL2,EL0,0,0,3,0,Not allowed
MSR_SR_systemmove@HACR_EL2,EL1,0,0,3,0,Not allowed
MSR_SR_systemmove@HACR_EL2,EL2,3,0,0,0,Allowed
MSR_SR_systemmove@HACR_EL2,EL3,3,0,0,0,Allowed
MSR_SR_systemmove@HAFGRTR_EL2,EL0,0,0,3,0,Not allowed
MSR_SR_systemmove@HAFGRTR_EL2,EL1,0,0,3,0,Not allowed
MSR_SR_systemmove@HAFGRTR_EL2,EL2,3,0,0,0,Allowed
MSR_SR_systemmove@HAFGRTR_EL2,EL3,3,0,0,0,Allowed
MSR_SR_systemmove@HCRX_EL2,EL0,0,0,3,0,Not allowed
MSR_SR_systemmove@HCRX_EL2,EL1,0,0,3,0,Not allowed
MSR_SR_systemmove@HCRX_EL2,EL2,3,0,0,0,Allowed
MSR_SR_systemmove@HCRX_EL2,EL3,3,0,0,0,Allowed
MSR_SR_systemmove@HCR_EL2,EL0,0,0,3,0,Not allowed
MSR_SR_systemmove@HCR_EL2,EL1,0,0,3,0,Not allowed
MSR_SR_systemmove@HCR_EL2,EL2,3,0,0,0,Allowed
MSR_SR_systemmove@HCR_EL2,EL3,3,0,0,0,Allowed
MSR_SR_systemmove@HDFGRTR2_EL2,EL0,0,0,3,0,Not allowed
MSR_SR_systemmove@HDFGRTR2_EL2,EL1,0,0,3,0,Not allowed
MSR_SR_systemmove@HDFGRTR2_EL2,EL2,3,0,0,0,Allowed
MSR_SR_systemmove@HDFGRTR2_EL2,EL3,3,0,0,0,Allowed
MSR_SR_systemmove@HDFGRTR_EL2,EL0,0,0,3,0,Not allowed
MSR_SR_systemmove@HDFGRTR_EL2,EL1,0,0,3,0,Not allowed
MSR_SR_systemmove@HDFGRTR_EL2,EL2,3,0,0,0,Allowed
MSR_SR_systemmove@HDFGRTR_EL2,EL3,3,0,0,0,Allowed
MSR_SR_systemmove@HDFGWTR2_EL2,EL0,0,0,3,0,Not allowed
MSR_SR_systemmove@HDFGWTR2_EL2,EL1,0,0,3,0,Not allowed
MSR_SR_systemmove@HDFGWTR2_EL2,EL2,3,0,0,0,Allowed
MSR_SR_systemmove@HDFGWTR2_EL2,EL3,3,0,0,0,Allowed
MSR_SR_systemmove@HDFGWTR_EL2,EL0,0,0,3,0,Not allowed
MSR_SR_systemmove@HDFGWTR_EL2,EL1,0,0,3,0,Not allowed
MSR_SR_systemmove@HDFGWTR_EL2,EL2,3,0,0,0,Allowed
MSR_SR_systemmove@HDFGWTR_EL2,EL3,3,0,0,0,Allowed
MSR_SR_systemmove@HFGITR2_EL2,EL0,0,0,3,0,Not allowed
MSR_SR_systemmove@HFGITR2_EL2,EL1,0,0,3,0,Not allowed
MSR_SR_systemmove@HFGITR2_EL2,EL2,3,0,0,0,Allowed
MSR_SR_systemmove@HFGITR2_EL2,EL3,3,0,0,0,Allowed
MSR_SR_systemmove@HFGITR_EL2,EL0,0,0,3,0,Not allowed
MSR_SR_systemmove@HFGITR_EL2,EL1,0,0,3,0,Not allowed
MSR_SR_systemmove@HFGITR_EL2,EL2,3,0,0,0,Allowed
MSR_SR_systemmove@HFGITR_EL2,EL3,3,0,0,0,Allowed
MSR_SR_systemmove@HFGRTR2_EL2,EL0,0,0,3,0,Not allowed
MSR_SR_systemmove@HFGRTR2_EL2,EL1,0,0,3,0,Not allowed
MSR_SR_systemmove@HFGRTR2_EL2,EL2,3,0,0,0,Allowed
MSR_SR_systemmove@HFGRTR2_EL2,EL3,3,0,0,0,Allowed
MSR_SR_systemmove@HFGRTR_EL2,EL0,0,0,3,0,Not allowed
MSR_SR_systemmove@HFGRTR_EL2,EL1,0,0,3,0,Not allowed
MSR_SR_systemmove@HFGRTR_EL2,EL2,3,0,0,0,Allowed
MSR_SR_systemmove@HFGRTR_EL2,EL3,3,0,0,0,Allowed
MSR_SR_systemmove@HFGWTR2_EL2,EL0,0,0,3,0,Not allowed
MSR_SR_systemmove@HFGWTR2_EL2,EL1,0,0,3,0,Not allowed
MSR_SR_systemmove@HFGWTR2_EL2,EL2,3,0,0,0,Allowed
MSR_SR_systemmove@HFGWTR2_EL2,EL3,3,0,0,0,Allowed
MSR_SR_systemmove@HFGWTR_EL2,EL0,0,0,3,0,Not allowed
MSR_SR_systemmove@HFGWTR_EL2,EL1,0,0,3,0,Not allowed
MSR_SR_systemmove@HFGWTR_EL2,EL2,3,0,0,0,Allowed
MSR_SR_systemmove@HFGWTR_EL2,EL3,3,0,0,0,Allowed
MSR_SR_systemmove@HPFAR_EL2,EL0,0,0,3,0,Not allowed
MSR_SR_systemmove@HPFAR_EL2,EL1,0,0,3,0,Not allowed
MSR_SR_systemmove@HPFAR_EL2,EL2,3,0,0,0,Allowed
MSR_SR_systemmove@HPFAR_EL2,EL3,3,0,0,0,Allowed
MSR_SR_systemmove@HSTR_EL2,EL0,0,0,3,0,Not allowed
MSR_SR_systemmove@HSTR_EL2,EL1,0,0,3,0,Not allowed
MSR_SR_systemmove@HSTR_EL2,EL2,3,0,0,0,Allowed
MSR_SR_systemmove@HSTR_EL2,EL3,3,0,0,0,Allowed
MSR_SR_systemmove@ISR_EL1,EL0,0,0,3,0,Not allowed
MSR_SR_systemmove@ISR_EL1,EL1,0,0,3,0,Not allowed
MSR_SR_systemmove@ISR_EL1,EL2,0,0,3,0,Not allowed
MSR_SR_systemmove@ISR_EL1,EL3,0,0,3,0,Not allowed
MSR_SR_systemmove@LORC_EL1,EL0,0,0,3,0,Not allowed
MSR_SR_systemmove@LORC_EL1,EL1,3,0,0,0,Allowed
MSR_SR_systemmove@LORC_EL1,EL2,3,0,0,0,Allowed
MSR_SR_systemmove@LORC_EL1,EL3,3,0,0,0,Allowed
MSR_SR_systemmove@LOREA_EL1,EL0,0,0,3,0,Not allowed
MSR_SR_systemmove@LOREA_EL1,EL1,3,0,0,0,Allowed
MSR_SR_systemmove@LOREA_EL1,EL2,3,0,0,0,Allowed
MSR_SR_systemmove@LOREA_EL1,EL3,3,0,0,0,Allowed
MSR_SR_systemmove@LORID_EL1,EL0,0,0,3,0,Not allowed
MSR_SR_systemmove@LORID_EL1,EL1,0,0,3,0,Not allowed
MSR_SR_systemmove@LORID_EL1,EL2,0,0,3,0,Not allowed
MSR_SR_systemmove@LORID_EL1,EL3,0,0,3,0,Not allowed
MSR_SR_systemmove@LORN_EL1,EL0,0,0,3,0,Not allowed
MSR_SR_systemmove@LORN_EL1,EL1,3,0,0,0,Allowed
MSR_SR_systemmove@LORN_EL1,EL2,3,0,0,0,Allowed
MSR_SR_systemmove@LORN_EL1,EL3,3,0,0,0,Allowed
MSR_SR_systemmove@LORSA_EL1,EL0,0,0,3,0,Not allowed
MSR_SR_systemmove@LORSA_EL1,EL1,3,0,0,0,Allowed
MSR_SR_systemmove@LORSA_EL1,EL2,3,0,0,0,Allowed
MSR_SR_systemmove@LORSA_EL1,EL3,3,0,0,0,Allowed
MSR_SR_systemmove@MAIR2_EL1,EL0,0,0,3,0,Not allowed
MSR_SR_systemmove@MAIR2_EL1,EL1,3,0,0,0,Allowed
MSR_SR_systemmove@MAIR2_EL1,EL2,3,0,0,0,Allowed
MSR_SR_systemmove@MAIR2_EL1,EL3,3,0,0,0,Allowed
MSR_SR_systemmove@MAIR2_EL2,EL0,0,0,3,0,Not allowed
MSR_SR_systemmove@MAIR2_EL2,EL1,0,0,3,0,Not allowed
MSR_SR_systemmove@MAIR2_EL2,EL2,3,0,0,0,Allowed
MSR_SR_systemmove@MAIR2_EL2,EL3,3,0,0,0,Allowed
MSR_SR_systemmove@MAIR2_EL3,EL0,0,0,3,0,Not allowed
MSR_SR_systemmove@MAIR2_EL3,EL1,0,0,3,0,Not allowed
MSR_SR_systemmove@MAIR2_EL3,EL2,0,0,3,0,Not allowed
MSR_SR_systemmove@MAIR2_EL3,EL3,3,0,0,0,Allowed
MSR_SR_systemmove@MAIR_EL1,EL0,0,0,3,0,Not allowed
MSR_SR_systemmove@MAIR_EL1,EL1,3,0,0,0,Allowed
MSR_SR_systemmove@MAIR_EL1,EL2,3,0,0,0,Allowed
MSR_SR_systemmove@MAIR_EL1,EL3,3,0,0,0,Allowed
MSR_SR_systemmove@MAIR_EL2,EL0,0,0,3,0,Not allowed
MSR_SR_systemmove@MAIR_EL2,EL1,0,0,3,0,Not allowed
MSR_SR_systemmove@MAIR_EL2,EL2,3,0,0,0,Allowed
MSR_SR_systemmove@MAIR_EL2,EL3,3,0,0,0,Allowed
MSR_SR_systemmove@MAIR_EL3,EL0,0,0,3,0,Not allowed
MSR_SR_systemmove@MAIR_EL3,EL1,0,0,3,0,Not allowed
MSR_SR_systemmove@MAIR_EL3,EL2,0,0,3,0,Not allowed
MSR_SR_systemmove@MAIR_EL3,EL3,3,0,0,0,Allowed
MSR_SR_systemmove@MDCCINT_EL1,EL0,0,0,3,0,Not allowed
MSR_SR_systemmove@MDCCINT_EL1,EL1,6,0,0,0,Allowed
MSR_SR_systemmove@MDCCINT_EL1,EL2,6,0,0,0,Allowed
MSR_SR_systemmove@MDCCINT_EL1,EL3,6,0,0,0,Allowed
MSR_SR_systemmove@MDCCSR_EL0,EL0,0,0,3,0,Not allowed
MSR_SR_systemmove@MDCCSR_EL0,EL1,0,0,3,0,Not allowed
MSR_SR_systemmove@MDCCSR_EL0,EL2,0,0,3,0,Not allowed
MSR_SR_systemmove@MDCCSR_EL0,EL3,0,0,3,0,Not allowed
MSR_SR_systemmove@MDCR_EL2,EL0,0,0,3,0,Not allowed
MSR_SR_systemmove@MDCR_EL2,EL1,0,0,3,0,Not allowed
MSR_SR_systemmove@MDCR_EL2,EL2,3,0,0,0,Allowed
MSR_SR_systemmove@MDCR_EL2,EL3,3,0,0,0,Allowed
MSR_SR_systemmove@MDCR_EL3,EL0,0,0,3,0,Not allowed
MSR_SR_systemmove@MDCR_EL3,EL1,0,0,3,0,Not allowed
MSR_SR_systemmove@MDCR_EL3,EL2,0,0,3,0,Not allowed
MSR_SR_systemmove@MDCR_EL3,EL3,3,0,0,0,Allowed
MSR_SR_systemmove@MDRAR_EL1,EL0,0,0,3,0,Not allowed
MSR_SR_systemmove@MDRAR_EL1,EL1,0,0,3,0,Not allowed
MSR_SR_systemmove@MDRAR_EL1,EL2,0,0,3,0,Not allowed
MSR_SR_systemmove@MDRAR_EL1,EL3,0,0,3,0,Not allowed
MSR_SR_systemmove@MDSCR_EL1,EL0,0,0,3,0,Not allowed
MSR_SR_systemmove@MDSCR_EL1,EL1,3,0,0,0,Allowed
MSR_SR_systemmove@MDSCR_EL1,EL2,3,0,0,0,Allowed
MSR_SR_systemmove@MDSCR_EL1,EL3,3,0,0,0,Allowed
MSR_SR_systemmove@MDSELR_EL1,EL0,0,0,3,0,Not allowed
MSR_SR_systemmove@MDSELR_EL1,EL1,0,6,0,0,Not allowed
MSR_SR_systemmove@MDSELR_EL1,EL2,0,6,0,0,Not allowed
MSR_SR_systemmove@MDSELR_EL1,EL3,3,0,0,0,Allowed
MSR_SR_systemmove@MFAR_EL3,EL0,0,0,3,0,Not allowed
MSR_SR_systemmove@MFAR_EL3,EL1,0,0,3,0,Not allowed
MSR_SR_systemmove@MFAR_EL3,EL2,0,0,3,0,Not allowed
MSR_SR_systemmove@MFAR_EL3,EL3,3,0,0,0,Allowed
MSR_SR_systemmove@MPAMHCR_EL2,EL0,0,0,3,0,Not allowed
MSR_SR_systemmove@MPAMHCR_EL2,EL1,0,0,3,0,Not allowed
MSR_SR_systemmove@MPAMHCR_EL2,EL2,0,6,0,0,Not allowed
MSR_SR_systemmove@MPAMHCR_EL2,EL3,3,0,0,0,Allowed
MSR_SR_systemmove@MPAMSM_EL1,EL0,0,0,3,0,Not allowed
MSR_SR_systemmove@MPAMSM_EL1,EL1,0,6,0,0,Not allowed
MSR_SR_systemmove@MPAMSM_EL1,EL2,0,6,0,0,Not allowed
MSR_SR_systemmove@MPAMSM_EL1,EL3,3,0,0,0,Allowed
MSR_SR_systemmove@OSDLR_EL1,EL0,0,0,3,0,Not allowed
MSR_SR_systemmove@OSDLR_EL1,EL1,3,0,0,0,Allowed
MSR_SR_systemmove@OSDLR_EL1,EL2,3,0,0,0,Allowed
MSR_SR_systemmove@OSDLR_EL1,EL3,3,0,0,0,Allowed
MSR_SR_systemmove@OSDTRRX_EL1,EL0,0,0,3,0,Not allowed
MSR_SR_systemmove@OSDTRRX_EL1,EL1,6,0,0,0,Allowed
MSR_SR_systemmove@OSDTRRX_EL1,EL2,6,0,0,0,Allowed
MSR_SR_systemmove@OSDTRRX_EL1,EL3,6,0,0,0,Allowed
MSR_SR_systemmove@OSDTRTX_EL1,EL0,0,0,3,0,Not allowed
MSR_SR_systemmove@OSDTRTX_EL1,EL1,6,0,0,0,Allowed
MSR_SR_systemmove@OSDTRTX_EL1,EL2,6,0,0,0,Allowed
MSR_SR_systemmove@OSDTRTX_EL1,EL3,6,0,0,0,Allowed
MSR_SR_systemmove@OSECCR_EL1,EL0,0,0,3,0,Not allowed
MSR_SR_systemmove@OSECCR_EL1,EL1,3,0,0,0,Allowed
MSR_SR_systemmove@OSECCR_EL1,EL2,3,0,0,0,Allowed
MSR_SR_systemmove@OSECCR_EL1,EL3,3,0,0,0,Allowed
MSR_SR_systemmove@OSLAR_EL1,EL0,0,0,3,0,Not allowed
MSR_SR_systemmove@OSLAR_EL1,EL1,3,0,0,0,Allowed
MSR_SR_systemmove@OSLAR_EL1,EL2,3,0,0,0,Allowed
MSR_SR_systemmove@OSLAR_EL1,EL3,3,0,0,0,Allowed
MSR_SR_systemmove@OSLSR_EL1,EL0,0,0,3,0,Not allowed
MSR_SR_systemmove@OSLSR_EL1,EL1,0,0,3,0,Not allowed
MSR_SR_systemmove@OSLSR_EL1,EL2,0,0,3,0,Not allowed
MSR_SR_systemmove@OSLSR_EL1,EL3,0,0,3,0,Not allowed
MSR_SR_systemmove@PAR_EL1,EL0,0,0,3,0,Not allowed
MSR_SR_systemmove@PAR_EL1,EL1,3,0,0,0,Allowed
MSR_SR_systemmove@PAR_EL1,EL2,3,0,0,0,Allowed
MSR_SR_systemmove@PAR_EL1,EL3,3,0,0,0,Allowed
MSR_SR_systemmove@PFAR_EL1,EL0,0,0,3,0,Not allowed
MSR_SR_systemmove@PFAR_EL1,EL1,3,0,0,0,Allowed
MSR_SR_systemmove@PFAR_EL1,EL2,3,0,0,0,Allowed
MSR_SR_systemmove@PFAR_EL1,EL3,3,0,0,0,Allowed
MSR_SR_systemmove@PFAR_EL2,EL0,0,0,3,0,Not allowed
MSR_SR_systemmove@PFAR_EL2,EL1,0,0,3,0,Not allowed
MSR_SR_systemmove@PFAR_EL2,EL2,3,0,0,0,Allowed
MSR_SR_systemmove@PFAR_EL2,EL3,3,0,0,0,Allowed
MSR_SR_systemmove@PIRE0_EL1,EL0,0,0,3,0,Not allowed
MSR_SR_systemmove@PIRE0_EL1,EL1,3,0,0,0,Allowed
MSR_SR_systemmove@PIRE0_EL1,EL2,3,0,0,0,Allowed
MSR_SR_systemmove@PIRE0_EL1,EL3,3,0,0,0,Allowed
MSR_SR_systemmove@PIRE0_EL2,EL0,0,0,3,0,Not allowed
MSR_SR_systemmove@PIRE0_EL2,EL1,0,0,3,0,Not allowed
MSR_SR_systemmove@PIRE0_EL2,EL2,3,0,0,0,Allowed
MSR_SR_systemmove@PIRE0_EL2,EL3,3,0,0,0,Allowed
MSR_SR_systemmove@PIR_EL1,EL0,0,0,3,0,Not allowed
MSR_SR_systemmove@PIR_EL1,EL1,3,0,0,0,Allowed
MSR_SR_systemmove@PIR_EL1,EL2,3,0,0,0,Allowed
MSR_SR_systemmove@PIR_EL1,EL3,3,0,0,0,Allowed
MSR_SR_systemmove@PIR_EL2,EL0,0,0,3,0,Not allowed
MSR_SR_systemmove@PIR_EL2,EL1,0,0,3,0,Not allowed
MSR_SR_systemmove@PIR_EL2,EL2,3,0,0,0,Allowed
MSR_SR_systemmove@PIR_EL2,EL3,3,0,0,0,Allowed
MSR_SR_systemmove@PIR_EL3,EL0,0,0,3,0,Not allowed
MSR_SR_systemmove@PIR_EL3,EL1,0,0,3,0,Not allowed
MSR_SR_systemmove@PIR_EL3,EL2,0,0,3,0,Not allowed
MSR_SR_systemmove@PIR_EL3,EL3,3,0,0,0,Allowed
MSR_SR_systemmove@POR_EL0,EL0,0,6,0,0,Not allowed
MSR_SR_systemmove@POR_EL0,EL1,3,0,0,0,Allowed
MSR_SR_systemmove@POR_EL0,EL2,3,0,0,0,Allowed
MSR_SR_systemmove@POR_EL0,EL3,3,0,0,0,Allowed
MSR_SR_systemmove@POR_EL1,EL0,0,0,3,0,Not allowed
MSR_SR_systemmove@POR_EL1,EL1,3,0,0,0,Allowed
MSR_SR_systemmove@POR_EL1,EL2,3,0,0,0,Allowed
MSR_SR_systemmove@POR_EL1,EL3,3,0,0,0,Allowed
MSR_SR_systemmove@POR_EL2,EL0,0,0,3,0,Not allowed
MSR_SR_systemmove@POR_EL2,EL1,0,0,3,0,Not allowed
MSR_SR_systemmove@POR_EL2,EL2,3,0,0,0,Allowed
MSR_SR_systemmove@POR_EL2,EL3,3,0,0,0,Allowed
MSR_SR_systemmove@POR_EL3,EL0,0,0,3,0,Not allowed
MSR_SR_systemmove@POR_EL3,EL1,0,0,3,0,Not allowed
MSR_SR_systemmove@POR_EL3,EL2,0,0,3,0,Not allowed
MSR_SR_systemmove@POR_EL3,EL3,3,0,0,0,Allowed
MSR_SR_systemmove@RCWMASK_EL1,EL0,0,0,3,0,Not allowed
MSR_SR_systemmove@RCWMASK_EL1,EL1,0,6,0,0,Not allowed
MSR_SR_systemmove@RCWMASK_EL1,EL2,0,6,0,0,Not allowed
MSR_SR_systemmove@RCWMASK_EL1,EL3,3,0,0,0,Allowed
MSR_SR_systemmove@RCWSMASK_EL1,EL0,0,0,3,0,Not allowed
MSR_SR_systemmove@RCWSMASK_EL1,EL1,0,6,0,0,Not allowed
MSR_SR_systemmove@RCWSMASK_EL1,EL2,0,6,0,0,Not allowed
MSR_SR_systemmove@RCWSMASK_EL1,EL3,3,0,0,0,Allowed
MSR_SR_systemmove@RGSR_EL1,EL0,0,0,3,0,Not allowed
MSR_SR_systemmove@RGSR_EL1,EL1,0,6,0,0,Not allowed
MSR_SR_systemmove@RGSR_EL1,EL2,0,6,0,0,Not allowed
MSR_SR_systemmove@RGSR_EL1,EL3,3,0,0,0,Allowed
MSR_SR_systemmove@RMR_EL3,EL0,0,0,3,0,Not allowed
MSR_SR_systemmove@RMR_EL3,EL1,0,0,3,0,Not allowed
MSR_SR_systemmove@RMR_EL3,EL2,0,0,3,0,Not allowed
MSR_SR_systemmove@RMR_EL3,EL3,3,0,0,0,Allowed
MSR_SR_systemmove@RNDR,EL0,0,0,3,0,Not allowed
MSR_SR_systemmove@RNDR,EL1,0,0,3,0,Not allowed
MSR_SR_systemmove@RNDR,EL2,0,0,3,0,Not allowed
MSR_SR_systemmove@RNDR,EL3,0,0,3,0,Not allowed
MSR_SR_systemmove@RNDRRS,EL0,0,0,3,0,Not allowed
MSR_SR_systemmove@RNDRRS,EL1,0,0,3,0,Not allowed
MSR_SR_systemmove@RNDRRS,EL2,0,0,3,0,Not allowed
MSR_SR_systemmove@RNDRRS,EL3,0,0,3,0,Not allowed
MSR_SR_systemmove@RVBAR_EL3,EL0,0,0,3,0,Not allowed
MSR_SR_systemmove@RVBAR_EL3,EL1,0,0,3,0,Not allowed
MSR_SR_systemmove@RVBAR_EL3,EL2,0,0,3,0,Not allowed
MSR_SR_systemmove@RVBAR_EL3,EL3,0,0,3,0,Not allowed
MSR_SR_systemmove@S2PIR_EL2,EL0,0,0,3,0,Not allowed
MSR_SR_systemmove@S2PIR_EL2,EL1,0,0,3,0,Not allowed
MSR_SR_systemmove@S2PIR_EL2,EL2,3,0,0,0,Allowed
MSR_SR_systemmove@S2PIR_EL2,EL3,3,0,0,0,Allowed
MSR_SR_systemmove@S2POR_EL1,EL0,0,0,3,0,Not allowed
MSR_SR_systemmove@S2POR_EL1,EL1,3,0,0,0,Allowed
MSR_SR_systemmove@S2POR_EL1,EL2,3,0,0,0,Allowed
MSR_SR_systemmove@S2POR_EL1,EL3,3,0,0,0,Allowed
MSR_SR_systemmove@SCR_EL3,EL0,0,0,3,0,Not allowed
MSR_SR_systemmove@SCR_EL3,EL1,0,0,3,0,Not allowed
MSR_SR_systemmove@SCR_EL3,EL2,0,0,3,0,Not allowed
MSR_SR_systemmove@SCR_EL3,EL3,3,0,0,0,Allowed
MSR_SR_systemmove@SCTLR2_EL1,EL0,0,0,3,0,Not allowed
MSR_SR_systemmove@SCTLR2_EL1,EL1,3,0,0,0,Allowed
MSR_SR_systemmove@SCTLR2_EL1,EL2,3,0,0,0,Allowed
MSR_SR_systemmove@SCTLR2_EL1,EL3,3,0,0,0,Allowed
MSR_SR_systemmove@SCTLR2_EL2,EL0,0,0,3,0,Not allowed
MSR_SR_systemmove@SCTLR2_EL2,EL1,0,0,3,0,Not allowed
MSR_SR_systemmove@SCTLR2_EL2,EL2,3,0,0,0,Allowed
MSR_SR_systemmove@SCTLR2_EL2,EL3,3,0,0,0,Allowed
MSR_SR_systemmove@SCTLR2_EL3,EL0,0,0,3,0,Not allowed
MSR_SR_systemmove@SCTLR2_EL3,EL1,0,0,3,0,Not allowed
MSR_SR_systemmove@SCTLR2_EL3,EL2,0,0,3,0,Not allowed
MSR_SR_systemmove@SCTLR2_EL3,EL3,3,0,0,0,Allowed
MSR_SR_systemmove@SCTLR_EL1,EL0,0,0,3,0,Not allowed
MSR_SR_systemmove@SCTLR_EL1,EL1,3,0,0,0,Allowed
MSR_SR_systemmove@SCTLR_EL1,EL2,3,0,0,0,Allowed
MSR_SR_systemmove@SCTLR_EL1,EL3,3,0,0,0,Allowed
MSR_SR_systemmove@SCTLR_EL2,EL0,0,0,3,0,Not allowed
MSR_SR_systemmove@SCTLR_EL2,EL1,0,0,3,0,Not allowed
MSR_SR_systemmove@SCTLR_EL2,EL2,3,0,0,0,Allowed
MSR_SR_systemmove@SCTLR_EL2,EL3,3,0,0,0,Allowed
MSR_SR_systemmove@SCTLR_EL3,EL0,0,0,3,0,Not allowed
MSR_SR_systemmove@SCTLR_EL3,EL1,0,0,3,0,Not allowed
MSR_SR_systemmove@SCTLR_EL3,EL2,0,0,3,0,Not allowed
MSR_SR_systemmove@SCTLR_EL3,EL3,3,0,0,0,Allowed
MSR_SR_systemmove@SCXTNUM_EL0,EL0,3,0,0,0,Allowed
MSR_SR_systemmove@SCXTNUM_EL0,EL1,3,0,0,0,Allowed
MSR_SR_systemmove@SCXTNUM_EL0,EL2,3,0,0,0,Allowed
MSR_SR_systemmove@SCXTNUM_EL0,EL3,3,0,0,0,Allowed
MSR_SR_systemmove@SCXTNUM_EL1,EL0,0,0,3,0,Not allowed
MSR_SR_systemmove@SCXTNUM_EL1,EL1,3,0,0,0,Allowed
MSR_SR_systemmove@SCXTNUM_EL1,EL2,3,0,0,0,Allowed
MSR_SR_systemmove@SCXTNUM_EL1,EL3,3,0,0,0,Allowed
MSR_SR_systemmove@SCXTNUM_EL2,EL0,0,0,3,0,Not allowed
MSR_SR_systemmove@SCXTNUM_EL2,EL1,0,0,3,0,Not allowed
MSR_SR_systemmove@SCXTNUM_EL2,EL2,3,0,0,0,Allowed
MSR_SR_systemmove@SCXTNUM_EL2,EL3,3,0,0,0,Allowed
MSR_SR_systemmove@SCXTNUM_EL3,EL0,0,0,3,0,Not allowed
MSR_SR_systemmove@SCXTNUM_EL3,EL1,0,0,3,0,Not allowed
MSR_SR_systemmove@SCXTNUM_EL3,EL2,0,0,3,0,Not allowed
MSR_SR_systemmove@SCXTNUM_EL3,EL3,3,0,0,0,Allowed
MSR_SR_systemmove@SMCR_EL3,EL0,0,0,3,0,Not allowed
MSR_SR_systemmove@SMCR_EL3,EL1,0,0,3,0,Not allowed
MSR_SR_systemmove@SMCR_EL3,EL2,0,0,3,0,Not allowed
MSR_SR_systemmove@SMCR_EL3,EL3,0,6,0,0,Not allowed
MSR_SR_systemmove@SMIDR_EL1,EL0,0,0,3,0,Not allowed
MSR_SR_systemmove@SMIDR_EL1,EL1,0,0,3,0,Not allowed
MSR_SR_systemmove@SMIDR_EL1,EL2,0,0,3,0,Not allowed
MSR_SR_systemmove@SMIDR_EL1,EL3,0,0,3,0,Not allowed
MSR_SR_systemmove@SPSR_EL1,EL0,0,0,3,0,Not allowed
MSR_SR_systemmove@SPSR_EL1,EL1,3,0,0,0,Allowed
MSR_SR_systemmove@SPSR_EL1,EL2,3,0,0,0,Allowed
MSR_SR_systemmove@SPSR_EL1,EL3,3,0,0,0,Allowed
MSR_SR_systemmove@SPSR_EL2,EL0,0,0,3,0,Not allowed
MSR_SR_systemmove@SPSR_EL2,EL1,0,0,3,0,Not allowed
MSR_SR_systemmove@SPSR_EL2,EL2,3,0,0,0,Allowed
MSR_SR_systemmove@SPSR_EL2,EL3,3,0,0,0,Allowed
MSR_SR_systemmove@SPSR_EL3,EL0,0,0,3,0,Not allowed
MSR_SR_systemmove@SPSR_EL3,EL1,0,0,3,0,Not allowed
MSR_SR_systemmove@SPSR_EL3,EL2,0,0,3,0,Not allowed
MSR_SR_systemmove@SPSR_EL3,EL3,3,0,0,0,Allowed
MSR_SR_systemmove@SPSR_abt,EL0,0,0,3,0,Not allowed
MSR_SR_systemmove@SPSR_abt,EL1,0,0,3,0,Not allowed
MSR_SR_systemmove@SPSR_abt,EL2,3,0,0,0,Allowed
MSR_SR_systemmove@SPSR_abt,EL3,3,0,0,0,Allowed
MSR_SR_systemmove@SPSR_fiq,EL0,0,0,3,0,Not allowed
MSR_SR_systemmove@SPSR_fiq,EL1,0,0,3,0,Not allowed
MSR_SR_systemmove@SPSR_fiq,EL2,3,0,0,0,Allowed
MSR_SR_systemmove@SPSR_fiq,EL3,3,0,0,0,Allowed
MSR_SR_systemmove@SPSR_irq,EL0,0,0,3,0,Not allowed
MSR_SR_systemmove@SPSR_irq,EL1,0,0,3,0,Not allowed
MSR_SR_systemmove@SPSR_irq,EL2,3,0,0,0,Allowed
MSR_SR_systemmove@SPSR_irq,EL3,3,0,0,0,Allowed
MSR_SR_systemmove@SPSR_und,EL0,0,0,3,0,Not allowed
MSR_SR_systemmove@SPSR_und,EL1,0,0,3,0,Not allowed
MSR_SR_systemmove@SPSR_und,EL2,3,0,0,0,Allowed
MSR_SR_systemmove@SPSR_und,EL3,3,0,0,0,Allowed
MSR_SR_systemmove@SP_EL0,EL0,0,0,3,0,Not allowed
MSR_SR_systemmove@SP_EL0,EL1,0,0,3,0,Not allowed
MSR_SR_systemmove@SP_EL0,EL2,0,0,3,0,Not allowed
MSR_SR_systemmove@SP_EL0,EL3,0,0,3,0,Not allowed
MSR_SR_systemmove@SP_EL1,EL0,0,0,3,0,Not allowed
MSR_SR_systemmove@SP_EL1,EL1,0,0,3,0,Not allowed
MSR_SR_systemmove@SP_EL1,EL2,3,0,0,0,Allowed
MSR_SR_systemmove@SP_EL1,EL3,3,0,0,0,Allowed
MSR_SR_systemmove@SP_EL2,EL0,0,0,3,0,Not allowed
MSR_SR_systemmove@SP_EL2,EL1,0,0,3,0,Not allowed
MSR_SR_systemmove@SP_EL2,EL2,0,0,3,0,Not allowed
MSR_SR_systemmove@SP_EL2,EL3,3,0,0,0,Allowed
MSR_SR_systemmove@TCR2_EL1,EL0,0,0,3,0,Not allowed
MSR_SR_systemmove@TCR2_EL1,EL1,3,0,0,0,Allowed
MSR_SR_systemmove@TCR2_EL1,EL2,3,0,0,0,Allowed
MSR_SR_systemmove@TCR2_EL1,EL3,3,0,0,0,Allowed
MSR_SR_systemmove@TCR2_EL2,EL0,0,0,3,0,Not allowed
MSR_SR_systemmove@TCR2_EL2,EL1,0,0,3,0,Not allowed
MSR_SR_systemmove@TCR2_EL2,EL2,3,0,0,0,Allowed
MSR_SR_systemmove@TCR2_EL2,EL3,3,0,0,0,Allowed
MSR_SR_systemmove@TCR_EL1,EL0,0,0,3,0,Not allowed
MSR_SR_systemmove@TCR_EL1,EL1,3,0,0,0,Allowed
MSR_SR_systemmove@TCR_EL1,EL2,3,0,0,0,Allowed
MSR_SR_systemmove@TCR_EL1,EL3,3,0,0,0,Allowed
MSR_SR_systemmove@TCR_EL2,EL0,0,0,3,0,Not allowed
MSR_SR_systemmove@TCR_EL2,EL1,0,0,3,0,Not allowed
MSR_SR_systemmove@TCR_EL2,EL2,3,0,0,0,Allowed
MSR_SR_systemmove@TCR_EL2,EL3,3,0,0,0,Allowed
MSR_SR_systemmove@TCR_EL3,EL0,0,0,3,0,Not allowed
MSR_SR_systemmove@TCR_EL3,EL1,0,0,3,0,Not allowed
MSR_SR_systemmove@TCR_EL3,EL2,0,0,3,0,Not allowed
MSR_SR_systemmove@TCR_EL3,EL3,3,0,0,0,Allowed
MSR_SR_systemmove@TPIDR2_EL0,EL0,0,6,0,0,Not allowed
MSR_SR_systemmove@TPIDR2_EL0,EL1,3,0,0,0,Allowed
MSR_SR_systemmove@TPIDR2_EL0,EL2,3,0,0,0,Allowed
MSR_SR_systemmove@TPIDR2_EL0,EL3,3,0,0,0,Allowed
MSR_SR_systemmove@TPIDRRO_EL0,EL0,0,0,3,0,Not allowed
MSR_SR_systemmove@TPIDRRO_EL0,EL1,3,0,0,0,Allowed
MSR_SR_systemmove@TPIDRRO_EL0,EL2,3,0,0,0,Allowed
MSR_SR_systemmove@TPIDRRO_EL0,EL3,3,0,0,0,Allowed
MSR_SR_systemmove@TPIDR_EL0,EL0,3,0,0,0,Allowed
MSR_SR_systemmove@TPIDR_EL0,EL1,3,0,0,0,Allowed
MSR_SR_systemmove@TPIDR_EL0,EL2,3,0,0,0,Allowed
MSR_SR_systemmove@TPIDR_EL0,EL3,3,0,0,0,Allowed
MSR_SR_systemmove@TPIDR_EL1,EL0,0,0,3,0,Not allowed
MSR_SR_systemmove@TPIDR_EL1,EL1,3,0,0,0,Allowed
MSR_SR_systemmove@TPIDR_EL1,EL2,3,0,0,0,Allowed
MSR_SR_systemmove@TPIDR_EL1,EL3,3,0,0,0,Allowed
MSR_SR_systemmove@TPIDR_EL2,EL0,0,0,3,0,Not allowed
MSR_SR_systemmove@TPIDR_EL2,EL1,0,0,3,0,Not allowed
MSR_SR_systemmove@TPIDR_EL2,EL2,3,0,0,0,Allowed
MSR_SR_systemmove@TPIDR_EL2,EL3,3,0,0,0,Allowed
MSR_SR_systemmove@TPIDR_EL3,EL0,0,0,3,0,Not allowed
MSR_SR_systemmove@TPIDR_EL3,EL1,0,0,3,0,Not allowed
MSR_SR_systemmove@TPIDR_EL3,EL2,0,0,3,0,Not allowed
MSR_SR_systemmove@TPIDR_EL3,EL3,3,0,0,0,Allowed
MSR_SR_systemmove@TTBR0_EL1,EL0,0,0,3,0,Not allowed
MSR_SR_systemmove@TTBR0_EL1,EL1,3,0,0,0,Allowed
MSR_SR_systemmove@TTBR0_EL1,EL2,3,0,0,0,Allowed
MSR_SR_systemmove@TTBR0_EL1,EL3,3,0,0,0,Allowed
MSR_SR_systemmove@TTBR0_EL2,EL0,0,0,3,0,Not allowed
MSR_SR_systemmove@TTBR0_EL2,EL1,0,0,3,0,Not allowed
MSR_SR_systemmove@TTBR0_EL2,EL2,3,0,0,0,Allowed
MSR_SR_systemmove@TTBR0_EL2,EL3,3,0,0,0,Allowed
MSR_SR_systemmove@TTBR0_EL3,EL0,0,0,3,0,Not allowed
MSR_SR_systemmove@TTBR0_EL3,EL1,0,0,3,0,Not allowed
MSR_SR_systemmove@TTBR0_EL3,EL2,0,0,3,0,Not allowed
MSR_SR_systemmove@TTBR0_EL3,EL3,3,0,0,0,Allowed
MSR_SR_systemmove@TTBR1_EL1,EL0,0,0,3,0,Not allowed
MSR_SR_systemmove@TTBR1_EL1,EL1,3,0,0,0,Allowed
MSR_SR_systemmove@TTBR1_EL1,EL2,3,0,0,0,Allowed
MSR_SR_systemmove@TTBR1_EL1,EL3,3,0,0,0,Allowed
MSR_SR_systemmove@TTBR1_EL2,EL0,0,0,3,0,Not allowed
MSR_SR_systemmove@TTBR1_EL2,EL1,0,0,3,0,Not allowed
MSR_SR_systemmove@TTBR1_EL2,EL2,3,0,0,0,Allowed
MSR_SR_systemmove@TTBR1_EL2,EL3,3,0,0,0,Allowed
MSR_SR_systemmove@VBAR_EL1,EL0,0,0,3,0,Not allowed
MSR_SR_systemmove@VBAR_EL1,EL1,3,0,0,0,Allowed
MSR_SR_systemmove@VBAR_EL1,EL2,3,0,0,0,Allowed
MSR_SR_systemmove@VBAR_EL1,EL3,3,0,0,0,Allowed
MSR_SR_systemmove@VBAR_EL2,EL0,0,0,3,0,Not allowed
MSR_SR_systemmove@VBAR_EL2,EL1,0,0,3,0,Not allowed
MSR_SR_systemmove@VBAR_EL2,EL2,3,0,0,0,Allowed
MSR_SR_systemmove@VBAR_EL2,EL3,3,0,0,0,Allowed
MSR_SR_systemmove@VBAR_EL3,EL0,0,0,3,0,Not allowed
MSR_SR_systemmove@VBAR_EL3,EL1,0,0,3,0,Not allowed
MSR_SR_systemmove@VBAR_EL3,EL2,0,0,3,0,Not allowed
MSR_SR_systemmove@VBAR_EL3,EL3,3,0,0,0,Allowed
MSR_SR_systemmove@VDISR_EL2,EL0,0,0,3,0,Not allowed
MSR_SR_systemmove@VDISR_EL2,EL1,0,0,3,0,Not allowed
MSR_SR_systemmove@VDISR_EL2,EL2,3,0,0,0,Allowed
MSR_SR_systemmove@VDISR_EL2,EL3,3,0,0,0,Allowed
MSR_SR_systemmove@VNCR_EL2,EL0,0,0,3,0,Not allowed
MSR_SR_systemmove@VNCR_EL2,EL1,0,0,3,0,Not allowed
MSR_SR_systemmove@VNCR_EL2,EL2,3,0,0,0,Allowed
MSR_SR_systemmove@VNCR_EL2,EL3,3,0,0,0,Allowed
MSR_SR_systemmove@VSESR_EL2,EL0,0,0,3,0,Not allowed
MSR_SR_systemmove@VSESR_EL2,EL1,0,0,3,0,Not allowed
MSR_SR_systemmove@VSESR_EL2,EL2,3,0,0,0,Allowed
MSR_SR_systemmove@VSESR_EL2,EL3,3,0,0,0,Allowed
MSR_SR_systemmove@VTCR_EL2,EL0,0,0,3,0,Not allowed
MSR_SR_systemmove@VTCR_EL2,EL1,0,0,3,0,Not allowed
MSR_SR_systemmove@VTCR_EL2,EL2,3,0,0,0,Allowed
MSR_SR_systemmove@VTCR_EL2,EL3,3,0,0,0,Allowed
MSR_SR_systemmove@VTTBR_EL2,EL0,0,0,3,0,Not allowed
MSR_SR_systemmove@VTTBR_EL2,EL1,0,0,3,0,Not allowed
MSR_SR_systemmove@VTTBR_EL2,EL2,3,0,0,0,Allowed
MSR_SR_systemmove@VTTBR_EL2,EL3,3,0,0,0,Allowed
MSUB_32A_dp_3src,EL0,81,0,0,0,Allowed
MSUB_32A_dp_3src,EL1,81,0,0,0,Allowed
MSUB_32A_dp_3src,EL2,81,0,0,0,Allowed
MSUB_32A_dp_3src,EL3,81,0,0,0,Allowed
MSUB_64A_dp_3src,EL0,81,0,0,0,Allowed
MSUB_64A_dp_3src,EL1,81,0,0,0,Allowed
MSUB_64A_dp_3src,EL2,81,0,0,0,Allowed
MSUB_64A_dp_3src,EL3,81,0,0,0,Allowed
NOP_HI_hints,EL0,1,0,0,0,Allowed
NOP_HI_hints,EL1,1,0,0,0,Allowed
NOP_HI_hints,EL2,1,0,0,0,Allowed
NOP_HI_hints,EL3,1,0,0,0,Allowed
ORN_32_log_shift,EL0,27,0,0,0,Allowed
ORN_32_log_shift,EL1,27,0,0,0,Allowed
ORN_32_log_shift,EL2,27,0,0,0,Allowed
ORN_32_log_shift,EL3,27,0,0,0,Allowed
ORN_64_log_shift,EL0,27,0,0,0,Allowed
ORN_64_log_shift,EL1,27,0,0,0,Allowed
ORN_64_log_shift,EL2,27,0,0,0,Allowed
ORN_64_log_shift,EL3,27,0,0,0,Allowed
ORR_32_log_imm,EL0,9,0,0,0,Allowed
ORR_32_log_imm,EL1,9,0,0,0,Allowed
ORR_32_log_imm,EL2,9,0,0,0,Allowed
ORR_32_log_imm,EL3,9,0,0,0,Allowed
ORR_32_log_shift,EL0,27,0,0,0,Allowed
ORR_32_log_shift,EL1,27,0,0,0,Allowed
ORR_32_log_shift,EL2,27,0,0,0,Allowed
ORR_32_log_shift,EL3,27,0,0,0,Allowed
ORR_64_log_imm,EL0,18,0,0,0,Allowed
ORR_64_log_imm,EL1,18,0,0,0,Allowed
ORR_64_log_imm,EL2,18,0,0,0,Allowed
ORR_64_log_imm,EL3,18,0,0,0,Allowed
ORR_64_log_shift,EL0,27,0,0,0,Allowed
ORR_64_log_shift,EL1,27,0,0,0,Allowed
ORR_64_log_shift,EL2,27,0,0,0,Allowed
ORR_64_log_shift,EL3,27,0,0,0,Allowed
RBIT_32_dp_1src,EL0,9,0,0,0,Allowed
RBIT_32_dp_1src,EL1,9,0,0,0,Allowed
RBIT_32_dp_1src,EL2,9,0,0,0,Allowed
RBIT_32_dp_1src,EL3,9,0,0,0,Allowed
RBIT_64_dp_1src,EL0,9,0,0,0,Allowed
RBIT_64_dp_1src,EL1,9,0,0,0,Allowed
RBIT_64_dp_1src,EL2,9,0,0,0,Allowed
RBIT_64_dp_1src,EL3,9,0,0,0,Allowed
RCWCASAL_C64_rcwcomswap,EL0,42,277,2,43,Conditional
RCWCASAL_C64_rcwcomswap,EL1,40,280,2,44,Conditional
RCWCASAL_C64_rcwcomswap,EL2,13,229,0,23,Conditional
RCWCASAL_C64_rcwcomswap,EL3,27,54,0,0,Conditional
RCWCASA_C64_rcwcomswap,EL0,42,264,2,49,Conditional
RCWCASA_C64_rcwcomswap,EL1,40,281,2,43,Conditional
RCWCASA_C64_rcwcomswap,EL2,13,231,0,22,Conditional
RCWCASA_C64_rcwcomswap,EL3,27,54,0,0,Conditional
RCWCASL_C64_rcwcomswap,EL0,42,263,2,49,Conditional
RCWCASL_C64_rcwcomswap,EL1,40,281,2,43,Conditional
RCWCASL_C64_rcwcomswap,EL2,13,231,0,22,Conditional
RCWCASL_C64_rcwcomswap,EL3,27,54,0,0,Conditional
RCWCAS_C64_rcwcomswap,EL0,42,262,2,50,Conditional
RCWCAS_C64_rcwcomswap,EL1,40,282,2,42,Conditional
RCWCAS_C64_rcwcomswap,EL2,13,229,0,23,Conditional
RCWCAS_C64_rcwcomswap,EL3,27,54,0,0,Conditional
RCWCLRAL_64_memop,EL0,102,204,2,34,Conditional
RCWCLRAL_64_memop,EL1,108,228,2,33,Conditional
RCWCLRAL_64_memop,EL2,39,126,0,20,Conditional
RCWCLRAL_64_memop,EL3,27,18,0,0,Conditional
RCWCLRA_64_memop,EL0,102,209,2,31,Conditional
RCWCLRA_64_memop,EL1,108,229,2,32,Conditional
RCWCLRA_64_memop,EL2,39,129,0,19,Conditional
RCWCLRA_64_memop,EL3,27,18,0,0,Conditional
RCWCLRL_64_memop,EL0,102,209,2,31,Conditional
RCWCLRL_64_memop,EL1,108,229,2,33,Conditional
RCWCLRL_64_memop,EL2,39,127,0,20,Conditional
RCWCLRL_64_memop,EL3,27,18,0,0,Conditional
RCWCLR_64_memop,EL0,102,209,2,31,Conditional
RCWCLR_64_memop,EL1,108,222,2,35,Conditional
RCWCLR_64_memop,EL2,39,130,0,19,Conditional
RCWCLR_64_memop,EL3,27,18,0,0,Conditional
RCWSCASAL_C64_rcwcomswap,EL0,42,276,2,44,Conditional
RCWSCASAL_C64_rcwcomswap,EL1,40,282,2,42,Conditional
RCWSCASAL_C64_rcwcomswap,EL2,13,231,0,22,Conditional
RCWSCASAL_C64_rcwcomswap,EL3,27,54,0,0,Conditional
RCWSCASA_C64_rcwcomswap,EL0,42,276,2,43,Conditional
RCWSCASA_C64_rcwcomswap,EL1,40,281,2,42,Conditional
RCWSCASA_C64_rcwcomswap,EL2,13,230,0,23,Conditional
RCWSCASA_C64_rcwcomswap,EL3,27,54,0,0,Conditional
RCWSCASL_C64_rcwcomswap,EL0,61,390,2,75,Conditional
RCWSCASL_C64_rcwcomswap,EL1,40,281,2,43,Conditional
RCWSCASL_C64_rcwcomswap,EL2,13,229,0,23,Conditional
RCWSCASL_C64_rcwcomswap,EL3,27,54,0,0,Conditional
RCWSCAS_C64_rcwcomswap,EL0,42,273,2,44,Conditional
RCWSCAS_C64_rcwcomswap,EL1,40,278,2,45,Conditional
RCWSCAS_C64_rcwcomswap,EL2,13,231,0,22,Conditional
RCWSCAS_C64_rcwcomswap,EL3,27,54,0,0,Conditional
RCWSCLRAL_64_memop,EL0,102,205,2,33,Conditional
RCWSCLRAL_64_memop,EL1,108,227,2,33,Conditional
RCWSCLRAL_64_memop,EL2,39,126,0,20,Conditional
RCWSCLRAL_64_memop,EL3,27,18,0,0,Conditional
RCWSCLRA_64_memop,EL0,102,205,2,33,Conditional
RCWSCLRA_64_memop,EL1,108,225,2,35,Conditional
RCWSCLRA_64_memop,EL2,39,125,0,21,Conditional
RCWSCLRA_64_memop,EL3,27,18,0,0,Conditional
RCWSCLRL_64_memop,EL0,102,210,2,30,Conditional
RCWSCLRL_64_memop,EL1,108,222,2,36,Conditional
RCWSCLRL_64_memop,EL2,39,125,0,21,Conditional
RCWSCLRL_64_memop,EL3,27,18,0,0,Conditional
RCWSCLR_64_memop,EL0,102,206,2,31,Conditional
RCWSCLR_64_memop,EL1,108,223,2,35,Conditional
RCWSCLR_64_memop,EL2,39,126,0,20,Conditional
RCWSCLR_64_memop,EL3,27,18,0,0,Conditional
RCWSETAL_64_memop,EL0,102,209,2,31,Conditional
RCWSETAL_64_memop,EL1,108,227,2,34,Conditional
RCWSETAL_64_memop,EL2,39,125,0,21,Conditional
RCWSETAL_64_memop,EL3,27,18,0,0,Conditional
RCWSETA_64_memop,EL0,102,210,2,30,Conditional
RCWSETA_64_memop,EL1,108,223,2,35,Conditional
RCWSETA_64_memop,EL2,39,129,0,19,Conditional
RCWSETA_64_memop,EL3,27,18,0,0,Conditional
RCWSETL_64_memop,EL0,102,208,2,31,Conditional
RCWSETL_64_memop,EL1,108,229,2,32,Conditional
RCWSETL_64_memop,EL2,39,128,0,20,Conditional
RCWSETL_64_memop,EL3,27,18,0,0,Conditional
RCWSET_64_memop,EL0,102,209,2,30,Conditional
RCWSET_64_memop,EL1,108,226,2,34,Conditional
RCWSET_64_memop,EL2,39,128,0,20,Conditional
RCWSET_64_memop,EL3,27,18,0,0,Conditional
RCWSSETAL_64_memop,EL0,102,206,2,33,Conditional
RCWSSETAL_64_memop,EL1,108,223,2,36,Conditional
RCWSSETAL_64_memop,EL2,39,126,0,21,Conditional
RCWSSETAL_64_memop,EL3,27,18,0,0,Conditional
RCWSSETA_64_memop,EL0,102,208,2,31,Conditional
RCWSSETA_64_memop,EL1,108,226,2,34,Conditional
RCWSSETA_64_memop,EL2,39,127,0,20,Conditional
RCWSSETA_64_memop,EL3,27,18,0,0,Conditional
RCWSSETL_64_memop,EL0,102,209,2,31,Conditional
RCWSSETL_64_memop,EL1,108,223,2,35,Conditional
RCWSSETL_64_memop,EL2,39,125,0,21,Conditional
RCWSSETL_64_memop,EL3,27,18,0,0,Conditional
RCWSSET_64_memop,EL0,102,209,2,31,Conditional
RCWSSET_64_memop,EL1,108,229,2,33,Conditional
RCWSSET_64_memop,EL2,39,126,0,21,Conditional
RCWSSET_64_memop,EL3,27,18,0,0,Conditional
RCWSSWPAL_64_memop,EL0,102,208,2,31,Conditional
RCWSSWPAL_64_memop,EL1,108,223,2,36,Conditional
RCWSSWPAL_64_memop,EL2,39,126,0,21,Conditional
RCWSSWPAL_64_memop,EL3,27,18,0,0,Conditional
RCWSSWPA_64_memop,EL0,102,209,2,30,Conditional
RCWSSWPA_64_memop,EL1,108,226,2,35,Conditional
RCWSSWPA_64_memop,EL2,39,126,0,21,Conditional
RCWSSWPA_64_memop,EL3,27,18,0,0,Conditional
RCWSSWPL_64_memop,EL0,102,208,2,30,Conditional
RCWSSWPL_64_memop,EL1,108,227,2,34,Conditional
RCWSSWPL_64_memop,EL2,39,126,0,21,Conditional
RCWSSWPL_64_memop,EL3,27,18,0,0,Conditional
RCWSSWP_64_memop,EL0,102,209,2,31,Conditional
RCWSSWP_64_memop,EL1,108,226,2,34,Conditional
RCWSSWP_64_memop,EL2,39,126,0,21,Conditional
RCWSSWP_64_memop,EL3,27,18,0,0,Conditional
RCWSWPAL_64_memop,EL0,102,209,2,31,Conditional
RCWSWPAL_64_memop,EL1,108,222,2,36,Conditional
RCWSWPAL_64_memop,EL2,39,126,0,20,Conditional
RCWSWPAL_64_memop,EL3,27,18,0,0,Conditional
RCWSWPA_64_memop,EL0,102,208,2,30,Conditional
RCWSWPA_64_memop,EL1,108,226,2,34,Conditional
RCWSWPA_64_memop,EL2,39,128,0,20,Conditional
RCWSWPA_64_memop,EL3,27,18,0,0,Conditional
RCWSWPL_64_memop,EL0,102,206,2,33,Conditional
RCWSWPL_64_memop,EL1,108,227,2,33,Conditional
RCWSWPL_64_memop,EL2,39,128,0,20,Conditional
RCWSWPL_64_memop,EL3,27,18,0,0,Conditional
RCWSWP_64_memop,EL0,102,210,2,30,Conditional
RCWSWP_64_memop,EL1,108,226,2,33,Conditional
RCWSWP_64_memop,EL2,39,130,0,18,Conditional
RCWSWP_64_memop,EL3,27,18,0,0,Conditional
RET_64R_branch_reg,EL0,3,0,0,0,Allowed
RET_64R_branch_reg,EL1,3,0,0,0,Allowed
RET_64R_branch_reg,EL2,3,0,0,0,Allowed
RET_64R_branch_reg,EL3,3,0,0,0,Allowed
REV16_32_dp_1src,EL0,9,0,0,0,Allowed
REV16_32_dp_1src,EL1,9,0,0,0,Allowed
REV16_32_dp_1src,EL2,9,0,0,0,Allowed
REV16_32_dp_1src,EL3,9,0,0,0,Allowed
REV16_64_dp_1src,EL0,9,0,0,0,Allowed
REV16_64_dp_1src,EL1,9,0,0,0,Allowed
REV16_64_dp_1src,EL2,9,0,0,0,Allowed
REV16_64_dp_1src,EL3,9,0,0,0,Allowed
REV32_64_dp_1src,EL0,9,0,0,0,Allowed
REV32_64_dp_1src,EL1,9,0,0,0,Allowed
REV32_64_dp_1src,EL2,9,0,0,0,Allowed
REV32_64_dp_1src,EL3,9,0,0,0,Allowed
REV_32_dp_1src,EL0,9,0,0,0,Allowed
REV_32_dp_1src,EL1,9,0,0,0,Allowed
REV_32_dp_1src,EL2,9,0,0,0,Allowed
REV_32_dp_1src,EL3,9,0,0,0,Allowed
REV_64_dp_1src,EL0,9,0,0,0,Allowed
REV_64_dp_1src,EL1,9,0,0,0,Allowed
REV_64_dp_1src,EL2,9,0,0,0,Allowed
REV_64_dp_1src,EL3,9,0,0,0,Allowed
RMIF_only_rmif,EL0,48,0,0,0,Allowed
RMIF_only_rmif,EL1,48,0,0,0,Allowed
RMIF_only_rmif,EL2,48,0,0,0,Allowed
RMIF_only_rmif,EL3,48,0,0,0,Allowed
RORV_32_dp_2src,EL0,27,0,0,0,Allowed
RORV_32_dp_2src,EL1,27,0,0,0,Allowed
RORV_32_dp_2src,EL2,27,0,0,0,Allowed
RORV_32_dp_2src,EL3,27,0,0,0,Allowed
RORV_64_dp_2src,EL0,27,0,0,0,Allowed
RORV_64_dp_2src,EL1,27,0,0,0,Allowed
RORV_64_dp_2src,EL2,27,0,0,0,Allowed
RORV_64_dp_2src,EL3,27,0,0,0,Allowed
RPRFM_R_ldst_regoff,EL0,36,0,0,0,Allowed
RPRFM_R_ldst_regoff,EL1,36,0,0,0,Allowed
RPRFM_R_ldst_regoff,EL2,36,0,0,0,Allowed
RPRFM_R_ldst_regoff,EL3,36,0,0,0,Allowed
SBCS_32_addsub_carry,EL0,54,0,0,0,Allowed
SBCS_32_addsub_carry,EL1,54,0,0,0,Allowed
SBCS_32_addsub_carry,EL2,54,0,0,0,Allowed
SBCS_32_addsub_carry,EL3,54,0,0,0,Allowed
SBCS_64_addsub_carry,EL0,54,0,0,0,Allowed
SBCS_64_addsub_carry,EL1,54,0,0,0,Allowed
SBCS_64_addsub_carry,EL2,54,0,0,0,Allowed
SBCS_64_addsub_carry,EL3,54,0,0,0,Allowed
SBC_32_addsub_carry,EL0,54,0,0,0,Allowed
SBC_32_addsub_carry,EL1,54,0,0,0,Allowed
SBC_32_addsub_carry,EL2,54,0,0,0,Allowed
SBC_32_addsub_carry,EL3,54,0,0,0,Allowed
SBC_64_addsub_carry,EL0,54,0,0,0,Allowed
SBC_64_addsub_carry,EL1,54,0,0,0,Allowed
SBC_64_addsub_carry,EL2,54,0,0,0,Allowed
SBC_64_addsub_carry,EL3,54,0,0,0,Allowed
SBFM_32M_bitfield,EL0,9,0,0,0,Allowed
SBFM_32M_bitfield,EL1,9,0,0,0,Allowed
SBFM_32M_bitfield,EL2,9,0,0,0,Allowed
SBFM_32M_bitfield,EL3,9,0,0,0,Allowed
SBFM_64M_bitfield,EL0,9,0,0,0,Allowed
SBFM_64M_bitfield,EL1,9,0,0,0,Allowed
SBFM_64M_bitfield,EL2,9,0,0,0,Allowed
SBFM_64M_bitfield,EL3,9,0,0,0,Allowed
SB_only_barriers,EL0,1,0,0,0,Allowed
SB_only_barriers,EL1,1,0,0,0,Allowed
SB_only_barriers,EL2,1,0,0,0,Allowed
SB_only_barriers,EL3,1,0,0,0,Allowed
SETF16_only_setf,EL0,3,0,0,0,Allowed
SETF16_only_setf,EL1,3,0,0,0,Allowed
SETF16_only_setf,EL2,3,0,0,0,Allowed
SETF16_only_setf,EL3,3,0,0,0,Allowed
SETF8_only_setf,EL0,3,0,0,0,Allowed
SETF8_only_setf,EL1,3,0,0,0,Allowed
SETF8_only_setf,EL2,3,0,0,0,Allowed
SETF8_only_setf,EL3,3,0,0,0,Allowed
SMADDL_64WA_dp_3src,EL0,81,0,0,0,Allowed
SMADDL_64WA_dp_3src,EL1,81,0,0,0,Allowed
SMADDL_64WA_dp_3src,EL2,81,0,0,0,Allowed
SMADDL_64WA_dp_3src,EL3,81,0,0,0,Allowed
SMAX_32_dp_2src,EL0,27,0,0,0,Allowed
SMAX_32_dp_2src,EL1,27,0,0,0,Allowed
SMAX_32_dp_2src,EL2,27,0,0,0,Allowed
SMAX_32_dp_2src,EL3,27,0,0,0,Allowed
SMAX_32_minmax_imm,EL0,9,0,0,0,Allowed
SMAX_32_minmax_imm,EL1,9,0,0,0,Allowed
SMAX_32_minmax_imm,EL2,9,0,0,0,Allowed
SMAX_32_minmax_imm,EL3,9,0,0,0,Allowed
SMAX_64_dp_2src,EL0,27,0,0,0,Allowed
SMAX_64_dp_2src,EL1,27,0,0,0,Allowed
SMAX_64_dp_2src,EL2,27,0,0,0,Allowed
SMAX_64_dp_2src,EL3,27,0,0,0,Allowed
SMAX_64_minmax_imm,EL0,9,0,0,0,Allowed
SMAX_64_minmax_imm,EL1,9,0,0,0,Allowed
SMAX_64_minmax_imm,EL2,9,0,0,0,Allowed
SMAX_64_minmax_imm,EL3,9,0,0,0,Allowed
SMIN_32_dp_2src,EL0,27,0,0,0,Allowed
SMIN_32_dp_2src,EL1,27,0,0,0,Allowed
SMIN_32_dp_2src,EL2,27,0,0,0,Allowed
SMIN_32_dp_2src,EL3,27,0,0,0,Allowed
SMIN_32_minmax_imm,EL0,9,0,0,0,Allowed
SMIN_32_minmax_imm,EL1,9,0,0,0,Allowed
SMIN_32_minmax_imm,EL2,9,0,0,0,Allowed
SMIN_32_minmax_imm,EL3,9,0,0,0,Allowed
SMIN_64_dp_2src,EL0,27,0,0,0,Allowed
SMIN_64_dp_2src,EL1,27,0,0,0,Allowed
SMIN_64_dp_2src,EL2,27,0,0,0,Allowed
SMIN_64_dp_2src,EL3,27,0,0,0,Allowed
SMIN_64_minmax_imm,EL0,9,0,0,0,Allowed
SMIN_64_minmax_imm,EL1,9,0,0,0,Allowed
SMIN_64_minmax_imm,EL2,9,0,0,0,Allowed
SMIN_64_minmax_imm,EL3,9,0,0,0,Allowed
SMSUBL_64WA_dp_3src,EL0,81,0,0,0,Allowed
SMSUBL_64WA_dp_3src,EL1,81,0,0,0,Allowed
SMSUBL_64WA_dp_3src,EL2,81,0,0,0,Allowed
SMSUBL_64WA_dp_3src,EL3,81,0,0,0,Allowed
SMULH_64_dp_3src,EL0,27,0,0,0,Allowed
SMULH_64_dp_3src,EL1,27,0,0,0,Allowed
SMULH_64_dp_3src,EL2,27,0,0,0,Allowed
SMULH_64_dp_3src,EL3,27,0,0,0,Allowed
STLLRB_SL32_ldstord,EL0,106,251,0,40,Conditional
STLLRB_SL32_ldstord,EL1,148,232,0,39,Conditional
STLLRB_SL32_ldstord,EL2,22,153,0,14,Conditional
STLLRB_SL32_ldstord,EL3,9,18,0,0,Conditional
STLLRH_SL32_ldstord,EL0,106,251,0,40,Conditional
STLLRH_SL32_ldstord,EL1,148,228,0,41,Conditional
STLLRH_SL32_ldstord,EL2,22,150,0,15,Conditional
STLLRH_SL32_ldstord,EL3,9,18,0,0,Conditional
STLLR_SL32_ldstord,EL0,106,248,0,41,Conditional
STLLR_SL32_ldstord,EL1,148,233,0,38,Conditional
STLLR_SL32_ldstord,EL2,22,149,0,16,Conditional
STLLR_SL32_ldstord,EL3,9,18,0,0,Conditional
STLLR_SL64_ldstord,EL0,106,255,0,37,Conditional
STLLR_SL64_ldstord,EL1,148,234,0,38,Conditional
STLLR_SL64_ldstord,EL2,22,149,0,16,Conditional
STLLR_SL64_ldstord,EL3,9,18,0,0,Conditional
STLRB_SL32_ldstord,EL0,106,251,0,40,Conditional
STLRB_SL32_ldstord,EL1,148,239,0,35,Conditional
STLRB_SL32_ldstord,EL2,22,154,0,13,Conditional
STLRB_SL32_ldstord,EL3,9,18,0,0,Conditional
STLRH_SL32_ldstord,EL0,106,254,0,38,Conditional
STLRH_SL32_ldstord,EL1,148,236,0,38,Conditional
STLRH_SL32_ldstord,EL2,22,149,0,16,Conditional
STLRH_SL32_ldstord,EL3,9,18,0,0,Conditional
STLR_32S_ldapstl_writeback,EL0,0,287,1,33,Not allowed
STLR_32S_ldapstl_writeback,EL1,0,290,2,36,Not allowed
STLR_32S_ldapstl_writeback,EL2,0,97,1,13,Not allowed
STLR_32S_ldapstl_writeback,EL3,12,26,2,0,Conditional
STLR_64S_ldapstl_writeback,EL0,0,289,1,27,Not allowed
STLR_64S_ldapstl_writeback,EL1,0,290,2,36,Not allowed
STLR_64S_ldapstl_writeback,EL2,0,97,1,13,Not allowed
STLR_64S_ldapstl_writeback,EL3,12,26,2,0,Conditional
STLR_SL32_ldstord,EL0,106,255,0,37,Conditional
STLR_SL32_ldstord,EL1,148,233,0,38,Conditional
STLR_SL32_ldstord,EL2,22,149,0,16,Conditional
STLR_SL32_ldstord,EL3,9,18,0,0,Conditional
STLR_SL64_ldstord,EL0,106,251,0,40,Conditional
STLR_SL64_ldstord,EL1,148,229,0,40,Conditional
STLR_SL64_ldstord,EL2,22,148,0,17,Conditional
STLR_SL64_ldstord,EL3,9,18,0,0,Conditional
STLURB_32_ldapstl_unscaled,EL0,106,253,0,38,Conditional
STLURB_32_ldapstl_unscaled,EL1,148,235,0,38,Conditional
STLURB_32_ldapstl_unscaled,EL2,22,148,0,17,Conditional
STLURB_32_ldapstl_unscaled,EL3,9,18,0,0,Conditional
STLURH_32_ldapstl_unscaled,EL0,106,254,0,38,Conditional
STLURH_32_ldapstl_unscaled,EL1,148,229,0,40,Conditional
STLURH_32_ldapstl_unscaled,EL2,22,148,0,17,Conditional
STLURH_32_ldapstl_unscaled,EL3,9,18,0,0,Conditional
STLUR_32_ldapstl_unscaled,EL0,106,250,0,40,Conditional
STLUR_32_ldapstl_unscaled,EL1,148,233,0,38,Conditional
STLUR_32_ldapstl_unscaled,EL2,22,149,0,16,Conditional
STLUR_32_ldapstl_unscaled,EL3,9,18,0,0,Conditional
STLUR_64_ldapstl_unscaled,EL0,106,250,0,41,Conditional
STLUR_64_ldapstl_unscaled,EL1,148,237,0,37,Conditional
STLUR_64_ldapstl_unscaled,EL2,22,148,0,17,Conditional
STLUR_64_ldapstl_unscaled,EL3,9,18,0,0,Conditional
STLUR_B_ldapstl_simd,EL0,94,223,0,45,Conditional
STLUR_B_ldapstl_simd,EL1,107,216,0,35,Conditional
STLUR_B_ldapstl_simd,EL2,22,107,0,15,Conditional
STLUR_B_ldapstl_simd,EL3,3,6,0,0,Conditional
STLUR_D_ldapstl_simd,EL0,94,223,0,45,Conditional
STLUR_D_ldapstl_simd,EL1,111,216,0,31,Conditional
STLUR_D_ldapstl_simd,EL2,22,109,0,14,Conditional
STLUR_D_ldapstl_simd,EL3,3,6,0,0,Conditional
STLUR_H_ldapstl_simd,EL0,97,224,0,42,Conditional
STLUR_H_ldapstl_simd,EL1,99,216,0,35,Conditional
STLUR_H_ldapstl_simd,EL2,22,109,0,14,Conditional
STLUR_H_ldapstl_simd,EL3,3,6,0,0,Conditional
STLUR_Q_ldapstl_simd,EL0,84,97,0,30,Conditional
STLUR_Q_ldapstl_simd,EL1,114,36,0,44,Conditional
STLUR_Q_ldapstl_simd,EL2,6,24,0,21,Conditional
STLUR_Q_ldapstl_simd,EL3,3,6,0,0,Conditional
STLUR_S_ldapstl_simd,EL0,92,223,0,47,Conditional
STLUR_S_ldapstl_simd,EL1,109,216,0,33,Conditional
STLUR_S_ldapstl_simd,EL2,22,107,0,15,Conditional
STLUR_S_ldapstl_simd,EL3,3,6,0,0,Conditional
STLXP_SP32_ldstexclp,EL0,48,112,2,88,Conditional
STLXP_SP32_ldstexclp,EL1,59,114,2,95,Conditional
STLXP_SP32_ldstexclp,EL2,0,20,0,32,Not allowed
STLXP_SP32_ldstexclp,EL3,288,196,10,22,Conditional
STLXP_SP64_ldstexclp,EL0,48,117,2,85,Conditional
STLXP_SP64_ldstexclp,EL1,57,114,2,96,Conditional
STLXP_SP64_ldstexclp,EL2,0,18,0,31,Not allowed
STLXP_SP64_ldstexclp,EL3,288,196,10,22,Conditional
STLXRB_SR32_ldstexclr,EL0,112,195,2,93,Conditional
STLXRB_SR32_ldstexclr,EL1,156,174,2,80,Conditional
STLXRB_SR32_ldstexclr,EL2,0,16,0,32,Not allowed
STLXRB_SR32_ldstexclr,EL3,144,62,6,8,Conditional
STLXRH_SR32_ldstexclr,EL0,48,113,2,87,Conditional
STLXRH_SR32_ldstexclr,EL1,59,114,2,95,Conditional
STLXRH_SR32_ldstexclr,EL2,0,20,0,30,Not allowed
STLXRH_SR32_ldstexclr,EL3,144,78,6,8,Conditional
STLXR_SR32_ldstexclr,EL0,48,119,2,101,Conditional
STLXR_SR32_ldstexclr,EL1,59,114,2,95,Conditional
STLXR_SR32_ldstexclr,EL2,0,20,0,30,Not allowed
STLXR_SR32_ldstexclr,EL3,426,54,4,26,Conditional
STLXR_SR64_ldstexclr,EL0,179,333,3,162,Conditional
STLXR_SR64_ldstexclr,EL1,64,114,2,92,Conditional
STLXR_SR64_ldstexclr,EL2,0,20,0,30,Not allowed
STLXR_SR64_ldstexclr,EL3,144,78,6,8,Conditional
STNP_32_ldstnapair_offs,EL0,148,173,0,33,Conditional
STNP_32_ldstnapair_offs,EL1,144,177,0,30,Conditional
STNP_32_ldstnapair_offs,EL2,6,120,0,26,Conditional
STNP_32_ldstnapair_offs,EL3,27,54,0,0,Conditional
STNP_64_ldstnapair_offs,EL0,148,175,0,32,Conditional
STNP_64_ldstnapair_offs,EL1,146,179,0,29,Conditional
STNP_64_ldstnapair_offs,EL2,6,120,0,26,Conditional
STNP_64_ldstnapair_offs,EL3,27,54,0,0,Conditional
STNP_D_ldstnapair_offs,EL0,84,90,0,34,Conditional
STNP_D_ldstnapair_offs,EL1,111,36,0,45,Conditional
STNP_D_ldstnapair_offs,EL2,5,24,0,22,Conditional
STNP_D_ldstnapair_offs,EL3,3,6,0,0,Conditional
STNP_Q_ldstnapair_offs,EL0,40,4,0,54,Conditional
STNP_Q_ldstnapair_offs,EL1,34,36,0,52,Conditional
STNP_Q_ldstnapair_offs,EL2,2,14,0,22,Conditional
STNP_Q_ldstnapair_offs,EL3,3,6,0,0,Conditional
STNP_S_ldstnapair_offs,EL0,84,91,0,33,Conditional
STNP_S_ldstnapair_offs,EL1,112,36,0,44,Conditional
STNP_S_ldstnapair_offs,EL2,6,24,0,21,Conditional
STNP_S_ldstnapair_offs,EL3,3,6,0,0,Conditional
STP_32_ldstpair_off,EL0,136,164,0,42,Conditional
STP_32_ldstpair_off,EL1,144,172,0,34,Conditional
STP_32_ldstpair_off,EL2,6,120,0,26,Conditional
STP_32_ldstpair_off,EL3,27,54,0,0,Conditional
STP_32_ldstpair_post,EL0,143,164,0,39,Conditional
STP_32_ldstpair_post,EL1,144,165,0,36,Conditional
STP_32_ldstpair_post,EL2,6,178,2,29,Conditional
STP_32_ldstpair_post,EL3,42,88,4,0,Conditional
STP_32_ldstpair_pre,EL0,132,152,0,35,Conditional
STP_32_ldstpair_pre,EL1,144,164,0,37,Conditional
STP_32_ldstpair_pre,EL2,6,178,2,28,Conditional
STP_32_ldstpair_pre,EL3,42,88,4,0,Conditional
STP_64_ldstpair_off,EL0,132,161,0,47,Conditional
STP_64_ldstpair_off,EL1,144,178,0,30,Conditional
STP_64_ldstpair_off,EL2,6,120,0,26,Conditional
STP_64_ldstpair_off,EL3,27,54,0,0,Conditional
STP_64_ldstpair_post,EL0,132,153,0,35,Conditional
STP_64_ldstpair_post,EL1,144,163,0,38,Conditional
STP_64_ldstpair_post,EL2,6,181,2,27,Conditional
STP_64_ldstpair_post,EL3,42,88,4,0,Conditional
STP_64_ldstpair_pre,EL0,132,153,0,35,Conditional
STP_64_ldstpair_pre,EL1,144,164,0,37,Conditional
STP_64_ldstpair_pre,EL2,6,180,2,27,Conditional
STP_64_ldstpair_pre,EL3,42,88,4,0,Conditional
STP_D_ldstpair_off,EL0,78,84,0,40,Conditional
STP_D_ldstpair_off,EL1,112,36,0,44,Conditional
STP_D_ldstpair_off,EL2,6,24,0,21,Conditional
STP_D_ldstpair_off,EL3,3,6,0,0,Conditional
STP_D_ldstpair_post,EL0,80,84,0,40,Conditional
STP_D_ldstpair_post,EL1,104,36,0,33,Conditional
STP_D_ldstpair_post,EL2,5,24,0,22,Conditional
STP_D_ldstpair_post,EL3,3,6,0,0,Conditional
STP_D_ldstpair_pre,EL0,72,84,0,44,Conditional
STP_D_ldstpair_pre,EL1,104,36,0,34,Conditional
STP_D_ldstpair_pre,EL2,5,24,0,22,Conditional
STP_D_ldstpair_pre,EL3,3,6,0,0,Conditional
STP_Q_ldstpair_off,EL0,38,4,0,52,Conditional
STP_Q_ldstpair_off,EL1,33,36,0,53,Conditional
STP_Q_ldstpair_off,EL2,2,14,0,22,Conditional
STP_Q_ldstpair_off,EL3,3,6,0,0,Conditional
STP_Q_ldstpair_post,EL0,36,4,0,54,Conditional
STP_Q_ldstpair_post,EL1,32,36,0,52,Conditional
STP_Q_ldstpair_post,EL2,2,14,0,22,Conditional
STP_Q_ldstpair_post,EL3,3,6,0,0,Conditional
STP_Q_ldstpair_pre,EL0,36,4,0,53,Conditional
STP_Q_ldstpair_pre,EL1,32,36,0,52,Conditional
STP_Q_ldstpair_pre,EL2,2,14,0,22,Conditional
STP_Q_ldstpair_pre,EL3,3,6,0,0,Conditional
STP_S_ldstpair_off,EL0,76,84,0,42,Conditional
STP_S_ldstpair_off,EL1,111,36,0,45,Conditional
STP_S_ldstpair_off,EL2,6,24,0,22,Conditional
STP_S_ldstpair_off,EL3,3,6,0,0,Conditional
STP_S_ldstpair_post,EL0,80,84,0,40,Conditional
STP_S_ldstpair_post,EL1,104,36,0,34,Conditional
STP_S_ldstpair_post,EL2,5,24,0,22,Conditional
STP_S_ldstpair_post,EL3,3,6,0,0,Conditional
STP_S_ldstpair_pre,EL0,68,84,0,46,Conditional
STP_S_ldstpair_pre,EL1,104,36,0,33,Conditional
STP_S_ldstpair_pre,EL2,5,24,0,22,Conditional
STP_S_ldstpair_pre,EL3,3,6,0,0,Conditional
STRB_32BL_ldst_regoff,EL0,0,314,0,32,Not allowed
STRB_32BL_ldst_regoff,EL1,0,318,0,30,Not allowed
STRB_32BL_ldst_regoff,EL2,0,194,0,22,Not allowed
STRB_32BL_ldst_regoff,EL3,54,108,0,0,Conditional
STRB_32B_ldst_regoff,EL0,0,316,0,30,Not allowed
STRB_32B_ldst_regoff,EL1,0,318,0,30,Not allowed
STRB_32B_ldst_regoff,EL2,0,195,0,21,Not allowed
STRB_32B_ldst_regoff,EL3,54,108,0,0,Conditional
STRB_32_ldst_immpost,EL0,96,225,0,46,Conditional
STRB_32_ldst_immpost,EL1,148,223,0,43,Conditional
STRB_32_ldst_immpost,EL2,22,158,1,18,Conditional
STRB_32_ldst_immpost,EL3,12,26,2,0,Conditional
STRB_32_ldst_immpre,EL0,98,225,0,45,Conditional
STRB_32_ldst_immpre,EL1,148,224,0,43,Conditional
STRB_32_ldst_immpre,EL2,22,158,1,18,Conditional
STRB_32_ldst_immpre,EL3,12,26,2,0,Conditional
STRB_32_ldst_pos,EL0,106,250,0,40,Conditional
STRB_32_ldst_pos,EL1,148,238,0,37,Conditional
STRB_32_ldst_pos,EL2,22,135,0,15,Conditional
STRB_32_ldst_pos,EL3,9,18,0,0,Conditional
STRH_32_ldst_immpost,EL0,95,225,0,47,Conditional
STRH_32_ldst_immpost,EL1,148,225,0,42,Conditional
STRH_32_ldst_immpost,EL2,22,159,1,17,Conditional
STRH_32_ldst_immpost,EL3,12,26,2,0,Conditional
STRH_32_ldst_immpre,EL0,98,228,0,42,Conditional
STRH_32_ldst_immpre,EL1,148,220,0,45,Conditional
STRH_32_ldst_immpre,EL2,22,160,1,17,Conditional
STRH_32_ldst_immpre,EL3,12,26,2,0,Conditional
STRH_32_ldst_pos,EL0,106,254,0,38,Conditional
STRH_32_ldst_pos,EL1,148,232,0,39,Conditional
STRH_32_ldst_pos,EL2,22,134,0,15,Conditional
STRH_32_ldst_pos,EL3,9,18,0,0,Conditional
STRH_32_ldst_regoff,EL0,0,313,0,30,Not allowed
STRH_32_ldst_regoff,EL1,0,315,0,31,Not allowed
STRH_32_ldst_regoff,EL2,0,194,0,21,Not allowed
STRH_32_ldst_regoff,EL3,54,108,0,0,Conditional
STR_32_ldst_immpost,EL0,97,225,0,45,Conditional
STR_32_ldst_immpost,EL1,148,224,0,43,Conditional
STR_32_ldst_immpost,EL2,22,158,1,18,Conditional
STR_32_ldst_immpost,EL3,12,26,2,0,Conditional
STR_32_ldst_immpre,EL0,98,224,0,46,Conditional
STR_32_ldst_immpre,EL1,148,224,0,43,Conditional
STR_32_ldst_immpre,EL2,22,159,1,17,Conditional
STR_32_ldst_immpre,EL3,12,26,2,0,Conditional
STR_32_ldst_pos,EL0,106,255,0,37,Conditional
STR_32_ldst_pos,EL1,148,234,0,38,Conditional
STR_32_ldst_pos,EL2,22,134,0,16,Conditional
STR_32_ldst_pos,EL3,9,18,0,0,Conditional
STR_32_ldst_regoff,EL0,0,316,0,29,Not allowed
STR_32_ldst_regoff,EL1,0,319,0,30,Not allowed
STR_32_ldst_regoff,EL2,0,195,0,21,Not allowed
STR_32_ldst_regoff,EL3,54,108,0,0,Conditional
STR_64_ldst_immpost,EL0,94,224,0,49,Conditional
STR_64_ldst_immpost,EL1,148,226,0,42,Conditional
STR_64_ldst_immpost,EL2,22,159,1,18,Conditional
STR_64_ldst_immpost,EL3,12,26,2,0,Conditional
STR_64_ldst_immpre,EL0,94,225,0,48,Conditional
STR_64_ldst_immpre,EL1,148,224,0,43,Conditional
STR_64_ldst_immpre,EL2,22,159,1,18,Conditional
STR_64_ldst_immpre,EL3,12,26,2,0,Conditional
STR_64_ldst_pos,EL0,106,253,0,39,Conditional
STR_64_ldst_pos,EL1,148,236,0,37,Conditional
STR_64_ldst_pos,EL2,22,134,0,16,Conditional
STR_64_ldst_pos,EL3,9,18,0,0,Conditional
STR_64_ldst_regoff,EL0,0,316,0,28,Not allowed
STR_64_ldst_regoff,EL1,0,319,0,29,Not allowed
STR_64_ldst_regoff,EL2,0,194,0,21,Not allowed
STR_64_ldst_regoff,EL3,54,108,0,0,Conditional
STR_BL_ldst_regoff,EL0,0,228,0,13,Not allowed
STR_BL_ldst_regoff,EL1,0,228,0,19,Not allowed
STR_BL_ldst_regoff,EL2,0,119,0,10,Not allowed
STR_BL_ldst_regoff,EL3,18,36,0,0,Conditional
STR_B_ldst_immpost,EL0,83,203,0,50,Conditional
STR_B_ldst_immpost,EL1,95,216,0,42,Conditional
STR_B_ldst_immpost,EL2,22,107,0,15,Conditional
STR_B_ldst_immpost,EL3,3,6,0,0,Conditional
STR_B_ldst_immpre,EL0,86,203,0,39,Conditional
STR_B_ldst_immpre,EL1,99,216,0,35,Conditional
STR_B_ldst_immpre,EL2,22,106,0,16,Conditional
STR_B_ldst_immpre,EL3,3,6,0,0,Conditional
STR_B_ldst_pos,EL0,90,222,0,50,Conditional
STR_B_ldst_pos,EL1,131,319,0,51,Conditional
STR_B_ldst_pos,EL2,22,105,0,16,Conditional
STR_B_ldst_pos,EL3,3,6,0,0,Conditional
STR_B_ldst_regoff,EL0,0,226,0,14,Not allowed
STR_B_ldst_regoff,EL1,0,227,0,14,Not allowed
STR_B_ldst_regoff,EL2,0,120,0,12,Not allowed
STR_B_ldst_regoff,EL3,18,36,0,0,Conditional
STR_D_ldst_immpost,EL0,89,204,0,43,Conditional
STR_D_ldst_immpost,EL1,96,216,0,46,Conditional
STR_D_ldst_immpost,EL2,22,107,0,15,Conditional
STR_D_ldst_immpost,EL3,3,6,0,0,Conditional
STR_D_ldst_immpre,EL0,88,204,0,44,Conditional
STR_D_ldst_immpre,EL1,96,216,0,41,Conditional
STR_D_ldst_immpre,EL2,22,107,0,15,Conditional
STR_D_ldst_immpre,EL3,3,6,0,0,Conditional
STR_D_ldst_pos,EL0,90,224,0,48,Conditional
STR_D_ldst_pos,EL1,107,216,0,35,Conditional
STR_D_ldst_pos,EL2,22,106,0,15,Conditional
STR_D_ldst_pos,EL3,3,6,0,0,Conditional
STR_D_ldst_regoff,EL0,0,228,0,15,Not allowed
STR_D_ldst_regoff,EL1,0,228,0,20,Not allowed
STR_D_ldst_regoff,EL2,0,120,0,9,Not allowed
STR_D_ldst_regoff,EL3,18,36,0,0,Conditional
STR_H_ldst_immpost,EL0,89,204,0,43,Conditional
STR_H_ldst_immpost,EL1,99,216,0,43,Conditional
STR_H_ldst_immpost,EL2,22,107,0,15,Conditional
STR_H_ldst_immpost,EL3,3,6,0,0,Conditional
STR_H_ldst_immpre,EL0,85,204,0,47,Conditional
STR_H_ldst_immpre,EL1,100,216,0,42,Conditional
STR_H_ldst_immpre,EL2,22,108,0,14,Conditional
STR_H_ldst_immpre,EL3,3,6,0,0,Conditional
STR_H_ldst_pos,EL0,90,222,0,50,Conditional
STR_H_ldst_pos,EL1,109,216,0,33,Conditional
STR_H_ldst_pos,EL2,22,105,0,16,Conditional
STR_H_ldst_pos,EL3,3,6,0,0,Conditional
STR_H_ldst_regoff,EL0,0,226,0,14,Not allowed
STR_H_ldst_regoff,EL1,0,228,0,19,Not allowed
STR_H_ldst_regoff,EL2,0,119,0,10,Not allowed
STR_H_ldst_regoff,EL3,18,36,0,0,Conditional
STR_Q_ldst_immpost,EL0,75,84,0,41,Conditional
STR_Q_ldst_immpost,EL1,107,36,0,33,Conditional
STR_Q_ldst_immpost,EL2,5,24,0,22,Conditional
STR_Q_ldst_immpost,EL3,3,6,0,0,Conditional
STR_Q_ldst_immpre,EL0,76,84,0,41,Conditional
STR_Q_ldst_immpre,EL1,107,36,0,40,Conditional
STR_Q_ldst_immpre,EL2,5,24,0,22,Conditional
STR_Q_ldst_immpre,EL3,3,6,0,0,Conditional
STR_Q_ldst_pos,EL0,84,95,0,31,Conditional
STR_Q_ldst_pos,EL1,114,36,0,44,Conditional
STR_Q_ldst_pos,EL2,5,24,0,22,Conditional
STR_Q_ldst_pos,EL3,3,6,0,0,Conditional
STR_Q_ldst_regoff,EL0,0,226,0,15,Not allowed
STR_Q_ldst_regoff,EL1,0,228,0,15,Not allowed
STR_Q_ldst_regoff,EL2,0,119,0,10,Not allowed
STR_Q_ldst_regoff,EL3,18,36,0,0,Conditional
STR_S_ldst_immpost,EL0,89,204,0,43,Conditional
STR_S_ldst_immpost,EL1,99,216,0,43,Conditional
STR_S_ldst_immpost,EL2,22,107,0,15,Conditional
STR_S_ldst_immpost,EL3,3,6,0,0,Conditional
STR_S_ldst_immpre,EL0,87,204,0,45,Conditional
STR_S_ldst_immpre,EL1,98,216,0,36,Conditional
STR_S_ldst_immpre,EL2,22,105,0,16,Conditional
STR_S_ldst_immpre,EL3,3,6,0,0,Conditional
STR_S_ldst_pos,EL0,90,222,0,50,Conditional
STR_S_ldst_pos,EL1,108,216,0,34,Conditional
STR_S_ldst_pos,EL2,22,106,0,16,Conditional
STR_S_ldst_pos,EL3,3,6,0,0,Conditional
STR_S_ldst_regoff,EL0,0,228,0,13,Not allowed
STR_S_ldst_regoff,EL1,0,228,0,19,Not allowed
STR_S_ldst_regoff,EL2,0,120,0,13,Not allowed
STR_S_ldst_regoff,EL3,18,36,0,0,Conditional
STURB_32_ldst_unscaled,EL0,98,229,0,43,Conditional
STURB_32_ldst_unscaled,EL1,148,236,0,38,Conditional
STURB_32_ldst_unscaled,EL2,22,149,0,16,Conditional
STURB_32_ldst_unscaled,EL3,9,18,0,0,Conditional
STURH_32_ldst_unscaled,EL0,98,231,0,42,Conditional
STURH_32_ldst_unscaled,EL1,148,230,0,40,Conditional
STURH_32_ldst_unscaled,EL2,22,149,0,16,Conditional
STURH_32_ldst_unscaled,EL3,9,18,0,0,Conditional
STUR_32_ldst_unscaled,EL0,98,230,0,43,Conditional
STUR_32_ldst_unscaled,EL1,148,231,0,40,Conditional
STUR_32_ldst_unscaled,EL2,22,150,0,15,Conditional
STUR_32_ldst_unscaled,EL3,9,18,0,0,Conditional
STUR_64_ldst_unscaled,EL0,98,231,0,41,Conditional
STUR_64_ldst_unscaled,EL1,148,231,0,39,Conditional
STUR_64_ldst_unscaled,EL2,22,151,0,15,Conditional
STUR_64_ldst_unscaled,EL3,9,18,0,0,Conditional
STUR_B_ldst_unscaled,EL0,90,206,0,42,Conditional
STUR_B_ldst_unscaled,EL1,106,216,0,36,Conditional
STUR_B_ldst_unscaled,EL2,22,109,0,14,Conditional
STUR_B_ldst_unscaled,EL3,3,6,0,0,Conditional
STUR_D_ldst_unscaled,EL0,87,205,0,45,Conditional
STUR_D_ldst_unscaled,EL1,103,216,0,39,Conditional
STUR_D_ldst_unscaled,EL2,22,107,0,15,Conditional
STUR_D_ldst_unscaled,EL3,3,6,0,0,Conditional
STUR_H_ldst_unscaled,EL0,89,205,0,43,Conditional
STUR_H_ldst_unscaled,EL1,96,216,0,38,Conditional
STUR_H_ldst_unscaled,EL2,22,107,0,15,Conditional
STUR_H_ldst_unscaled,EL3,3,6,0,0,Conditional
STUR_Q_ldst_unscaled,EL0,80,84,0,40,Conditional
STUR_Q_ldst_unscaled,EL1,114,36,0,44,Conditional
STUR_Q_ldst_unscaled,EL2,6,24,0,22,Conditional
STUR_Q_ldst_unscaled,EL3,3,6,0,0,Conditional
STUR_S_ldst_unscaled,EL0,90,206,0,42,Conditional
STUR_S_ldst_unscaled,EL1,100,216,0,42,Conditional
STUR_S_ldst_unscaled,EL2,22,109,0,14,Conditional
STUR_S_ldst_unscaled,EL3,3,6,0,0,Conditional
STXP_SP32_ldstexclp,EL0,48,116,2,86,Conditional
STXP_SP32_ldstexclp,EL1,56,114,2,96,Conditional
STXP_SP32_ldstexclp,EL2,0,20,0,32,Not allowed
STXP_SP32_ldstexclp,EL3,288,196,10,22,Conditional
STXP_SP64_ldstexclp,EL0,48,111,2,88,Conditional
STXP_SP64_ldstexclp,EL1,56,114,2,96,Conditional
STXP_SP64_ldstexclp,EL2,0,20,0,31,Not allowed
STXP_SP64_ldstexclp,EL3,288,196,10,22,Conditional
STXRB_SR32_ldstexclr,EL0,112,190,2,79,Conditional
STXRB_SR32_ldstexclr,EL1,156,177,2,78,Conditional
STXRB_SR32_ldstexclr,EL2,0,16,0,32,Not allowed
STXRB_SR32_ldstexclr,EL3,144,62,6,8,Conditional
STXRH_SR32_ldstexclr,EL0,48,117,2,89,Conditional
STXRH_SR32_ldstexclr,EL1,56,114,2,96,Conditional
STXRH_SR32_ldstexclr,EL2,0,20,0,30,Not allowed
STXRH_SR32_ldstexclr,EL3,144,78,6,8,Conditional
STXR_SR32_ldstexclr,EL0,48,113,2,96,Conditional
STXR_SR32_ldstexclr,EL1,58,114,2,95,Conditional
STXR_SR32_ldstexclr,EL2,0,20,0,30,Not allowed
STXR_SR32_ldstexclr,EL3,430,54,4,25,Conditional
STXR_SR64_ldstexclr,EL0,48,116,2,87,Conditional
STXR_SR64_ldstexclr,EL1,65,114,2,92,Conditional
STXR_SR64_ldstexclr,EL2,0,20,0,30,Not allowed
STXR_SR64_ldstexclr,EL3,144,78,6,8,Conditional
SUBS_32S_addsub_ext,EL0,54,0,1,0,Conditional
SUBS_32S_addsub_ext,EL1,54,0,1,0,Conditional
SUBS_32S_addsub_ext,EL2,54,0,1,0,Conditional
SUBS_32S_addsub_ext,EL3,54,0,1,0,Conditional
SUBS_32S_addsub_imm,EL0,18,0,0,0,Allowed
SUBS_32S_addsub_imm,EL1,18,0,0,0,Allowed
SUBS_32S_addsub_imm,EL2,18,0,0,0,Allowed
SUBS_32S_addsub_imm,EL3,18,0,0,0,Allowed
SUBS_32_addsub_shift,EL0,27,0,0,0,Allowed
SUBS_32_addsub_shift,EL1,27,0,0,0,Allowed
SUBS_32_addsub_shift,EL2,27,0,0,0,Allowed
SUBS_32_addsub_shift,EL3,27,0,0,0,Allowed
SUBS_64S_addsub_ext,EL0,54,0,1,0,Conditional
SUBS_64S_addsub_ext,EL1,54,0,1,0,Conditional
SUBS_64S_addsub_ext,EL2,54,0,1,0,Conditional
SUBS_64S_addsub_ext,EL3,54,0,1,0,Conditional
SUBS_64S_addsub_imm,EL0,18,0,0,0,Allowed
SUBS_64S_addsub_imm,EL1,18,0,0,0,Allowed
SUBS_64S_addsub_imm,EL2,18,0,0,0,Allowed
SUBS_64S_addsub_imm,EL3,18,0,0,0,Allowed
SUBS_64_addsub_shift,EL0,27,0,0,0,Allowed
SUBS_64_addsub_shift,EL1,27,0,0,0,Allowed
SUBS_64_addsub_shift,EL2,27,0,0,0,Allowed
SUBS_64_addsub_shift,EL3,27,0,0,0,Allowed
SUB_32_addsub_ext,EL0,54,0,1,0,Conditional
SUB_32_addsub_ext,EL1,54,0,1,0,Conditional
SUB_32_addsub_ext,EL2,54,0,1,0,Conditional
SUB_32_addsub_ext,EL3,54,0,1,0,Conditional
SUB_32_addsub_imm,EL0,18,0,0,0,Allowed
SUB_32_addsub_imm,EL1,18,0,0,0,Allowed
SUB_32_addsub_imm,EL2,18,0,0,0,Allowed
SUB_32_addsub_imm,EL3,18,0,0,0,Allowed
SUB_32_addsub_shift,EL0,27,0,0,0,Allowed
SUB_32_addsub_shift,EL1,27,0,0,0,Allowed
SUB_32_addsub_shift,EL2,27,0,0,0,Allowed
SUB_32_addsub_shift,EL3,27,0,0,0,Allowed
SUB_64_addsub_ext,EL0,54,0,1,0,Conditional
SUB_64_addsub_ext,EL1,54,0,1,0,Conditional
SUB_64_addsub_ext,EL2,54,0,1,0,Conditional
SUB_64_addsub_ext,EL3,54,0,1,0,Conditional
SUB_64_addsub_imm,EL0,18,0,0,0,Allowed
SUB_64_addsub_imm,EL1,18,0,0,0,Allowed
SUB_64_addsub_imm,EL2,18,0,0,0,Allowed
SUB_64_addsub_imm,EL3,18,0,0,0,Allowed
SUB_64_addsub_shift,EL0,27,0,0,0,Allowed
SUB_64_addsub_shift,EL1,27,0,0,0,Allowed
SUB_64_addsub_shift,EL2,27,0,0,0,Allowed
SUB_64_addsub_shift,EL3,27,0,0,0,Allowed
SWPAB_32_memop,EL0,102,207,0,35,Conditional
SWPAB_32_memop,EL1,108,229,0,37,Conditional
SWPAB_32_memop,EL2,39,130,0,19,Conditional
SWPAB_32_memop,EL3,27,18,0,0,Conditional
SWPAH_32_memop,EL0,102,209,0,35,Conditional
SWPAH_32_memop,EL1,108,225,0,38,Conditional
SWPAH_32_memop,EL2,39,125,0,21,Conditional
SWPAH_32_memop,EL3,27,18,0,0,Conditional
SWPALB_32_memop,EL0,102,210,0,34,Conditional
SWPALB_32_memop,EL1,108,227,0,38,Conditional
SWPALB_32_memop,EL2,39,126,0,21,Conditional
SWPALB_32_memop,EL3,27,18,0,0,Conditional
SWPALH_32_memop,EL0,102,210,0,34,Conditional
SWPALH_32_memop,EL1,108,226,0,39,Conditional
SWPALH_32_memop,EL2,39,127,0,20,Conditional
SWPALH_32_memop,EL3,27,18,0,0,Conditional
SWPAL_32_memop,EL0,102,206,0,37,Conditional
SWPAL_32_memop,EL1,108,224,0,39,Conditional
SWPAL_32_memop,EL2,39,125,0,21,Conditional
SWPAL_32_memop,EL3,27,18,0,0,Conditional
SWPAL_64_memop,EL0,108,228,0,40,Conditional
SWPAL_64_memop,EL1,108,229,0,36,Conditional
SWPAL_64_memop,EL2,39,126,0,21,Conditional
SWPAL_64_memop,EL3,27,18,0,0,Conditional
SWPA_32_memop,EL0,102,209,0,35,Conditional
SWPA_32_memop,EL1,108,226,0,38,Conditional
SWPA_32_memop,EL2,39,126,0,21,Conditional
SWPA_32_memop,EL3,27,18,0,0,Conditional
SWPA_64_memop,EL0,105,228,0,41,Conditional
SWPA_64_memop,EL1,108,224,0,40,Conditional
SWPA_64_memop,EL2,39,127,0,20,Conditional
SWPA_64_memop,EL3,27,18,0,0,Conditional
SWPB_32_memop,EL0,102,207,0,36,Conditional
SWPB_32_memop,EL1,108,225,0,38,Conditional
SWPB_32_memop,EL2,39,130,0,19,Conditional
SWPB_32_memop,EL3,27,18,0,0,Conditional
SWPH_32_memop,EL0,102,210,0,34,Conditional
SWPH_32_memop,EL1,108,228,0,37,Conditional
SWPH_32_memop,EL2,39,126,0,21,Conditional
SWPH_32_memop,EL3,27,18,0,0,Conditional
SWPLB_32_memop,EL0,102,207,0,36,Conditional
SWPLB_32_memop,EL1,108,227,0,38,Conditional
SWPLB_32_memop,EL2,39,130,0,18,Conditional
SWPLB_32_memop,EL3,27,18,0,0,Conditional
SWPLH_32_memop,EL0,102,209,0,35,Conditional
SWPLH_32_memop,EL1,108,224,0,39,Conditional
SWPLH_32_memop,EL2,39,127,0,20,Conditional
SWPLH_32_memop,EL3,27,18,0,0,Conditional
SWPL_32_memop,EL0,102,208,0,35,Conditional
SWPL_32_memop,EL1,108,226,0,38,Conditional
SWPL_32_memop,EL2,39,126,0,20,Conditional
SWPL_32_memop,EL3,27,18,0,0,Conditional
SWPL_64_memop,EL0,102,213,0,33,Conditional
SWPL_64_memop,EL1,108,225,0,39,Conditional
SWPL_64_memop,EL2,39,127,0,20,Conditional
SWPL_64_memop,EL3,27,18,0,0,Conditional
SWP_32_memop,EL0,102,211,0,34,Conditional
SWP_32_memop,EL1,108,229,0,37,Conditional
SWP_32_memop,EL2,39,126,0,21,Conditional
SWP_32_memop,EL3,27,18,0,0,Conditional
SWP_64_memop,EL0,102,212,0,34,Conditional
SWP_64_memop,EL1,108,229,0,37,Conditional
SWP_64_memop,EL2,39,126,0,21,Conditional
SWP_64_memop,EL3,27,18,0,0,Conditional
TBNZ_only_testbranch,EL0,9,0,0,0,Allowed
TBNZ_only_testbranch,EL1,9,0,0,0,Allowed
TBNZ_only_testbranch,EL2,9,0,0,0,Allowed
TBNZ_only_testbranch,EL3,9,0,0,0,Allowed
TBZ_only_testbranch,EL0,9,0,0,0,Allowed
TBZ_only_testbranch,EL1,9,0,0,0,Allowed
TBZ_only_testbranch,EL2,9,0,0,0,Allowed
TBZ_only_testbranch,EL3,9,0,0,0,Allowed
TSB_HC_hints,EL0,1,0,0,0,Allowed
TSB_HC_hints,EL1,1,0,0,0,Allowed
TSB_HC_hints,EL2,1,0,0,0,Allowed
TSB_HC_hints,EL3,1,0,0,0,Allowed
UBFM_32M_bitfield,EL0,9,0,0,0,Allowed
UBFM_32M_bitfield,EL1,9,0,0,0,Allowed
UBFM_32M_bitfield,EL2,9,0,0,0,Allowed
UBFM_32M_bitfield,EL3,9,0,0,0,Allowed
UBFM_64M_bitfield,EL0,9,0,0,0,Allowed
UBFM_64M_bitfield,EL1,9,0,0,0,Allowed
UBFM_64M_bitfield,EL2,9,0,0,0,Allowed
UBFM_64M_bitfield,EL3,9,0,0,0,Allowed
UMADDL_64WA_dp_3src,EL0,81,0,0,0,Allowed
UMADDL_64WA_dp_3src,EL1,81,0,0,0,Allowed
UMADDL_64WA_dp_3src,EL2,81,0,0,0,Allowed
UMADDL_64WA_dp_3src,EL3,81,0,0,0,Allowed
UMAX_32U_minmax_imm,EL0,9,0,0,0,Allowed
UMAX_32U_minmax_imm,EL1,9,0,0,0,Allowed
UMAX_32U_minmax_imm,EL2,9,0,0,0,Allowed
UMAX_32U_minmax_imm,EL3,9,0,0,0,Allowed
UMAX_32_dp_2src,EL0,27,0,0,0,Allowed
UMAX_32_dp_2src,EL1,27,0,0,0,Allowed
UMAX_32_dp_2src,EL2,27,0,0,0,Allowed
UMAX_32_dp_2src,EL3,27,0,0,0,Allowed
UMAX_64U_minmax_imm,EL0,9,0,0,0,Allowed
UMAX_64U_minmax_imm,EL1,9,0,0,0,Allowed
UMAX_64U_minmax_imm,EL2,9,0,0,0,Allowed
UMAX_64U_minmax_imm,EL3,9,0,0,0,Allowed
UMAX_64_dp_2src,EL0,27,0,0,0,Allowed
UMAX_64_dp_2src,EL1,27,0,0,0,Allowed
UMAX_64_dp_2src,EL2,27,0,0,0,Allowed
UMAX_64_dp_2src,EL3,27,0,0,0,Allowed
UMIN_32U_minmax_imm,EL0,9,0,0,0,Allowed
UMIN_32U_minmax_imm,EL1,9,0,0,0,Allowed
UMIN_32U_minmax_imm,EL2,9,0,0,0,Allowed
UMIN_32U_minmax_imm,EL3,9,0,0,0,Allowed
UMIN_32_dp_2src,EL0,27,0,0,0,Allowed
UMIN_32_dp_2src,EL1,27,0,0,0,Allowed
UMIN_32_dp_2src,EL2,27,0,0,0,Allowed
UMIN_32_dp_2src,EL3,27,0,0,0,Allowed
UMIN_64U_minmax_imm,EL0,9,0,0,0,Allowed
UMIN_64U_minmax_imm,EL1,9,0,0,0,Allowed
UMIN_64U_minmax_imm,EL2,9,0,0,0,Allowed
UMIN_64U_minmax_imm,EL3,9,0,0,0,Allowed
UMIN_64_dp_2src,EL0,27,0,0,0,Allowed
UMIN_64_dp_2src,EL1,27,0,0,0,Allowed
UMIN_64_dp_2src,EL2,27,0,0,0,Allowed
UMIN_64_dp_2src,EL3,27,0,0,0,Allowed
UMSUBL_64WA_dp_3src,EL0,81,0,0,0,Allowed
UMSUBL_64WA_dp_3src,EL1,81,0,0,0,Allowed
UMSUBL_64WA_dp_3src,EL2,81,0,0,0,Allowed
UMSUBL_64WA_dp_3src,EL3,81,0,0,0,Allowed
UMULH_64_dp_3src,EL0,27,0,0,0,Allowed
UMULH_64_dp_3src,EL1,27,0,0,0,Allowed
UMULH_64_dp_3src,EL2,27,0,0,0,Allowed
UMULH_64_dp_3src,EL3,27,0,0,0,Allowed
WFET_only_systeminstrswithreg,EL0,6,12,0,0,Conditional
WFET_only_systeminstrswithreg,EL1,9,6,0,0,Conditional
WFET_only_systeminstrswithreg,EL2,9,6,0,0,Conditional
WFET_only_systeminstrswithreg,EL3,9,6,0,0,Conditional
WFIT_only_systeminstrswithreg,EL0,0,12,0,0,Not allowed
WFIT_only_systeminstrswithreg,EL1,6,6,0,0,Conditional
WFIT_only_systeminstrswithreg,EL2,6,6,0,0,Conditional
WFIT_only_systeminstrswithreg,EL3,6,6,0,0,Conditional
XAFLAG_M_pstate,EL0,0,1,0,0,Not allowed
XAFLAG_M_pstate,EL1,0,1,0,0,Not allowed
XAFLAG_M_pstate,EL2,0,1,0,0,Not allowed
XAFLAG_M_pstate,EL3,0,1,0,0,Not allowed
YIELD_HI_hints,EL0,1,0,0,0,Allowed
YIELD_HI_hints,EL1,1,0,0,0,Allowed
YIELD_HI_hints,EL2,1,0,0,0,Allowed
YIELD_HI_hints,EL3,1,0,0,0,Allowed
